pl_name,pl_rade,pl_insol,star_class,final_score
11 Com b,12.2,68.5387,K,0.2186596435901711
11 UMi b,12.3,114.8502,K,0.19076427693200304
14 And b,13.1,115.1634,K,0.18830960464549762
14 Her b,12.5,0.0873,G (Sun-like),0.30594377614453083
16 Cyg B b,13.5,0.454,G (Sun-like),0.4822099559829065
17 Sco b,12.9,85.4316,K,0.20401372884886299
18 Del b,12.5,7.0173,K,0.40694316980669015
24 Boo b,13.9,2001.2754,K,0.10026464581349975
24 Sex b,13.4,8.2099,K,0.3838347307520232
24 Sex c,13.9,3.3719,K,0.4791028350387813
2MASS J19383260+4603591 b,13.4,33.2985,A (hot),0.2107048064270574
4 UMa b,12.6,150.0929,K,0.17745592772075114
47 UMa b,13.2,0.3576,G (Sun-like),0.4570575184921023
47 UMa c,14.2,0.1217,G (Sun-like),0.3286423104227211
47 UMa d,13.5,0.0117,G (Sun-like),0.15214619853642583
51 Peg b,14.1,506.1775,G (Sun-like),0.0809728871681261
55 Cnc B b,1.69,4.0271,M (red dwarf),0.6656003074862099
55 Cnc B c,2.16,0.4613,M (red dwarf),0.7472719029561076
55 Cnc b,13.9,45.6336,K,0.2373921226504988
55 Cnc c,8.51,10.4149,K,0.3985437993671486
55 Cnc d,13.0,0.0203,K,0.2358131347026372
55 Cnc e,1.875,2657.8322,K,0.12274454551408767
55 Cnc f,7.59,0.9879,K,0.708684514870006
6 Lyn b,13.4,3.1949,K,0.4896106171829592
61 Vir b,2.11,318.8418,G (Sun-like),0.14927600682559594
61 Vir c,4.46,16.9856,G (Sun-like),0.3482013242137454
61 Vir d,5.11,3.5464,G (Sun-like),0.5456933071603904
7 CMa b,13.4,3.7372,K,0.471296775139496
7 CMa c,13.9,2.4917,K,0.5142298238743234
70 Vir b,12.6,12.2183,G (Sun-like),0.29900881845501776
75 Cet b,13.3,14.175,K,0.3308589265680371
75 Cet c,13.9,3.3569,K,0.4796193201465701
8 UMi b,13.5,247.8402,K,0.1550974011704841
81 Cet b,13.1,13.0071,K,0.3400044886637522
91 Aqr b,13.1,100.506,K,0.1949954920853726
AF Lep b,13.0,0.0241,F,0.19705782900161417
AU Mic b,4.79,21.2,M (red dwarf),0.3181025243477643
AU Mic c,2.79,7.3,M (red dwarf),0.5064826118121889
BD+03 2562 b,12.7,296.5605,K,0.15033150750601348
BD+14 4559 b,13.8,0.7867,K,0.5906853318292326
BD+15 2375 b,13.8,111.9838,K,0.1877443507299449
BD+15 2940 b,13.7,352.2269,K,0.14260827343240023
BD+20 2457 b,12.1,703.4998,K,0.12515768975811523
BD+20 2457 c,12.4,366.1069,K,0.14381057288197457
BD+20 274 b,13.0,53.9651,K,0.2300848171449683
BD+20 594 b,2.57807,15.1513,G (Sun-like),0.4078415893349182
BD+37 3172 b,12.4,31.9959,K,0.2680058698168072
BD+42 2315 b,14.2,335.1294,K,0.14333646523195312
BD+45 564 b,13.6,0.579,K,0.5591165736165083
BD+48 738 b,13.9,48.9779,K,0.23290419208835994
BD+48 740 b,13.5,15.1044,K,0.32398928211343636
BD+49 828 b,13.5,1.673,K,0.563705873203198
BD+55 362 b,14.0,0.7996,K,0.5903335306829522
BD+63 1405 b,12.4,0.0911,K,0.36081932798588995
BD-06 1339 c,8.38,0.5024,K,0.6092019251068724
BD-08 2823 c,12.5,0.5117,K,0.5562340517941988
BD-10 3166 b,14.1,402.4216,G (Sun-like),0.08772632080150246
BD-11 4672 b,14.1,0.0282,K,0.2534724644830125
BD-11 4672 c,4.04,1.7444,K,0.7378674366646822
BD-13 2130 b,12.5,40.0372,K,0.251556459454078
BD-14 3065 b,21.59,646.761,F,0.06626630309501128
BD-17 63 b,12.8,0.1169,K,0.3835942718077645
BD-210397 b,14.0,0.02,K,0.23126688714866156
BD-210397 c,12.9,0.0039,K,0.15511768373426008
BEBOP-3 b,14.2,1.159,F,0.5461855420718614
Barnard b,0.72,6.76,M (red dwarf),0.5914480427209495
Barnard c,0.743,4.7285,M (red dwarf),0.6611527105110943
Barnard d,0.694,10.0441,M (red dwarf),0.519523934101474
Barnard e,0.637,2.4456,M (red dwarf),0.769639256302586
CD Cet b,1.82,8.6,M (red dwarf),0.5236463971652741
CI Tau c,13.0,19.2542,K,0.3054037526938383
COCONUTS-2 b,12.57647635,0.0,M (red dwarf),0.0
CoRoT-1 b,16.7,2852.63,G (Sun-like),0.042275863269127995
CoRoT-10 b,10.87,16.1089,K,0.33399314785488027
CoRoT-11 b,16.03,1890.649,F,0.04935869607447344
CoRoT-12 b,16.14,661.1334,G (Sun-like),0.07114265041918479
CoRoT-13 b,9.92,546.5339,G (Sun-like),0.08646030050990984
CoRoT-14 b,12.22,1803.4781,F,0.053936159200219415
CoRoT-16 b,13.11,96.1756,G (Sun-like),0.14719525746463832
CoRoT-17 b,11.43,640.9232,G (Sun-like),0.07881533038191464
CoRoT-18 b,14.68,823.7009,G (Sun-like),0.0675735377551062
CoRoT-19 b,14.46,1103.809,F,0.061246153926764586
CoRoT-2 b,16.432,932.9076,G (Sun-like),0.06277167564119014
CoRoT-20 b,9.41556,180.8704,G (Sun-like),0.12888363948178838
CoRoT-20 c,12.2,0.1759,G (Sun-like),0.3828281670563999
CoRoT-21 b,14.5717,2915.5997,F,0.04351423870947524
CoRoT-22 b,4.88,121.8837,G (Sun-like),0.1740037113570206
CoRoT-23 b,11.77,530.0221,G (Sun-like),0.08357958934478017
CoRoT-24 b,3.7,79.826,K,0.2647648868160344
CoRoT-24 c,5.0,26.0656,K,0.3437884785851905
CoRoT-25 b,12.11,414.1434,F,0.0904207139551143
CoRoT-26 b,14.12,1021.0065,G (Sun-like),0.06333926311150671
CoRoT-27 b,11.287,300.8697,G (Sun-like),0.10297342179482583
CoRoT-28 b,10.704595,672.7522,K,0.1288310674052214
CoRoT-29 b,10.0881,540.3673,G (Sun-like),0.08642662564024645
CoRoT-3 b,11.32,735.4472,F,0.07530614742327535
CoRoT-30 b,11.309881,89.2872,G (Sun-like),0.1570227337064779
CoRoT-31 b,16.36514,727.7611,G (Sun-like),0.06853949826991083
CoRoT-32 b,6.38913,132.26,G (Sun-like),0.158474730367596
CoRoT-35 b,18.83108758,1251.8629,F,0.05459389037185095
CoRoT-36 b,15.80466279,1491.0287,F,0.05383745746450814
CoRoT-4 b,13.34,203.9517,F,0.11283907188492612
CoRoT-5 b,15.558,786.2949,F,0.06762210700149082
CoRoT-6 b,13.068,145.1436,F,0.12771293755213894
CoRoT-7 b,1.68135,1773.7952,G (Sun-like),0.08548135779404996
CoRoT-7 c,2.83,242.7184,G (Sun-like),0.15471466640863707
CoRoT-8 b,6.39,100.3041,K,0.2244298970248511
CoRoT-9 b,11.948794,3.444,G (Sun-like),0.4440662559637392
DE CVn b,12.4,0.0008,M (red dwarf),0.06107860666755234
DMPP-1 b,4.26,103.0711,F,0.19037396683916222
DMPP-1 c,3.31,220.4556,F,0.15469550403656362
DMPP-1 d,2.02,1045.9594,F,0.09939776616906047
DMPP-1 e,1.86,492.4756,F,0.13135503923639724
DMPP-2 b,14.2,288.2234,F,0.09837775896617276
DMPP-2 c,8.26,553.7504,F,0.09020606693888068
DMPP-2 d,11.6,61.9324,F,0.17698743646150772
DMPP-3 A b,1.44,142.7812,K,0.31161780743725875
DMPP-4 b,3.53,1222.8464,F,0.08384200191839154
DMPP-6 b,2.28,340.697,F,0.14366652716800718
DMPP-6 c,3.74,42.4847,F,0.2661579559044916
DMPP-7 b,9.13,800.5908,G (Sun-like),0.07729864870836216
DMPP-8 b,10.8,17.7838,F,0.2753236166156514
DMPP-9 b,3.89,176.6011,F,0.1612111382715013
DP Leo b,12.7,0.0001,A (hot),0.02932064272548154
DS Tuc A b,5.7,115.8276,G (Sun-like),0.17064038378758228
EPIC 201170410.02,1.047,10.3359,M (red dwarf),0.5912848352153496
EPIC 201595106 b,1.565,2852.0,G (Sun-like),0.07331764839651943
EPIC 201757695.02,0.90819,494.202,K,0.19324630037441726
EPIC 201841433 b,1.04,189.3706,K,0.3018596388835927
EPIC 205950854 c,1.31,201.37687980252343,G (Sun-like),0.24070773996578837
EPIC 211822797 b,1.92,3.5,K,0.725920401010993
EPIC 211945201 b,5.76,101.0,F,0.17848806394395514
EPIC 212297394 b,1.48,412.21082546425447,K,0.2455711210116926
EPIC 212297394 c,2.27,133.01813251337248,K,0.24952654898949939
EPIC 212587672 b,1.26,77.25497570191929,F,0.31761099683914973
EPIC 212587672 c,2.32,44.33460594498228,F,0.2903215324441991
EPIC 212737443 b,2.586,18.4919,K,0.43162881150831606
EPIC 212737443 c,2.69,2.2653,K,0.757421821206448
EPIC 220674823 b,1.606,4467.0,G (Sun-like),0.06238235020837544
EPIC 220674823 c,2.712,70.0,G (Sun-like),0.24036728300732532
EPIC 228836835 b,1.1,178.44440178519454,K,0.304383615922729
EPIC 229004835 b,2.332,69.7,G (Sun-like),0.24824832649522516
EPIC 246851721 b,11.780659,642.0,F,0.07814703971109
EPIC 248847494 b,12.44199,0.19,K,0.43964064556198984
EPIC 249893012 b,1.95,1037.0,G (Sun-like),0.10036578805708338
EPIC 249893012 c,3.67,160.0,G (Sun-like),0.1690478609072758
EPIC 249893012 d,3.94,53.0,G (Sun-like),0.24383949536144373
G 192-15 b,1.02,7.06,M (red dwarf),0.6622258210542415
G 192-15 c,3.87,0.0016,M (red dwarf),0.10385018551350829
G 261-6 b,1.1,1.8,M (red dwarf),0.926629814892998
G 264-012 b,1.39,20.5,M (red dwarf),0.4639588621278092
G 264-012 c,1.76,3.87,M (red dwarf),0.6681282304940984
G 9-40 b,1.9,6.27,M (red dwarf),0.5725765719146794
GJ 1002 b,1.03,0.67,M (red dwarf),0.9719196940721547
GJ 1002 c,1.1,0.257,M (red dwarf),0.7711586120730767
GJ 1061 b,1.04,3.8,M (red dwarf),0.7819392159024925
GJ 1061 c,1.19,1.4,M (red dwarf),0.9642259404959983
GJ 1061 d,1.16,0.6,M (red dwarf),0.9345974271145572
GJ 1132 b,1.19151465,19.3,M (red dwarf),0.48293060288119594
GJ 1132 c,1.52,2.1053,M (red dwarf),0.8026360204482739
GJ 1137 c,2.11,58.4,K,0.31908660580317877
GJ 1148 b,11.9,0.4906,M (red dwarf),0.5078251778098707
GJ 1148 c,9.71,0.0163,M (red dwarf),0.1859824804691455
GJ 1151 c,3.25,0.0102,M (red dwarf),0.20584043208270836
GJ 1214 b,2.733,17.2,M (red dwarf),0.38644930832279134
GJ 1252 b,1.193,233.0,M (red dwarf),0.23396384881488308
GJ 1265 b,2.63,5.3846,M (red dwarf),0.562061536603966
GJ 1289 b,2.38,0.0754,M (red dwarf),0.432955486490273
GJ 143 b,2.61,7.0423,K,0.5692558528044531
GJ 15 A b,1.55,4.2691,M (red dwarf),0.6647867295542477
GJ 15 A c,6.67,0.0008,M (red dwarf),0.07160565308787606
GJ 160.2 b,3.17,56.9598,K,0.29964384573107367
GJ 163 b,3.25,5.3165,M (red dwarf),0.5393819723366129
GJ 163 c,2.5,1.2457,M (red dwarf),0.8186938838616968
GJ 163 d,5.92,0.0184,M (red dwarf),0.21960317340499524
GJ 179 b,13.8,0.0028,M (red dwarf),0.0919834629117065
GJ 180 b,2.43,1.5359,M (red dwarf),0.7891307734544759
GJ 180 c,2.41,0.7812,M (red dwarf),0.8204202874010902
GJ 180 d,2.66,0.1362,M (red dwarf),0.5106399052428174
GJ 2030 b,2.03,3542.7587,G (Sun-like),0.06480827295055737
GJ 2030 c,12.3,0.0146,G (Sun-like),0.168335854858317
GJ 2056 b,4.17,1.5537,K,0.7503252511585218
GJ 2126 b,13.6,0.2833,K,0.47627014473623286
GJ 229 A c,2.87,0.1899,M (red dwarf),0.5555350915717946
GJ 229 b,3.97,0.0237,M (red dwarf),0.2632048886513951
GJ 238 b,0.566,229.4579,M (red dwarf),0.17309479914315715
GJ 251 b,1.79,2.37,M (red dwarf),0.7576809776956572
GJ 251 c,1.8,0.404,M (red dwarf),0.7488054529754523
GJ 27.1 b,3.66,2.5488,M (red dwarf),0.6428883079476019
GJ 273 b,1.51,1.06,M (red dwarf),0.9276699943553166
GJ 273 c,1.06,6.66,M (red dwarf),0.6697575413563789
GJ 3021 b,13.1,2.7517,G (Sun-like),0.45988237335059196
GJ 3082 b,2.79,5.521,K,0.6011018924050131
GJ 3090 b,2.18,45.4,K,0.34152850456386524
GJ 3090 c,3.14,4.58,K,0.6175275913919049
GJ 3138 b,1.18,118.1,K,0.3334128868763533
GJ 3138 c,1.88,13.9,K,0.49628469602724556
GJ 3138 d,3.23,0.1,K,0.4947946989942892
GJ 317 b,13.3,0.0159,M (red dwarf),0.16981436832567967
GJ 317 c,13.6,0.0008,M (red dwarf),0.059603728109671364
GJ 3222 b,3.4,67.5954,G (Sun-like),0.23177510522582181
GJ 328 b,13.3,0.0049,K,0.16290389077974965
GJ 328 c,4.91,0.1927,K,0.5445091007446945
GJ 3293 b,5.19,1.07,M (red dwarf),0.7160322632726748
GJ 3293 c,4.87,0.17,M (red dwarf),0.47740202767918605
GJ 3293 d,2.67,0.59,M (red dwarf),0.7577630588735044
GJ 3293 e,1.63,3.34,M (red dwarf),0.7052535056317232
GJ 3323 b,1.23,2.58,M (red dwarf),0.8407297922054703
GJ 3323 c,1.32,0.17,M (red dwarf),0.6719880522540214
GJ 3341 b,2.46,3.6578,M (red dwarf),0.6362884886315512
GJ 3378 b,1.32,0.91,M (red dwarf),0.9925247870032001
GJ 338 B b,3.25,3.9278,K,0.6383484674936204
GJ 341 b,0.88,13.8,K,0.5370852982167351
GJ 3470 b,4.57,29.6584,M (red dwarf),0.28727180055938983
GJ 3473 b,1.264,59.4,M (red dwarf),0.34285412004059435
GJ 3473 c,2.63,1.95,M (red dwarf),0.7364494692555297
GJ 3512 b,14.3,0.0138,M (red dwarf),0.15863220802877323
GJ 3512 c,14.3,0.0005,M (red dwarf),0.04989769780095777
GJ 357 b,1.2,12.6,M (red dwarf),0.5475365212610185
GJ 357 c,1.66,4.45,M (red dwarf),0.6491185272438657
GJ 357 d,2.34,0.38,M (red dwarf),0.7012177207386113
GJ 3634 b,2.83,24.2793,M (red dwarf),0.34195946685473033
GJ 367 b,0.736,579.0,M (red dwarf),0.13114228792288926
GJ 3779 b,2.75,12.8254,M (red dwarf),0.42493053402578307
GJ 3929 b,1.09,17.3,M (red dwarf),0.505045133659612
GJ 3929 c,2.26,1.68,M (red dwarf),0.7853076955779885
GJ 393 b,1.17,9.21,M (red dwarf),0.6022096774601619
GJ 3942 b,2.57,20.5207,K,0.4190998493611659
GJ 3988 b,1.74,2.45,M (red dwarf),0.7553677754594804
GJ 3998 b,1.39,48.0,K,0.4102715944370394
GJ 3998 c,2.5,5.4,K,0.6174553092240227
GJ 3998 d,2.34,1.2,K,0.8856768393225407
GJ 411 b,1.45,3.13,K,0.8322496876886235
GJ 414 A b,2.63,2.2033,K,0.7655195333671732
GJ 414 A c,8.4,0.0607,K,0.35128065839667716
GJ 422 b,3.33,0.8928,M (red dwarf),0.7861986718080991
GJ 4274 b,1.53,14.7,M (red dwarf),0.454673686000193
GJ 4274 c,2.83,0.1,M (red dwarf),0.45756727553222476
GJ 4276 b,4.22,2.9298,M (red dwarf),0.6006041061049395
GJ 433 b,2.33,5.2029,M (red dwarf),0.5819012200808887
GJ 433 c,6.27,0.0009,M (red dwarf),0.0757643457341772
GJ 433 d,2.14,0.6312,M (red dwarf),0.8039147918330081
GJ 436 b,4.17,29.4322,M (red dwarf),0.29419993345558015
GJ 463 b,13.1,0.0024,M (red dwarf),0.0883763710592099
GJ 480 b,2.91,5.929,M (red dwarf),0.5347477610920658
GJ 486 b,1.289,39.2,M (red dwarf),0.38664787524060007
GJ 514 b,2.13,0.28,K,0.7090308313952021
GJ 536 b,2.41,9.9,M (red dwarf),0.47448203640408654
GJ 536 c,2.3,1.692,M (red dwarf),0.7813602342986201
GJ 581 b,4.79,7.7669,M (red dwarf),0.4403464891645174
GJ 581 c,2.5,2.3985,M (red dwarf),0.7081807355982047
GJ 581 e,1.38,15.783,M (red dwarf),0.5019862845174153
GJ 625 b,1.49,2.0787,M (red dwarf),0.8578089363654834
GJ 649 b,10.8,0.0352,K,0.28534182406447967
GJ 674 b,3.33,10.5165,M (red dwarf),0.4348032860287466
GJ 676 A b,12.8,0.0301,K,0.2634415644988976
GJ 676 A c,12.3,0.001,K,0.11617659270082194
GJ 676 A d,1.78,59.6154,K,0.3258654037155439
GJ 676 A e,2.47,2.7678,K,0.7347458397140864
GJ 680 b,12.0,0.0003,M (red dwarf),0.04371465315420753
GJ 682 b,1.93,0.3125,M (red dwarf),0.6917664953601337
GJ 682 c,2.89,0.0646,M (red dwarf),0.3954435812125239
GJ 685 b,2.95,3.0917,K,0.6911469056096956
GJ 687 b,4.32,0.801,M (red dwarf),0.7262912519378009
GJ 687 c,4.14,0.0157,M (red dwarf),0.22632187284860472
GJ 720 A b,3.77,4.2846,K,0.6055486122473228
GJ 724 b,3.27,23.32,K,0.3860429999746072
GJ 740 b,1.53,79.0,K,0.307148031010035
GJ 806 b,1.331,130.0,M (red dwarf),0.2714927655774719
GJ 806 c,2.28,9.5,M (red dwarf),0.486086709816956
GJ 832 b,13.8,0.0019,M (red dwarf),0.0803349794415089
GJ 849 b,13.9,0.0048,M (red dwarf),0.11079050057072921
GJ 849 c,13.8,0.001,M (red dwarf),0.06419150103870584
GJ 86 b,12.9,33.7048,K,0.261962233964913
GJ 876 b,13.3,0.2857,M (red dwarf),0.4297867133294081
GJ 876 c,14.0,0.7384,M (red dwarf),0.5318849839098515
GJ 876 d,2.51,28.6429,M (red dwarf),0.3315654563600722
GJ 876 e,3.92,0.111,M (red dwarf),0.44035924140447885
GJ 887 b,1.8,7.8,M (red dwarf),0.5409349883524662
GJ 887 c,2.43,2.5,M (red dwarf),0.7049712523896725
GJ 887 d,2.34,0.81,M (red dwarf),0.8311292363510364
GJ 887 e,1.12,20.9,M (red dwarf),0.4755914423116895
GJ 896 A b,13.3,0.0429,M (red dwarf),0.23815428239284683
GJ 9066 c,9.6,0.0033,M (red dwarf),0.10713243358563952
GJ 9404 b,3.48,11.2454,K,0.47145311843378646
GJ 96 b,4.67,1.0486,K,0.7868394446002648
GJ 9689 b,3.07,4.8635,K,0.6104859305388297
GJ 9714 b,12.5,0.0009,K,0.11351218592557019
GJ 9773 b,14.2,0.0021,M (red dwarf),0.08256319791202285
GJ 9827 b,1.44,318.0,K,0.26011101389131364
GJ 9827 c,1.13,73.0,K,0.3775458630535734
GJ 9827 d,1.98,34.9,K,0.3748772908984571
GPX-1 b,16.47720163,4650.0,F,0.03576089157369302
Gaia-1 b,13.77583728,426.5351,G (Sun-like),0.08649511439707203
Gaia-2 b,14.81827249,512.0235,G (Sun-like),0.07958764910999942
Gl 378 b,3.66,38.5823,K,0.32640042206312975
Gl 410 b,2.83,20.4555,K,0.41216282798560144
Gl 49 b,2.24,6.0291,K,0.6113501159385075
Gl 686 b,2.46,3.5638,M (red dwarf),0.6408450700473622
Gl 725 A b,1.48,3.3572,M (red dwarf),0.7661643442931828
Gliese 12 b,0.93,1.62,M (red dwarf),0.9002899509196424
HAT-P-1 b,14.784671,259.687,G (Sun-like),0.10092880680517698
HAT-P-11 b,4.36,100.77,K,0.24084252812572937
HAT-P-11 c,13.2,0.0161,K,0.22088862985908753
HAT-P-12 b,10.749,118.075,K,0.19443305024466395
HAT-P-14 b,15.91678,1038.78,F,0.060975306424011985
HAT-P-15 b,11.88154,79.7578,G (Sun-like),0.16117536423102038
HAT-P-17 b,11.76945,110.512,G (Sun-like),0.14432195750313298
HAT-P-17 c,13.1,0.0164,G (Sun-like),0.17232540872022387
HAT-P-18 b,11.153,82.2407,K,0.21214432274031886
HAT-P-19 b,11.29865255,154.0,K,0.1799955710528282
HAT-P-2 b,10.659759,588.518,F,0.08269391324813258
HAT-P-20 b,9.718,85.1168,K,0.21606987870923383
HAT-P-21 b,12.44199,459.542,G (Sun-like),0.0865760356551602
HAT-P-22 b,12.89035,325.569,G (Sun-like),0.09673631811509745
HAT-P-23 b,15.334,2796.2342,G (Sun-like),0.04355796482296484
HAT-P-24 b,14.5717,1294.929,F,0.05780093400623781
HAT-P-25 b,12.722215,325.0,G (Sun-like),0.09713192249432945
HAT-P-26 b,7.06167,185.0743,K,0.1875411590099309
HAT-P-27 b,11.43,336.0384,G (Sun-like),0.09875111115365
HAT-P-28 b,13.585,554.7122,G (Sun-like),0.07920329287603607
HAT-P-29 b,13.11453,433.0,F,0.08717214084786291
HAT-P-3 b,10.53646,176.587,K,0.17623199808930134
HAT-P-31 b,12.21781,746.9025,F,0.07341382355021095
HAT-P-32 b,22.19382,1841.0,F,0.04562171190853529
HAT-P-33 b,20.73665,1701.38,F,0.047773204626345156
HAT-P-34 b,13.417173,433.78,F,0.086592219321996
HAT-P-35 b,14.930388,999.6688,F,0.0628663014659171
HAT-P-36 b,14.313893,1821.0,G (Sun-like),0.051548106659611195
HAT-P-37 b,13.204,412.3914,G (Sun-like),0.08850962586739433
HAT-P-38 b,9.247,243.0337,G (Sun-like),0.11682251342089313
HAT-P-39 b,17.609,1915.6934,F,0.04790596087178128
HAT-P-4 b,14.28,1438.0,G (Sun-like),0.05602187154908685
HAT-P-40 b,17.03768,1747.4151,F,0.049913377919800106
HAT-P-41 b,22.97845,2485.0721,F,0.04068883263133735
HAT-P-42 b,14.348,684.0973,G (Sun-like),0.07254642192137764
HAT-P-43 b,13.63,521.877,G (Sun-like),0.08083874744659456
HAT-P-44 b,13.922,185.119,G (Sun-like),0.11539489423189159
HAT-P-44 c,13.0,0.2084,G (Sun-like),0.39568355996978377
HAT-P-45 b,15.984,1052.239,F,0.06063288406615049
HAT-P-46 b,14.392,1405.4798,F,0.05635445212487974
HAT-P-49 b,17.82231,4392.03,F,0.03571945347350008
HAT-P-5 b,13.56289,850.6754,G (Sun-like),0.06823898429599944
HAT-P-50 b,14.437192,2108.4362,F,0.0488600426781221
HAT-P-51 b,13.50682174,310.0,G (Sun-like),0.09719407991071875
HAT-P-52 b,11.309881,227.759,K,0.16340947301553002
HAT-P-53 b,14.773462,1400.0226,G (Sun-like),0.05603882829167141
HAT-P-54 b,10.581296,88.6713,K,0.2101601781075933
HAT-P-55 b,14.84069045,583.0,G (Sun-like),0.0760280637449862
HAT-P-56 b,16.92559,3515.0,F,0.03915588174551689
HAT-P-57 b,19.50366,2726.6328,F,0.041186703581877364
HAT-P-58 b,14.93036229,1146.0,F,0.059933900148388654
HAT-P-59 b,12.58768533,441.4,G (Sun-like),0.08753309687256852
HAT-P-6 b,16.58932,1099.44,F,0.05911665319377109
HAT-P-60 b,18.28184752,1634.0,F,0.05013666807210798
HAT-P-61 b,10.07687365,849.5,G (Sun-like),0.07380896806421072
HAT-P-62 b,12.02723629,867.2,G (Sun-like),0.06996876702350277
HAT-P-63 b,12.5428494,387.4,G (Sun-like),0.09169991980047562
HAT-P-64 b,19.08889413,1611.0,F,0.04980051289539081
HAT-P-65 b,18.05766791,1821.0,G (Sun-like),0.04843309658509534
HAT-P-66 b,17.82231,1939.51,F,0.04754465547677181
HAT-P-67 b,23.9872187,2029.17,F,0.04316861334712521
HAT-P-68 b,12.016048,184.8,K,0.1700498145587956
HAT-P-69 b,18.786284,2320.18,F,0.044024268886441086
HAT-P-7 b,16.92559,4353.408,F,0.03633196772743894
HAT-P-70 b,20.96083,5405.6,A (hot),0.03178781446029496
HAT-P-8 b,15.6926,1519.9645,F,0.053578806340449224
HAT-P-9 b,15.614137,931.0,F,0.06368282322120515
HATS-1 b,14.594,489.9461,G (Sun-like),0.0811520165663412
HATS-10 b,10.861521,836.8558,G (Sun-like),0.07276370261335728
HATS-11 b,18.03,1027.296,F,0.059193312125524485
HATS-12 b,7.76,566.4817,F,0.09091953912716422
HATS-13 b,13.585308,315.9878,G (Sun-like),0.09639915082194121
HATS-14 b,11.646151,505.884,G (Sun-like),0.0851878994837467
HATS-15 b,12.385945,2201.3363,G (Sun-like),0.050124470619318046
HATS-16 b,14.5717,994.8095,G (Sun-like),0.06338355391719924
HATS-17 b,8.709393,72.7,G (Sun-like),0.18038095573715185
HATS-18 b,14.896761,2990.0,G (Sun-like),0.04287906817140849
HATS-2 b,12.57647635,950.0563,G (Sun-like),0.06697882949674197
HATS-22 b,10.682177,111.299,K,0.19766521709148088
HATS-23 b,20.84874,994.8004,G (Sun-like),0.057551575943364124
HATS-24 b,15.636555,2706.9606,F,0.04382542726091045
HATS-25 b,14.12334,454.8721,G (Sun-like),0.0840154955678411
HATS-26 b,19.61575,2236.5716,F,0.04407429388671579
HATS-27 b,16.8135,1342.5733,F,0.05492866336336524
HATS-28 b,13.383546,407.8485,G (Sun-like),0.08853508400729744
HATS-29 b,14.022459,356.0,G (Sun-like),0.09169570180787702
HATS-3 b,15.48,1212.0044,F,0.05820622201240627
HATS-30 b,13.170575,718.9097,G (Sun-like),0.07293925256163439
HATS-31 b,18.38276,1619.406,F,0.05021948458384332
HATS-32 b,14.000041,614.5934,G (Sun-like),0.07580796104359615
HATS-33 b,13.78707,757.1284,G (Sun-like),0.07076649280856044
HATS-34 b,16.02887,691.8428,G (Sun-like),0.07015262686568852
HATS-35 b,16.409976,2440.7,F,0.04485741697482098
HATS-36 b,12.92,561.0,G (Sun-like),0.0799482855103538
HATS-37 A b,6.792654,229.7,G (Sun-like),0.12881221610826446
HATS-38 b,6.882326,464.7,G (Sun-like),0.10040847291875646
HATS-39 b,17.59813,1547.1014,F,0.05163278031676404
HATS-4 b,11.433,558.828,G (Sun-like),0.08267625394166864
HATS-40 b,17.71022,3163.3762,F,0.04013384084819159
HATS-41 b,14.90797,1300.3125,F,0.057366754319008166
HATS-42 b,15.6926,1637.2058,F,0.052204236723173564
HATS-43 b,13.22662,192.2328,K,0.1654494205083501
HATS-44 b,11.960003,306.417,K,0.1507759347437957
HATS-45 b,14.414774,811.3504,F,0.06826243352228112
HATS-46 b,10.121727,209.7699,G (Sun-like),0.12013289839972073
HATS-47 b,12.520453,87.73,K,0.20381435707231305
HATS-48 A b,8.9672,137.6,K,0.1935302900197619
HATS-49 b,8.574885,80.45,K,0.22487152594822174
HATS-5 b,10.223,183.2395,G (Sun-like),0.1255998242196378
HATS-50 b,12.66617,625.3023,G (Sun-like),0.07737849911107716
HATS-51 b,15.80469,740.2246,G (Sun-like),0.06877394146838808
HATS-52 b,15.490838,1310.22,F,0.05663089467346689
HATS-53 b,15.02006,471.61,G (Sun-like),0.08161100959949018
HATS-54 b,11.37711541,476.965,G (Sun-like),0.08749210655896665
HATS-55 b,14.022459,355.909,F,0.09170388391068451
HATS-56 b,18.920792,1080.87,F,0.05739715795744597
HATS-57 b,12.767051,570.233,G (Sun-like),0.07974431534054313
HATS-58 A b,12.273855,382.7103,F,0.09261869820368107
HATS-59 b,12.621334,269.0,G (Sun-like),0.10397385149056139
HATS-59 c,12.3,0.159,G (Sun-like),0.37060913553405367
HATS-6 b,11.186582,47.3315,K,0.245973390149697
HATS-60 b,12.923977,903.9,G (Sun-like),0.06766612421723475
HATS-61 b,13.394755,374.2,G (Sun-like),0.09121659105220815
HATS-62 b,11.825495,387.4,G (Sun-like),0.09313334278618285
HATS-63 b,13.529263,634.1,G (Sun-like),0.07566932954838687
HATS-64 b,18.819911,1711.0,F,0.04895011840281838
HATS-65 b,16.824709,1178.0,F,0.05748874363829052
HATS-66 b,15.815899,2637.0,F,0.04409381184933012
HATS-67 b,18.887165,3821.0,F,0.036919774379741914
HATS-68 b,13.809488,1521.0,F,0.055424911242504024
HATS-69 b,10.592505,466.6,K,0.13982711326835867
HATS-7 b,6.310667,211.6178,K,0.18497907093594418
HATS-70 b,15.513256,9110.0,A (hot),0.028722590567572804
HATS-71 b,11.478016,18.0832,M (red dwarf),0.26947882695779857
HATS-72 b,8.0973816,49.58,K,0.2596381319168516
HATS-74 A b,11.56766808,106.9,K,0.19665907836760294
HATS-75 b,9.90873894,59.26,K,0.23723115064860079
HATS-76 b,12.09449018,129.8,K,0.18550991955875612
HATS-77 b,13.05846252,78.37,K,0.2081656000559594
HATS-8 b,9.785457,510.8195,G (Sun-like),0.08883910407801965
HATS-9 b,13.85,2292.0839,G (Sun-like),0.04798052847847975
HD 100508 b,13.7,0.0216,G (Sun-like),0.18718847676366232
HD 100655 b,13.5,92.9931,K,0.19776806145849146
HD 100777 b,13.7,0.9345,G (Sun-like),0.5595930434217312
HD 101581 b,0.956,80.0,K,0.3220036097377186
HD 101581 c,0.99,52.0,K,0.3671322410665748
HD 10180 e,5.39,20.4541,G (Sun-like),0.31300962876415755
HD 10180 f,5.24,6.1329,G (Sun-like),0.4633223940950889
HD 10180 h,9.4,0.1303,G (Sun-like),0.37403503751160805
HD 101930 b,10.6,5.4444,K,0.4523181718579856
HD 102117 b,8.47,63.8539,G (Sun-like),0.1899838433184388
HD 102195 b,14.2,185.2,G (Sun-like),0.11477194402655573
HD 102272 b,12.9,176.4116,K,0.16974327300116615
HD 102329 b,12.6,5.9827,K,0.42384129640533125
HD 102843 b,13.1,0.0438,G (Sun-like),0.24078336883359447
HD 102888 b,12.8,37.4512,K,0.2549132508886867
HD 102956 b,13.8,1781.1928,K,0.10245601787858089
HD 103197 b,5.83,7.52,G (Sun-like),0.42431685996501817
HD 103720 b,14.1,140.3478,K,0.1766322864836541
HD 103774 b,13.3,714.1738,F,0.07291875046663363
HD 103891 b,13.2,0.5714,F,0.5116589669295886
HD 103949 b,3.35,1.3983,K,0.8020009364453524
HD 104067 b,9.2,4.2965,K,0.496999313843178
HD 104067 c,3.69,27.4455,K,0.3597169949804868
HD 10442 b,13.6,0.5054,K,0.5436369353408104
HD 104985 b,12.8,115.1548,K,0.18916355072737623
HD 105618 b,5.44,182.6347,G (Sun-like),0.14731175808540625
HD 105618 c,11.9,0.0012,G (Sun-like),0.07114872496036434
HD 105779 b,14.1,0.0683,G (Sun-like),0.2736215089707142
HD 106252 b,12.5,0.1884,G (Sun-like),0.38819533543428464
HD 106270 b,12.4,0.511,G (Sun-like),0.5071470834439288
HD 106315 b,2.44,277.0,F,0.15234184554271962
HD 106315 c,4.35,97.0,F,0.19348357037538805
HD 10647 b,13.8,0.3471,F,0.44822763655410086
HD 106515 A b,12.1,0.0342,G (Sun-like),0.2262191042526224
HD 10697 b,12.8,0.7124,G (Sun-like),0.540729482732914
HD 107148 b,9.6,18.2517,G (Sun-like),0.2814347338415979
HD 107148 c,4.7,66.7145,G (Sun-like),0.21626743369192258
HD 108147 b,10.9,193.0925,F,0.12128863245570692
HD 108202 b,13.1,0.0125,K,0.2069122477011504
HD 108236 b,1.615,312.1807,G (Sun-like),0.1579961004075466
HD 108236 c,2.071,162.1675,G (Sun-like),0.18960837610846598
HD 108236 e,3.083,35.0031,G (Sun-like),0.2966920846758706
HD 108236 f,2.017,22.9084,G (Sun-like),0.3732350355876503
HD 108341 b,13.3,0.1066,K,0.37077577665481265
HD 108863 b,13.3,9.6419,K,0.36799959421531697
HD 108874 b,13.6,0.923,G (Sun-like),0.5594243027133771
HD 108874 c,13.8,0.1412,G (Sun-like),0.3467328466758618
HD 109246 b,13.9,11.568,G (Sun-like),0.2965191868911966
HD 109271 b,4.31,320.4393,G (Sun-like),0.1279432763794957
HD 109271 c,5.27,52.058,G (Sun-like),0.2292292279658379
HD 109286 b,13.2,0.709,G (Sun-like),0.5358192713633207
HD 109749 b,11.1,409.4961,G (Sun-like),0.09287569022398628
HD 10975 b,14.3,68.2992,K,0.2119056900948172
HD 109833 b,2.888,63.4589,G (Sun-like),0.24537654816709922
HD 109833 c,2.59,77.4842,G (Sun-like),0.2343032684341683
HD 109988 b,12.1,0.0031,K,0.14868197668165128
HD 110014 b,12.4,43.9799,K,0.2456017381861635
HD 110067 b,2.2,69.0579,G (Sun-like),0.2519279270384242
HD 110067 c,2.388,40.228,G (Sun-like),0.29840279330918784
HD 110067 d,2.852,23.4102,G (Sun-like),0.34560776355191997
HD 110067 e,1.94,13.6296,G (Sun-like),0.4465228622264198
HD 110067 f,2.601,9.2821,G (Sun-like),0.4768094118838383
HD 110067 g,2.607,6.3216,G (Sun-like),0.5367292916012041
HD 110082 b,3.2,198.3948,F,0.16166952399300125
HD 110113 b,2.05,735.49,G (Sun-like),0.11210376381012362
HD 110113 c,2.11384817,199.9,G (Sun-like),0.17559870188619345
HD 110537 b,11.9,0.0047,G (Sun-like),0.11459284170065322
HD 11112 b,12.6,0.0133,G (Sun-like),0.16197023703980704
HD 111232 b,12.6,0.1496,G (Sun-like),0.3615181882017446
HD 111232 c,12.2,0.0023,G (Sun-like),0.08872500118783501
HD 111591 b,12.9,6.0912,K,0.41952423122579124
HD 111998 b,12.9,0.8918,F,0.5637442374484791
HD 112300 b,12.2,284.1257,M (red dwarf),0.1029266290135702
HD 112570 b,13.1,2.9139,K,0.5031199630933153
HD 112640 b,12.9,98.0969,K,0.19681614114491908
HD 113337 b,13.1,4.1073,F,0.41281894635358374
HD 113337 c,12.1,0.0926,F,0.3144735726941169
HD 11343 c,13.9,23.9661,K,0.283197136749809
HD 113538 b,13.2,0.0585,K,0.3146150983283535
HD 113538 c,13.8,0.0151,K,0.21519363138060404
HD 113996 b,12.7,113.6719,K,0.19008083849096985
HD 114082 b,11.2089807,14.6733,F,0.29049874462097447
HD 114386 b,13.6,0.0964,K,0.35885261715285893
HD 114386 c,13.4,0.2616,K,0.46866953277586215
HD 114729 b,13.9,0.617,G (Sun-like),0.5132716311524689
HD 114783 b,13.7,0.3152,K,0.4878513064278953
HD 114783 c,13.4,0.017,K,0.22342652654440953
HD 11505 b,12.6,0.0035,G (Sun-like),0.10185636940153898
HD 11506 b,12.9,0.2609,F,0.422593225999859
HD 11506 c,14.0,3.6537,F,0.41902371634697344
HD 11506 d,12.3,0.0066,F,0.12784883733766167
HD 115404 A b,6.09,39.0242,K,0.2942907029513923
HD 115404 A c,12.5,0.0023,K,0.1381585544168869
HD 115954 b,12.6,0.064,G (Sun-like),0.2759490348751309
HD 116029 b,13.6,4.1506,K,0.457533435040326
HD 117207 b,13.4,0.0811,G (Sun-like),0.2933087252376434
HD 11755 b,12.8,124.3021,K,0.18551990397450802
HD 117618 b,8.59,50.4075,G (Sun-like),0.20534137922350856
HD 118203 b,12.778238,593.4,G (Sun-like),0.07862420506665446
HD 118203 c,12.4,0.1122,G (Sun-like),0.3320952530594892
HD 11964 b,14.1,0.2882,G (Sun-like),0.42417430394134503
HD 11964 c,5.38,54.875,G (Sun-like),0.22400309357542195
HD 11977 b,12.7,18.5126,K,0.31036247182111626
HD 120084 b,12.7,3.0851,K,0.5000572304898778
HD 121504 b,13.6,14.2224,F,0.2788973501226505
HD 12235 b,3.23,1287.9273,G (Sun-like),0.08395896858294678
HD 12235 c,12.5,0.0076,G (Sun-like),0.13370351504099837
HD 122562 c,10.1,15.4863,K,0.3432539555847545
HD 124330 b,14.0,2.9422,G (Sun-like),0.4440782569241076
HD 12484 b,13.2,11.9305,G (Sun-like),0.29763671840817085
HD 125271 b,12.4,0.0021,K,0.1355829123240391
HD 125390 b,11.9,1.0874,K,0.6291272387972083
HD 125612 b,13.2,0.6309,G (Sun-like),0.5228636944730382
HD 125612 c,4.07,441.4278,G (Sun-like),0.11592628964852035
HD 125612 d,12.7,0.0724,G (Sun-like),0.2867294501756613
HD 126105 b,13.5,4.8659,K,0.44016385834759253
HD 12648 b,13.4,194.0796,K,0.1646691484146651
HD 126525 b,10.3,0.2701,G (Sun-like),0.45260257942428944
HD 12661 b,13.3,1.9237,G (Sun-like),0.4998121322976699
HD 12661 c,13.2,0.1459,G (Sun-like),0.3543805431687212
HD 126614 b,12.7,0.2392,G (Sun-like),0.4141480351845202
HD 127506 b,5.67,2.6404,K,0.625275657665885
HD 128311 b,13.5,0.262,K,0.4680217166076866
HD 128311 c,13.0,0.1017,K,0.3679418656496062
HD 128356 b,13.9,0.4756,K,0.5338286488008355
HD 128717 b,12.1,0.0892,F,0.31072182253379793
HD 129445 b,13.3,0.1462,G (Sun-like),0.35389442045121455
HD 130322 b,13.7,67.9633,G (Sun-like),0.16404095713052882
HD 131496 b,13.4,2.4257,K,0.521909230639145
HD 13167 b,13.1,0.5428,G (Sun-like),0.5068064964602592
HD 13189 b,12.4,277.0528,K,0.15339145194247883
HD 132406 b,12.8,0.4641,G (Sun-like),0.49164632515699325
HD 132563 b,13.6,0.3447,F,0.4491578981123414
HD 133131 A b,13.6,0.4642,G (Sun-like),0.48383818474349766
HD 133131 A c,14.3,0.0477,G (Sun-like),0.24205579907815458
HD 133131 B b,13.3,0.0259,G (Sun-like),0.20074809538421573
HD 134060 b,3.16,730.4602,G (Sun-like),0.10285980647344273
HD 134060 c,5.91,0.2515,G (Sun-like),0.5104935992888174
HD 134606 b,2.97,106.1131,G (Sun-like),0.20419911090892004
HD 134606 c,3.37,12.84,G (Sun-like),0.40664852950052643
HD 134606 d,7.59,0.3082,G (Sun-like),0.5072493122955115
HD 134606 e,1.33,418.0334,G (Sun-like),0.19745876269700147
HD 134606 f,2.24,36.479,G (Sun-like),0.3124805002414752
HD 134987 b,13.5,2.7435,G (Sun-like),0.4565800417718964
HD 134987 c,13.9,0.0535,G (Sun-like),0.25339479833160244
HD 135625 b,13.3,0.0758,F,0.2875156304379107
HD 135694 b,2.857,71.8,G (Sun-like),0.23568227267862368
HD 135872 b,12.8,0.4969,K,0.5496491817757703
HD 136118 b,12.3,0.684,F,0.5418838835987151
HD 136352 b,1.664,111.6,G (Sun-like),0.22482176745047097
HD 136352 c,2.916,35.1,G (Sun-like),0.29996208377100547
HD 136352 d,2.562,5.74,G (Sun-like),0.5544856582850535
HD 136418 b,13.3,4.0863,K,0.4617585124882776
HD 136925 b,13.9,0.0518,G (Sun-like),0.25068870587366193
HD 13724 c,8.18,3.9773,G (Sun-like),0.4707561981296564
HD 137388 b,9.32,0.5807,K,0.6123946284302959
HD 137496 b,1.31,3114.3366,G (Sun-like),0.1232483575438752
HD 137496 c,12.6,1.5713,G (Sun-like),0.5303248721339026
HD 13808 b,3.35,33.2278,K,0.34658689955657374
HD 13808 c,3.13,5.6365,K,0.5844777099739025
HD 13908 b,13.9,168.6392,F,0.11925093291117037
HD 13908 c,12.8,0.9705,F,0.573634407095256
HD 13931 b,13.2,0.0592,G (Sun-like),0.26565755802938706
HD 139357 b,12.1,7.649,K,0.4005852691415666
HD 1397 b,11.500434,356.0,G (Sun-like),0.09662656045331906
HD 14067 b,12.2,2.9812,K,0.5089713517925958
HD 140901 b,4.07,109.3426,G (Sun-like),0.1884805994188929
HD 140901 c,13.4,0.0057,G (Sun-like),0.11877170172051008
HD 141004 b,3.77,144.73,G (Sun-like),0.17399395959665004
HD 141399 b,14.3,9.2321,G (Sun-like),0.3162491143055546
HD 141399 c,13.6,3.3493,G (Sun-like),0.4323811035708546
HD 141399 d,13.7,0.364,G (Sun-like),0.45464148492570944
HD 141399 e,14.1,0.0636,G (Sun-like),0.2672902964766927
HD 141937 b,12.4,0.4436,G (Sun-like),0.49042185098490687
HD 142 A d,10.9,13.2625,F,0.30245076209494043
HD 142 b,12.7,2.7603,F,0.46329841289853246
HD 142 c,12.4,0.031,F,0.2174028533136671
HD 142022 A b,12.9,0.1176,G (Sun-like),0.3335317285233447
HD 142245 b,13.1,1.7468,K,0.5629052407212484
HD 142415 b,13.5,1.0219,G (Sun-like),0.5664326533261635
HD 143105 b,13.7,2502.0025,F,0.046666707144717955
HD 143361 b,12.9,0.205,G (Sun-like),0.3946055726732888
HD 143811 AB b,15.69257298,0.0011,F,0.06412911399001035
HD 144899 b,4.77,58.843,F,0.22504235581501436
HD 145377 b,12.8,7.7037,F,0.344660995415718
HD 145457 b,13.2,77.8446,K,0.20808173184151996
HD 145675 c,12.6,0.0018,G (Sun-like),0.08075463817062525
HD 145934 b,13.4,0.9461,K,0.614145201453896
HD 1461 b,2.42,309.8969,G (Sun-like),0.14673741698910853
HD 1461 c,2.23,99.8365,G (Sun-like),0.22118980783292394
HD 147018 b,13.4,12.4842,G (Sun-like),0.2921338767979875
HD 147018 c,12.7,0.1927,G (Sun-like),0.3891449142385323
HD 147379 b,4.94,0.7847,K,0.7510086236052915
HD 147513 b,13.7,0.5609,G (Sun-like),0.5045418933800524
HD 14787 b,13.7,4.5099,K,0.4472540247704063
HD 147873 b,12.8,21.9829,G (Sun-like),0.2453560763967459
HD 147873 c,13.3,3.2385,G (Sun-like),0.43889336048053956
HD 148156 b,13.9,0.2965,F,0.42907599924583467
HD 148164 b,13.7,2.1682,F,0.48215225299928316
HD 148164 c,12.8,0.0565,F,0.2637249015480551
HD 148427 b,13.7,4.8905,K,0.4380747181412864
HD 149026 b,8.29466,1095.91,F,0.07098190472369263
HD 149143 b,13.6,796.9815,G (Sun-like),0.06976152974022015
HD 149806 b,12.3,0.0037,G (Sun-like),0.10451185580912115
HD 150010 b,13.3,48.9796,K,0.23505712251246208
HD 1502 b,13.2,7.2835,K,0.39783798957862804
HD 150706 b,13.3,0.024,G (Sun-like),0.19559251288399188
HD 151450 b,6.94,66.5618,F,0.19692904734274108
HD 151450 c,12.8,0.0085,F,0.1381333567786698
HD 152079 b,13.2,0.073,G (Sun-like),0.2845803881925112
HD 152581 b,13.4,5.4072,K,0.4290415669704437
HD 152843 b,3.05,265.4,F,0.147602049708774
HD 152843 c,5.94,133.1,F,0.16097799945498945
HD 15337 b,1.77,404.5595,K,0.19198033953741633
HD 15337 c,2.526,45.0685,K,0.33378351545477
HD 153557 b,4.77,59.2234,K,0.274543814354262
HD 153557 c,4.36,22.2262,K,0.37007350501889585
HD 153557 d,11.9,0.0006,K,0.10583387153095139
HD 153950 b,13.2,1.355,F,0.5402005849030538
HD 154088 b,2.46,41.2119,G (Sun-like),0.29418135491608227
HD 154345 b,13.7,0.0349,G (Sun-like),0.22041597669561552
HD 154391 b,12.5,0.685,K,0.5897475210999984
HD 154672 b,12.8,5.0225,G (Sun-like),0.39207271908025104
HD 154857 b,13.3,2.7638,G (Sun-like),0.4575241135981325
HD 154857 c,13.2,0.1601,G (Sun-like),0.3645150263587177
HD 155193 b,14.0,4.0461,F,0.4073178942934848
HD 155358 b,13.8,5.0212,G (Sun-like),0.38436195157659275
HD 155358 c,13.9,1.9155,G (Sun-like),0.4944773404501837
HD 155918 b,2.67,1153.7389,G (Sun-like),0.09085626725162915
HD 155918 c,12.8,0.006,G (Sun-like),0.12238611588964211
HD 156098 b,4.12,416.9726,F,0.11792621891327053
HD 156098 c,12.8,0.1642,F,0.37030489492247143
HD 156279 b,12.5,2.8355,G (Sun-like),0.46203111936215047
HD 156279 c,12.5,0.0237,G (Sun-like),0.19797502121598282
HD 156411 b,14.0,1.5229,G (Sun-like),0.5191621538811863
HD 156668 b,1.87,679.2975,K,0.16727706817049248
HD 156668 c,6.17,0.1169,K,0.45203250224214697
HD 156846 b,12.4,3.97,F,0.42286763189701415
HD 158038 b,13.5,5.2889,K,0.4307702643003277
HD 158259 b,1.28228,759.183,G (Sun-like),0.17041970255597544
HD 158996 b,12.3,234.6259,K,0.15979391475442672
HD 15906 b,2.24,33.14,K,0.37285423565604026
HD 15906 c,2.93,13.37,K,0.4636588321809623
HD 159243 b,13.7,107.452,F,0.14000239300214753
HD 159243 c,13.4,2.0315,F,0.49253895723887675
HD 159868 b,13.3,0.668,G (Sun-like),0.5281854363377113
HD 159868 c,14.0,3.3758,G (Sun-like),0.4281519497005229
HD 1605 b,13.8,2.9004,K,0.4974466456127158
HD 1605 c,13.0,0.5026,K,0.5489307165429486
HD 160691 d,3.23,209.5104,G (Sun-like),0.15830742973187614
HD 161178 b,14.1,78.0069,K,0.20522542574379882
HD 16141 b,10.9,17.9052,G (Sun-like),0.27404363316280667
HD 16175 b,12.8,0.7164,G (Sun-like),0.5413479326362126
HD 162020 b,12.5,39.0625,K,0.25325938482196353
HD 163607 b,13.9,20.0716,G (Sun-like),0.24745818943115627
HD 163607 c,13.3,0.4605,G (Sun-like),0.4857782904729526
HD 16417 b,5.0,141.5514,G (Sun-like),0.16424453217466742
HD 164509 b,14.3,1.7417,G (Sun-like),0.5014296530373
HD 164595 b,4.16,19.6697,G (Sun-like),0.3370403690189662
HD 164604 b,12.3,0.1402,K,0.40667672598944826
HD 164604 c,12.5,0.0084,K,0.18843158147126032
HD 164922 b,13.3,0.1578,G (Sun-like),0.36220044982950694
HD 164922 c,3.66,6.29,G (Sun-like),0.4997000881776403
HD 164922 d,1.83,66.9243,G (Sun-like),0.2637461344039746
HD 164922 e,3.23,13.3822,G (Sun-like),0.4049563181284912
HD 165131 b,12.1,0.0967,G (Sun-like),0.3188601519342874
HD 165155 b,13.2,0.5482,G (Sun-like),0.5069219046009221
HD 1666 b,12.7,6.0778,F,0.37129943241748503
HD 166724 b,13.0,0.0105,K,0.19802535132168542
HD 167042 b,13.6,7.6592,K,0.38977878860367676
HD 16760 b,12.1,0.5388,G (Sun-like),0.5166752059785398
HD 167677 b,13.2,0.0891,G (Sun-like),0.3035535737414428
HD 167768 b,13.9,2042.741,K,0.09990532757599054
HD 168009 b,3.05,99.3735,G (Sun-like),0.20771252817066144
HD 168443 b,12.6,28.2942,G (Sun-like),0.2263194523604903
HD 168443 c,12.2,0.2987,G (Sun-like),0.44503555637520303
HD 168746 b,11.1,224.4898,G (Sun-like),0.11454227408758405
HD 168863 b,12.7,0.0026,K,0.1416293619250043
HD 1690 b,12.5,17.8958,K,0.314411946921247
HD 16905 b,12.4,0.0039,K,0.15622093824158872
HD 169830 b,13.2,7.8465,F,0.33992401710253
HD 169830 c,12.6,0.4856,F,0.4990307804429879
HD 170469 b,14.1,0.3188,G (Sun-like),0.43582726739458777
HD 17092 b,12.5,33.1963,K,0.26484053825443
HD 171028 b,13.2,3.1028,G (Sun-like),0.44480918618469095
HD 171238 b,12.5,0.0989,G (Sun-like),0.31841408071628763
HD 17156 b,12.26262489,68.8,F,0.16821133038209835
HD 173416 b,13.4,58.1544,K,0.22411062247921026
HD 174205 b,13.0,82.699,K,0.20543737839138476
HD 175167 b,12.3,0.496,G (Sun-like),0.5047180757091695
HD 175541 b,14.1,9.0363,K,0.369591224096554
HD 17674 b,13.9,0.7946,G (Sun-like),0.5407036170460409
HD 176986 d,2.49,4.09,K,0.665315105414818
HD 177565 b,4.0,14.5941,G (Sun-like),0.37532845043083946
HD 177830 b,13.5,3.7258,K,0.4708213820449255
HD 177830 c,7.87,18.3487,K,0.3455749935334632
HD 178911 B b,12.6,7.8319,G (Sun-like),0.3443313048035661
HD 179949 b,13.9,1020.1193,F,0.06362373946934935
HD 180053 b,13.3,17.673,K,0.31119108083357117
HD 18015 b,13.1,0.6286,G (Sun-like),0.5235071062666757
HD 180314 b,12.0,20.9853,K,0.3034742537833748
HD 180617 b,3.53,0.2751,M (red dwarf),0.5902653370370886
HD 180902 b,13.5,4.7959,K,0.4418066991240721
HD 181234 b,12.5,0.0144,G (Sun-like),0.16682554843992903
HD 181342 b,13.2,5.836,K,0.42202416464479064
HD 18143 b,3.28,61.873,K,0.29084082650123444
HD 18143 c,12.5,0.0016,K,0.1276618812661979
HD 181433 d,13.2,0.0077,K,0.18239076217483063
HD 181720 b,14.0,0.5671,G (Sun-like),0.5028808135328164
HD 183263 b,13.1,0.8347,G (Sun-like),0.5545165001737342
HD 183263 c,12.5,0.057,G (Sun-like),0.2661576033100817
HD 183579 b,3.49,58.1,G (Sun-like),0.2427773808121765
HD 184010 b,12.1,14.8144,K,0.3338332540058473
HD 184010 c,11.8,7.3558,K,0.40719337326663535
HD 184010 d,14.3,3.5509,K,0.46993583554055957
HD 18438 b,12.1,210.6576,K,0.16448797514335098
HD 185269 b,13.8,832.9821,G (Sun-like),0.06842654357845827
HD 185283 b,13.6,0.013,K,0.20748179299923375
HD 18599 b,2.6,145.0,K,0.23840149080395162
HD 187085 b,13.9,30.5887,F,0.21476319045441206
HD 187123 b,14.2,738.4255,G (Sun-like),0.070829728386507
HD 187123 c,13.2,0.056,G (Sun-like),0.2608166468570431
HD 18742 b,13.1,4.1964,K,0.4603275708650479
HD 188015 b,13.6,0.7914,G (Sun-like),0.5434188511340587
HD 188641 b,11.9,0.0285,G (Sun-like),0.21357980084060588
HD 189567 b,2.85,171.2523,G (Sun-like),0.17443755027365612
HD 189567 c,2.54,54.3688,G (Sun-like),0.26579409525135334
HD 189733 b,12.66617,356.0,K,0.144202152890003
HD 190007 b,4.06,24.6845,K,0.364113252272428
HD 190228 b,12.9,0.8598,G (Sun-like),0.5599132543057791
HD 190360 b,13.5,0.0741,G (Sun-like),0.2842725260037236
HD 190360 c,5.53,69.1705,G (Sun-like),0.2054706007429148
HD 190360 d,3.48,7.7173,G (Sun-like),0.4746856642371944
HD 190647 b,13.4,0.3978,G (Sun-like),0.4677326070347387
HD 190984 b,13.0,0.089,G (Sun-like),0.3046732333067654
HD 191806 b,12.5,0.2951,F,0.4407496644835301
HD 191939 b,3.41,100.0,G (Sun-like),0.20229100332708885
HD 191939 c,3.195,21.0,G (Sun-like),0.34980619693708004
HD 191939 d,2.995,14.3,G (Sun-like),0.4027910046808821
HD 191939 e,13.0,3.9,G (Sun-like),0.4196999612058739
HD 191939 f,13.2,0.0472,G (Sun-like),0.24638893303578652
HD 191939 g,3.74,0.99,G (Sun-like),0.780604339451947
HD 192263 b,14.2,15.0597,K,0.32059547182431836
HD 192310 b,4.27,3.7598,K,0.6101211544805343
HD 192310 c,5.25,0.2765,K,0.5892799241893972
HD 192699 b,13.4,9.0351,K,0.37395757575768995
HD 194490 b,12.4,0.0114,G (Sun-like),0.15421366031795375
HD 195019 b,13.0,109.862,G (Sun-like),0.14087489613670998
HD 196050 b,12.9,0.2591,G (Sun-like),0.42178132359465387
HD 196067 b,12.4,0.1596,F,0.3702395571704761
HD 19615 b,12.6,270.2479,K,0.15385256412687864
HD 196885 A b,13.2,0.4271,F,0.47794527989628816
HD 197037 b,13.9,0.4042,F,0.4650552269092295
HD 199509 b,7.43,4.5393,G (Sun-like),0.4646051058113743
HD 19994 b,13.6,2.2324,F,0.47971102414312483
HD 20003 b,3.43,75.8952,G (Sun-like),0.22226150690139193
HD 20003 c,3.89,18.6659,G (Sun-like),0.34825806538392007
HD 200964 b,13.5,4.7312,K,0.4433491528298011
HD 200964 c,13.7,3.0164,K,0.493737029138043
HD 202206 c,12.2,0.1866,G (Sun-like),0.38958572046388135
HD 202772 A b,18.2370116,3770.0,F,0.037446828606866746
HD 20329 b,1.72,3474.0,G (Sun-like),0.06729266475359225
HD 203387 b,13.1,23.0974,K,0.2898485154852545
HD 203387 c,12.6,2.8216,K,0.5116465862977606
HD 2039 b,12.7,0.3229,G (Sun-like),0.4496018044750518
HD 204313 b,12.9,0.124,G (Sun-like),0.33909720493573914
HD 204313 c,4.31,28.2644,G (Sun-like),0.2959942266316625
HD 204313 e,12.2,0.0226,G (Sun-like),0.19603400135283264
HD 204941 b,10.1,0.0477,K,0.31523785103520824
HD 205158 b,13.9,143.454,F,0.12615097471933348
HD 205739 b,13.6,2.8535,F,0.451090941712986
HD 206255 b,6.47,21.0939,G (Sun-like),0.2963209390722188
HD 206610 b,13.4,6.2426,K,0.4131262643570146
HD 206893 b,14.01122587,0.0247,F,0.19480967315065062
HD 206893 c,16.36511182,0.2043,F,0.3699838129867137
HD 207496 b,2.25,72.9,K,0.296173746913976
HD 20781 b,1.21,175.0994,G (Sun-like),0.25276219898227065
HD 20781 c,2.17,48.6103,G (Sun-like),0.2850375056486198
HD 20781 d,3.25,18.0638,G (Sun-like),0.36642904151422995
HD 20781 e,3.83,4.3043,G (Sun-like),0.5528525121756834
HD 20782 b,13.6,0.6863,G (Sun-like),0.5280392298410355
HD 207832 b,14.2,2.2605,G (Sun-like),0.47280183463778463
HD 207832 c,14.0,0.1732,G (Sun-like),0.3674342025644816
HD 207897 b,2.34302132,26.5,K,0.3951500556208644
HD 20794 b,1.45,43.4733,G (Sun-like),0.3687182547124713
HD 20794 d,2.04,5.2273,G (Sun-like),0.5963897215193451
HD 20794 e,2.03,2.6513,G (Sun-like),0.7195919016668029
HD 20794 f,2.28,0.3746,G (Sun-like),0.7022908392955726
HD 208487 b,14.3,6.0876,F,0.35961870239809884
HD 208527 b,12.5,165.4934,K,0.17345820702467304
HD 20868 b,13.7,0.3278,K,0.4924205655347089
HD 209458 b,15.58051,587.098,F,0.0748619704763437
HD 210193 b,14.3,0.5142,G (Sun-like),0.489045289500208
HD 210277 b,13.6,0.7275,G (Sun-like),0.5343904802420611
HD 210702 b,13.6,9.3194,K,0.3695467662559733
HD 211403 b,12.8,3.44,F,0.436218889765698
HD 211810 b,14.0,0.1665,G (Sun-like),0.36312266874609145
HD 211970 b,3.66,4.2125,K,0.6119503385527807
HD 212301 b,14.2,1944.4444,F,0.050486124798533455
HD 212771 b,13.3,10.8749,K,0.35602914589073537
HD 213240 b,12.8,0.7524,G (Sun-like),0.5467313123140642
HD 213472 b,13.1,0.0114,G (Sun-like),0.15199183765212504
HD 213519 b,2.99,125.3797,G (Sun-like),0.1924375016364438
HD 213885 b,1.745,1882.94,G (Sun-like),0.08315646217113988
HD 213885 c,4.71,426.5327,G (Sun-like),0.11341578113445568
HD 21411 b,9.52,4.1365,G (Sun-like),0.4478638499070193
HD 214823 b,12.1,0.4586,F,0.49757204490048973
HD 21520 b,2.697,25.7431,G (Sun-like),0.338682566332483
HD 215497 c,13.0,0.2267,K,0.4553751863047353
HD 216435 b,13.7,0.5501,G (Sun-like),0.5023394455227733
HD 216437 b,13.0,0.3389,G (Sun-like),0.45255436343236033
HD 216520 b,3.18,9.0089,K,0.5113001378357089
HD 216520 c,3.03,1.2669,K,0.8338641134933923
HD 216536 b,13.8,169.5666,K,0.16925224426422392
HD 216770 b,14.1,3.7539,G (Sun-like),0.4151242486751835
HD 21693 b,2.8,29.2864,G (Sun-like),0.3217207284323898
HD 21693 c,4.34,9.2712,G (Sun-like),0.4263216361122796
HD 217107 b,13.6,231.1546,G (Sun-like),0.10747103482667743
HD 217107 c,12.9,0.0357,G (Sun-like),0.2256819434791723
HD 21749 c,0.892,305.9425,K,0.21889451627761053
HD 217786 b,12.3,0.3159,G (Sun-like),0.45078627865040044
HD 217786 c,2.61,1308.8643,G (Sun-like),0.08734444461832815
HD 217958 b,14.2,0.1388,G (Sun-like),0.3423011256888658
HD 218566 b,9.32,0.7414,K,0.6421875164772465
HD 219077 b,12.5,0.0755,G (Sun-like),0.2918950371780927
HD 219134 b,1.602,176.2,K,0.24312085158438967
HD 219134 c,1.511,62.1,K,0.33001897296032384
HD 219134 d,1.61,4.72,K,0.6916864852432869
HD 219134 f,1.31,12.38,K,0.593474815426329
HD 219134 g,3.28,2.2009,K,0.7328846266221513
HD 219134 h,12.7,0.0321,K,0.26860637597404
HD 219139 b,14.0,70.5297,K,0.21102666453484165
HD 219415 b,13.8,0.4071,K,0.5167787827445176
HD 219666 b,4.898,598.4408,G (Sun-like),0.09983710601307279
HD 219828 b,4.59,1095.4885,G (Sun-like),0.08206165162352447
HD 219828 c,12.2,0.0822,G (Sun-like),0.3019868121677326
HD 220074 b,12.2,305.7049,K,0.1503317129121381
HD 220197 b,9.32,0.1332,G (Sun-like),0.37741965574556346
HD 220689 b,13.7,0.1074,G (Sun-like),0.31901677738943396
HD 220773 b,13.6,0.129,G (Sun-like),0.3385142865843053
HD 220842 b,13.1,4.155,G (Sun-like),0.4114779483684168
HD 221287 b,13.1,1.0624,F,0.5670170068726128
HD 221416 b,9.17,495.9065,K,0.14127911872759283
HD 221420 b,12.0,0.0389,G (Sun-like),0.23678911868453628
HD 221585 b,13.5,0.4965,G (Sun-like),0.4925599003135268
HD 222076 b,13.5,2.5381,K,0.5156875532160481
HD 222155 b,13.4,0.1222,G (Sun-like),0.3341727761067026
HD 222237 b,12.8,0.0019,K,0.13195278865424673
HD 222582 b,12.6,0.7253,G (Sun-like),0.5449717971359094
HD 224018 b,0.91,146.7499,G (Sun-like),0.21880226626346247
HD 224018 c,2.42,28.2444,G (Sun-like),0.33561522690789336
HD 224018 d,2.4,4.7348,G (Sun-like),0.5945674901377656
HD 224538 b,12.7,0.523,F,0.50666314028765
HD 224693 b,14.0,111.6692,G (Sun-like),0.13735238807893196
HD 22496 b,2.22,26.0,K,0.40110564042757096
HD 22532 b,13.4,5.2078,K,0.4332591536356151
HD 22781 b,12.3,0.2456,K,0.47077869909102343
HD 22946 d,2.607,18.561,F,0.3805226636251096
HD 23079 b,13.2,0.5273,G (Sun-like),0.5024566123687592
HD 23127 b,13.5,0.5038,G (Sun-like),0.49424011902386694
HD 231701 b,13.7,9.1798,F,0.3204497011361138
HD 233604 b,12.7,100.7764,K,0.1960535797149549
HD 233832 b,13.5,0.0376,K,0.2769182498137578
HD 23472 b,2.0,16.0,K,0.4712281310710653
HD 23472 c,1.87,7.96,K,0.5837647670196217
HD 23472 d,0.75,117.0,K,0.27967935553066586
HD 23472 e,0.818,46.7,K,0.36975920143341157
HD 23472 f,1.137,26.3,K,0.49309980824076416
HD 235088 b,1.982,70.0,K,0.3058461865239216
HD 23596 b,12.4,0.3957,F,0.4767932185984609
HD 238090 b,2.52,8.1,K,0.5508698625061741
HD 238914 b,12.8,2.179,K,0.54032814527266
HD 240210 b,12.8,26.3684,K,0.28080818965053916
HD 240237 b,12.2,83.8296,K,0.2073254128712847
HD 24040 b,12.9,0.0779,G (Sun-like),0.29243575710796543
HD 24040 c,9.35,1.1163,G (Sun-like),0.6136828920102816
HD 24064 b,12.3,211.3995,K,0.16385513119024625
HD 24085 b,3.46,2061.4187,F,0.07015549920617137
HD 25015 b,12.5,0.0106,K,0.20005940607263062
HD 25171 b,13.9,0.2141,F,0.39176238379574224
HD 25463 b,2.54535814,461.4,F,0.12639930215649067
HD 25463 c,1.36354953,1413.5,F,0.14593499835035117
HD 25723 b,13.3,39.6333,K,0.24896401831747578
HD 25912 b,6.9,18.7477,G (Sun-like),0.30331894998407033
HD 25912 c,12.2,0.0034,G (Sun-like),0.10169325863209759
HD 260655 b,1.24,42.2,K,0.43030416548295236
HD 260655 c,1.533,16.1,K,0.4911328294531602
HD 26161 b,11.9,0.0243,F,0.2022780066016222
HD 2638 b,14.3,292.3345,K,0.14771019698001872
HD 2685 b,16.14096,1436.49,F,0.05423658553105284
HD 27442 b,13.5,4.3915,K,0.4518516938509154
HD 27631 b,13.5,0.0836,G (Sun-like),0.295618912482569
HD 27894 b,14.1,22.7604,K,0.286372422200677
HD 27894 c,8.24,9.0713,K,0.4171618918783373
HD 27894 d,12.7,0.0124,K,0.2077658594421566
HD 27969 b,12.9,0.76,G (Sun-like),0.5467013580781095
HD 28109 b,2.69,33.4501,F,0.31012363266381743
HD 28109 c,4.13,29.9535,F,0.2931042941305767
HD 28109 d,3.11,17.3745,F,0.3747431408953491
HD 28185 b,12.8,0.9073,G (Sun-like),0.5667019060551608
HD 28185 c,12.8,0.0134,G (Sun-like),0.16171558348207876
HD 28192 b,12.2,91.1399,G (Sun-like),0.15283885273444697
HD 28254 b,13.0,0.3645,G (Sun-like),0.4611699008830037
HD 28471 b,1.75,653.3957,G (Sun-like),0.12033724833585609
HD 28471 c,2.26,272.8024,G (Sun-like),0.15551919282596913
HD 28471 d,2.06,115.259,G (Sun-like),0.21370965175916068
HD 285507 b,13.8,53.0123,K,0.22834339241037305
HD 285968 b,2.83,5.0456,K,0.6142071732880101
HD 28678 b,13.5,16.4464,K,0.3164201863219143
HD 29021 b,12.9,0.1252,G (Sun-like),0.3401151214893375
HD 290327 b,13.3,0.0616,G (Sun-like),0.2686273373664662
HD 29399 b,13.5,2.7435,K,0.5065800417718964
HD 2952 b,13.9,46.9588,K,0.23556328535302806
HD 29985 b,12.8,0.0008,K,0.11056872745068508
HD 30177 b,12.6,0.0995,G (Sun-like),0.318357587390464
HD 30177 c,12.9,0.0124,G (Sun-like),0.15711555042014577
HD 30562 b,13.6,0.5147,G (Sun-like),0.49572762750475685
HD 30669 b,14.3,0.0987,G (Sun-like),0.3070579169027584
HD 30856 b,13.5,2.8926,K,0.5003811901287993
HD 31253 b,14.1,2.0698,F,0.48379022441603814
HD 31527 b,3.22,76.3108,G (Sun-like),0.22493443184525513
HD 31527 c,3.85,16.9215,G (Sun-like),0.36060905429921347
HD 31527 d,3.46,1.8299,G (Sun-like),0.7046504462630525
HD 3167 b,1.67,1650.0,G (Sun-like),0.0877782386565039
HD 3167 c,3.0,16.9,G (Sun-like),0.3811258350129239
HD 3167 d,1.92,88.9,G (Sun-like),0.23697582423403704
HD 3167 e,2.83,3.5579,G (Sun-like),0.6228374518777733
HD 32518 b,13.2,131.2791,K,0.1818954877098719
HD 32963 b,13.4,0.0996,G (Sun-like),0.31331367418557715
HD 330075 b,14.3,292.3345,K,0.14771019698001872
HD 331093 b,13.6,0.4895,G (Sun-like),0.489962395552916
HD 33142 b,13.7,8.6781,K,0.376168540297375
HD 33142 c,13.9,2.619,K,0.5084478672254539
HD 33142 d,9.32,48.9956,K,0.25306225694419937
HD 332231 b,9.07303305,98.09,F,0.16093219452910532
HD 33283 b,12.5,191.9541,G (Sun-like),0.11724653567534064
HD 33564 b,12.5,2.8331,F,0.4621323500087498
HD 33844 b,13.4,5.7778,K,0.4216547388124274
HD 33844 c,13.5,2.8101,K,0.503770684911334
HD 34445 b,13.9,0.4691,G (Sun-like),0.4822485013844226
HD 34445 c,8.42,3.8979,G (Sun-like),0.4699439577436476
HD 34445 d,6.07,8.6625,G (Sun-like),0.4020575176011368
HD 34445 e,4.26,27.8395,G (Sun-like),0.2983165898673078
HD 34445 f,6.88,0.8442,G (Sun-like),0.6559445693094129
HD 34445 g,13.6,0.0497,G (Sun-like),0.2486940531358257
HD 35759 b,13.0,22.7689,F,0.24149290613493452
HD 35843 b,2.29,96.8492,G (Sun-like),0.22236076965168963
HD 35843 c,2.54,11.3814,G (Sun-like),0.4489714276219331
HD 360 b,14.0,57.4344,K,0.22283593055259887
HD 36384 b,12.7,229.7515,K,0.15967006455634664
HD 3651 b,10.1,6.1123,G (Sun-like),0.39358041091577367
HD 37124 b,14.0,2.7119,G (Sun-like),0.45353347205271793
HD 37124 c,14.1,0.2641,G (Sun-like),0.4141341617304255
HD 37124 d,14.0,0.098,G (Sun-like),0.30809620285460293
HD 37605 b,13.2,7.8531,G (Sun-like),0.33983530074238155
HD 37605 c,13.1,0.0431,G (Sun-like),0.23948568762792533
HD 3765 b,8.56,0.0863,K,0.38631396686460867
HD 38283 b,14.0,2.4745,G (Sun-like),0.464147192438173
HD 38529 b,14.1,516.1847,G (Sun-like),0.08042103040770551
HD 38529 c,12.5,0.656,G (Sun-like),0.5348772798820974
HD 38801 b,12.5,1.7311,G (Sun-like),0.520344253154366
HD 39194 b,1.99,112.2269,G (Sun-like),0.21712278080927822
HD 39194 c,2.65,33.2512,G (Sun-like),0.3117195594436768
HD 39194 d,2.12,10.2669,G (Sun-like),0.48104802290221393
HD 39855 b,2.85,287.2,G (Sun-like),0.1456816486269187
HD 40307 f,2.13,3.7636,K,0.6996008144519713
HD 40307 g,2.56,0.6378,K,0.8273902235897063
HD 40956 b,13.2,23.5561,K,0.28779136585501963
HD 40979 b,12.9,2.7022,F,0.4639101475991514
HD 4113 b,13.5,0.744,G (Sun-like),0.5378651747377837
HD 42012 b,13.5,0.1927,G (Sun-like),0.3829012992624616
HD 4203 b,13.3,1.4338,G (Sun-like),0.5329464408170101
HD 4203 c,13.3,0.0406,G (Sun-like),0.23378575796718323
HD 4208 b,13.9,0.2878,G (Sun-like),0.4256285875294983
HD 42618 b,3.89,3.16,G (Sun-like),0.5998164286470918
HD 4308 b,4.12,68.8078,G (Sun-like),0.2206204293236752
HD 4313 b,13.4,10.533,K,0.3585609299785753
HD 43197 b,14.2,0.9377,G (Sun-like),0.5546266152658064
HD 43197 c,12.6,0.01,G (Sun-like),0.1467516447984185
HD 43691 b,13.2,55.8272,F,0.1772789532791344
HD 44219 b,14.1,1.1462,G (Sun-like),0.5483540439117636
HD 45184 b,3.52,272.4625,G (Sun-like),0.1417507516248266
HD 45184 c,2.91,93.3884,G (Sun-like),0.21436908432686508
HD 45350 b,13.5,0.375,G (Sun-like),0.4599060958123919
HD 45364 b,9.03,1.3804,G (Sun-like),0.5942316804812336
HD 45364 c,14.2,0.7829,G (Sun-like),0.5360821942016426
HD 45652 b,14.3,11.2332,G (Sun-like),0.2970831108123867
HD 457 b,11.9,0.0088,F,0.14251912237195324
HD 46375 b,10.0,359.0994,G (Sun-like),0.09991007678964439
HD 47186 b,5.02,441.6068,G (Sun-like),0.11037296733800263
HD 47186 c,13.0,0.1925,G (Sun-like),0.3866320731873575
HD 4732 b,13.4,10.3009,K,0.3607643384518465
HD 4732 c,13.1,0.5881,K,0.5659733452502134
HD 47366 b,13.4,17.9154,K,0.3094987687717575
HD 47366 c,13.5,7.7091,K,0.3897609947981447
HD 47536 b,12.6,47.5699,K,0.23961248723404166
HD 4760 b,12.3,654.9231,K,0.1267286938859119
HD 48265 b,12.6,1.167,G (Sun-like),0.5630472470690334
HD 48265 c,12.9,0.0355,G (Sun-like),0.22525384689431688
HD 48948 b,2.06,138.85,K,0.2503279634390506
HD 48948 c,2.6,15.5,K,0.454099631169733
HD 48948 d,3.24,2.46,K,0.7163127805297052
HD 4917 b,13.5,20.9781,K,0.29573533861568896
HD 49674 b,6.2,264.2871,G (Sun-like),0.12546241400359578
HD 50499 b,13.5,0.1619,F,0.3635728968739694
HD 50499 c,13.2,0.0292,F,0.20953710771904796
HD 50554 b,12.8,0.251,G (Sun-like),0.4189230451401129
HD 51608 b,3.62,50.8256,G (Sun-like),0.2521393132712442
HD 51608 c,3.87,3.9287,G (Sun-like),0.5659159817271533
HD 52265 b,13.7,7.3281,F,0.3437775648035055
HD 5278 b,2.45,132.0,F,0.19702781032022415
HD 5278 c,4.49,32.6706,F,0.27915031976553467
HD 5319 b,13.5,3.2825,K,0.48558216235648144
HD 5319 c,13.8,2.1721,K,0.5310143733692403
HD 5388 b,13.1,1.4901,F,0.5308242126309937
HD 55696 b,12.9,0.2662,F,0.4249539191202832
HD 5583 b,12.8,145.0268,K,0.1784508873405371
HD 5608 b,13.7,4.4568,K,0.4486027531616075
HD 564 b,12.5,0.7254,G (Sun-like),0.5461345327424028
HD 56414 b,3.71,1614.3559,A (hot),0.07524007346462355
HD 56957 b,12.8,0.075,G (Sun-like),0.2894456235164597
HD 5891 b,12.6,96.1914,K,0.19873929376423333
HD 59686 A b,12.7,56.2338,K,0.22865298710211035
HD 60292 b,12.7,110.1333,K,0.19162607257746578
HD 60532 b,13.8,16.9008,F,0.2624968548702742
HD 60532 c,13.3,3.9142,F,0.41674921160435485
HD 6061 b,2.42763557,339.1,G (Sun-like),0.14210791036224835
HD 62364 b,12.1,0.072,F,0.289887792332039
HD 62364 c,12.0,0.002,F,0.08486663602354788
HD 62509 b,13.3,15.2164,K,0.32440954877049716
HD 62549 b,12.6,0.0121,G (Sun-like),0.15676248498980425
HD 63433 b,2.14,145.5707,G (Sun-like),0.19561970104046647
HD 63433 c,2.692,35.3582,G (Sun-like),0.3042801585814509
HD 63433 d,1.073,296.4321,G (Sun-like),0.22188481183453723
HD 63454 b,12.31,159.9116,K,0.17544626284187909
HD 63765 b,14.2,0.627,G (Sun-like),0.51213755107139
HD 63935 b,2.91575244,115.6,G (Sun-like),0.19900189629768367
HD 63935 c,3.06451296,36.7,G (Sun-like),0.2923258011350478
HD 64114 b,4.41,12.0441,G (Sun-like),0.3906590456992775
HD 64121 b,13.2,7.7628,K,0.39105691097802914
HD 6434 b,14.2,57.2458,G (Sun-like),0.17237965594466628
HD 65216 b,13.6,0.4185,G (Sun-like),0.4718094400900077
HD 65216 c,13.4,0.0214,G (Sun-like),0.18769253886764617
HD 66141 b,12.8,120.6806,K,0.18691815482269714
HD 66428 b,12.4,0.1082,G (Sun-like),0.3283162434186371
HD 66428 c,13.5,0.0141,G (Sun-like),0.16227909687878267
HD 67087 b,13.1,2.9727,F,0.45076125617846113
HD 67087 c,12.9,0.2327,F,0.4092356642073395
HD 6718 b,13.3,0.0907,G (Sun-like),0.30468352217526423
HD 68402 b,12.6,0.2462,G (Sun-like),0.41839892878423535
HD 68475 b,12.8,0.0068,K,0.17783109369432926
HD 6860 b,11.9,406.4355,K,0.1414356120945281
HD 68988 b,13.4,340.126,G (Sun-like),0.09429758042950359
HD 68988 c,12.2,0.0096,G (Sun-like),0.1459261547754071
HD 69123 b,13.1,4.7903,K,0.4450765268841142
HD 69830 b,3.17,97.7824,G (Sun-like),0.20714641467395473
HD 69830 c,3.46,17.417,G (Sun-like),0.36581962623498154
HD 69830 d,4.45,1.5182,G (Sun-like),0.6932653067577357
HD 70573 b,12.8,0.3222,G (Sun-like),0.4484132549978336
HD 70642 b,13.0,0.0934,G (Sun-like),0.30942563396362616
HD 72490 b,13.5,3.4894,K,0.4784481390523132
HD 72659 b,13.2,0.1115,G (Sun-like),0.3260091273067429
HD 72659 c,12.1,0.0051,G (Sun-like),0.11738376742946745
HD 72892 b,12.8,26.9314,G (Sun-like),0.2291691010239715
HD 73256 c,12.2,0.0511,G (Sun-like),0.25832258577986555
HD 73267 b,13.0,0.1577,G (Sun-like),0.36432589301364104
HD 73267 c,12.8,0.0049,G (Sun-like),0.11405495026090814
HD 73344 b,2.884,111.9729,F,0.20168261892382575
HD 73344 c,13.5,15.9205,F,0.2692895802129024
HD 73344 d,13.2,0.0407,F,0.23444769551335087
HD 73526 b,13.1,5.1529,G (Sun-like),0.38676632179115183
HD 73526 c,13.3,2.0521,G (Sun-like),0.4923497377859364
HD 73534 b,13.7,0.3721,K,0.5072086874253766
HD 73583 b,2.79,43.3,K,0.33183866188180217
HD 73583 c,2.39,10.2,K,0.5207830577426636
HD 74156 b,13.5,32.0951,F,0.21293491193506234
HD 74156 c,12.5,0.186,F,0.38673084543809283
HD 7449 b,12.6,0.2125,F,0.40121990786215667
HD 74698 b,5.12,123.0,G (Sun-like),0.17148743406551245
HD 74698 c,14.0,0.088,G (Sun-like),0.2976575208759002
HD 75289 b,14.2,821.3488,F,0.06824314019949385
HD 75302 b,12.8,0.0299,G (Sun-like),0.21295858534700657
HD 75784 b,13.8,5.3535,K,0.4272027900086198
HD 75784 c,12.8,0.0808,K,0.3465320338237322
HD 75898 b,13.2,1.9945,F,0.4966361836923606
HD 75898 c,12.6,0.0528,F,0.2589382893509434
HD 76700 b,9.6,723.1837,G (Sun-like),0.07906691877464
HD 76920 b,13.1,24.7841,K,0.2842358733371252
HD 77338 b,4.12,152.7909,G (Sun-like),0.16733484466715978
HD 77946 b,2.89646124,413.1008,F,0.12788684406913006
HD 79181 b,14.1,76.0617,K,0.2065857051398698
HD 79498 b,13.6,0.1207,G (Sun-like),0.33158108453653456
HD 80606 b,11.56766808,4.6941,G (Sun-like),0.4106460745096524
HD 80653 b,1.613,6130.0,G (Sun-like),0.05579989154555425
HD 80869 b,12.8,0.142,G (Sun-like),0.3543286681342117
HD 80883 b,12.8,0.0103,K,0.1976467571413647
HD 80913 b,12.0,0.0326,F,0.2230643204395124
HD 81040 b,12.6,0.2213,G (Sun-like),0.4059299808281517
HD 81688 b,13.5,143.6043,K,0.17708688765308622
HD 81817 b,12.0,174.402,K,0.17253724234554066
HD 81817 c,12.0,337.2228,K,0.14737762624864803
HD 82886 b,13.3,5.568,K,0.42651447407691323
HD 82943 b,13.5,1.117,G (Sun-like),0.5573934568590646
HD 82943 c,13.4,2.8285,G (Sun-like),0.45390055001345886
HD 8326 b,9.58,1.1342,K,0.6580556685470005
HD 83443 b,14.1,477.4442,G (Sun-like),0.08264273174768925
HD 83443 c,13.6,0.0123,G (Sun-like),0.15449770745904276
HD 8535 b,14.0,0.3584,F,0.4502328233837059
HD 85390 b,6.16,0.2281,K,0.541604534099104
HD 85426 c,3.19,39.67885891343066,G (Sun-like),0.2821915363507988
HD 8574 b,13.4,4.1197,F,0.4100012278734606
HD 86065 b,12.5,0.0013,K,0.12222567692097482
HD 86081 b,13.6,2003.7697,G (Sun-like),0.05053484196832254
HD 86226 b,14.3,0.1583,G (Sun-like),0.35562963165303346
HD 86226 c,2.16,647.901,G (Sun-like),0.11600608583542114
HD 86264 b,12.5,0.5987,F,0.5244616323589917
HD 86728 b,3.03,37.1828,G (Sun-like),0.2917349014444572
HD 8673 b,12.3,0.3841,F,0.47424550479046573
HD 86950 b,13.0,4.9065,K,0.44313524829313977
HD 87646 b,12.4,665.812,G (Sun-like),0.07612511948852291
HD 87816 b,12.7,17.2656,K,0.3164506632588512
HD 87816 c,12.4,0.4396,K,0.5393445161283739
HD 87883 b,12.7,0.0238,K,0.247430991589282
HD 88072 b,12.6,0.0056,G (Sun-like),0.11998098559704254
HD 88133 b,13.8,1368.0872,G (Sun-like),0.05752790649015595
HD 88986 b,2.49,7.3543,G (Sun-like),0.5173450252048313
HD 89307 b,13.4,0.1265,G (Sun-like),0.3377897774117484
HD 89345 b,7.39794,275.6427,G (Sun-like),0.11832951471196979
HD 89744 b,12.6,7.4311,F,0.3499741554744393
HD 89839 b,12.8,0.1067,F,0.3241422078560661
HD 90156 b,4.43,11.52,G (Sun-like),0.39589004457272065
HD 9174 b,13.7,0.4979,G (Sun-like),0.49096367801309176
HD 92788 b,13.0,1.1129,G (Sun-like),0.5633780561393411
HD 92788 c,13.0,0.0095,G (Sun-like),0.14297944461777512
HD 93083 b,14.3,1.59,K,0.5615193558604689
HD 93351 b,1.69,522.5845,G (Sun-like),0.13092701724190786
HD 93351 c,12.3,0.0051,G (Sun-like),0.11687796615962136
HD 93385 b,1.88,281.697,G (Sun-like),0.15931797155889943
HD 93385 c,2.56,128.3482,G (Sun-like),0.197185357201701
HD 93385 d,2.89,24.471,G (Sun-like),0.3395488878462627
HD 93963 A b,1.46954368,2898.0,G (Sun-like),0.12370066540782829
HD 93963 A c,3.11976057,543.8,G (Sun-like),0.11434904694382957
HD 9446 b,14.0,30.7942,G (Sun-like),0.21386822882176465
HD 9446 c,13.4,2.5718,G (Sun-like),0.4650613419783877
HD 94771 b,14.2,0.271,G (Sun-like),0.41631008702560723
HD 94834 b,13.7,1.3107,K,0.5884660907460023
HD 94890 b,13.3,13.5382,K,0.33510481560544
HD 94890 c,12.5,3.094,K,0.5016033759379691
HD 95089 b,13.7,7.2989,K,0.3942004397388128
HD 95089 c,13.1,1.2174,K,0.6028167393166707
HD 95127 b,12.4,116.3001,K,0.18985395286662443
HD 95338 b,4.27174254,7.42,K,0.5087096435166124
HD 95544 b,12.8,0.1,G (Sun-like),0.3175419210410148
HD 95735 c,3.76,0.0023,K,0.16865651881280858
HD 95872 b,13.0,0.0216,G (Sun-like),0.18980955040908365
HD 96063 b,13.7,10.3076,K,0.35887940628582343
HD 96127 b,13.0,364.3861,K,0.14279922502619732
HD 96167 b,14.0,2.0941,G (Sun-like),0.48337147432825506
HD 96700 b,2.93,228.5794,G (Sun-like),0.1568287386852407
HD 96700 c,1.69,69.413,G (Sun-like),0.2642385336180933
HD 96700 d,3.61,7.6762,G (Sun-like),0.4716110143693568
HD 96992 b,13.7,19.1936,K,0.3021411878906063
HD 97037 b,12.1,0.0357,G (Sun-like),0.2295269638508528
HD 97658 b,2.12,41.924,G (Sun-like),0.30121384005741547
HD 98219 b,13.4,7.0547,K,0.39986738390963866
HD 98649 b,12.5,0.0272,G (Sun-like),0.20750510513207374
HD 98736 b,13.3,0.1734,G (Sun-like),0.3726012691144932
HD 99109 b,14.3,0.5465,G (Sun-like),0.49590795403750126
HD 99283 b,13.8,55.3069,K,0.22576519978975462
HD 99492 b,5.44,23.2671,K,0.3491336823023375
HD 99706 b,13.7,3.9282,K,0.4630738412989309
HIP 10090 b,13.0,0.1074,G (Sun-like),0.3234837535736485
HIP 10090 c,13.9,1.9857,G (Sun-like),0.4903766719813211
HIP 105854 b,12.6,71.2902,K,0.21497481847180155
HIP 107772 b,3.64,1.163,K,0.8154672967949763
HIP 107773 b,13.4,142.9997,K,0.1775246620934613
HIP 109384 b,13.5,0.3732,K,0.5093427971820698
HIP 109600 b,13.2,1.6736,G (Sun-like),0.516735284493507
HIP 111909 b,13.7,6.0097,K,0.41515210268551855
HIP 111909 c,13.9,2.6982,K,0.5049873506384054
HIP 113103 b,1.829,55.7356,K,0.33092421696433183
HIP 113103 c,2.4,180.487,K,0.22745433914997948
HIP 114933 b,13.4,1.711,K,0.5621832904214339
HIP 116454 b,2.469,51.2858,K,0.3227479573165971
HIP 12961 b,13.2,1.5889,K,0.5725905145632044
HIP 14810 b,13.0,201.7351,G (Sun-like),0.11404662196833643
HIP 14810 c,13.6,3.2423,G (Sun-like),0.4361671980933915
HIP 14810 d,14.1,0.2597,G (Sun-like),0.4122088430218869
HIP 18606 b,14.0,4.4294,K,0.44701315279823045
HIP 19976 b,4.94,3.4055,K,0.6061943700121665
HIP 21152 b,12.0,0.015,F,0.17102083310929633
HIP 29442 c,1.551,451.0,G (Sun-like),0.1399404010991447
HIP 29442 d,1.538,203.0,G (Sun-like),0.1851413292923624
HIP 34222 b,13.9,0.3832,K,0.5088652215854159
HIP 35173 b,3.61,6.4967,K,0.5463576701829549
HIP 35965 b,12.6,0.0009,K,0.11337873919321541
HIP 38594 b,2.77,1.3216,K,0.8422662837164357
HIP 38594 c,7.94,0.006,K,0.18850533395811714
HIP 39017 b,12.0,0.0115,F,0.15602219212253157
HIP 39330 b,13.5,0.044,G (Sun-like),0.23923649379393713
HIP 41378 b,2.419,148.5,F,0.1896131207339139
HIP 41378 c,2.505,57.55,F,0.26138673627148906
HIP 41378 d,3.54,3.01,F,0.6205726034275706
HIP 41378 e,4.92,2.1,F,0.629601520219696
HIP 41378 f,9.2,1.24,F,0.6041102324272184
HIP 41378 g,2.5,22.3,F,0.3610107067269357
HIP 4845 b,3.89,2.9859,K,0.6588590740069399
HIP 48714 b,5.11,5.5708,K,0.5296957993011634
HIP 5158 b,13.6,0.1389,K,0.39632936118673157
HIP 5158 c,12.2,0.0046,K,0.162994708758114
HIP 54373 b,2.87,15.0984,K,0.44928451912051826
HIP 54373 c,3.57,6.1142,K,0.5567967318823547
HIP 54515 b,12.2,0.0171,A (hot),0.1781401593564798
HIP 54597 b,13.3,0.0143,K,0.21371657133014604
HIP 55507 b,12.6,0.0056,K,0.16998098559704256
HIP 56640 b,12.7,0.542,K,0.5608094287819583
HIP 57274 c,14.2,48.8832,K,0.2319887817146533
HIP 57274 d,14.2,1.5183,K,0.5675365325535549
HIP 5763 b,14.2,6.2967,K,0.4066435325933902
HIP 63242 b,12.5,133.6297,K,0.18298713070923422
HIP 65 A b,22.75427,661.0,K,0.11482870848850328
HIP 65407 b,14.3,20.7979,G (Sun-like),0.24270116438120898
HIP 65407 c,13.9,6.5252,G (Sun-like),0.35482535370287716
HIP 65891 b,12.7,5.617,K,0.43015200770863055
HIP 66074 b,12.9,0.2381,K,0.46190409948805405
HIP 67522 b,9.9872018,341.0878,G (Sun-like),0.10175436965611166
HIP 67522 c,7.93595834,116.049,G (Sun-like),0.15709057377496108
HIP 67537 b,12.3,1.7903,K,0.5686549353894855
HIP 67851 b,13.7,83.22,K,0.20295837949667833
HIP 67851 c,12.7,0.7091,K,0.5913369722049566
HIP 70849 b,12.9,0.0056,K,0.16923720737844283
HIP 71135 b,4.55,1.1013,K,0.7847840591274147
HIP 74890 b,13.3,3.7188,K,0.4727097126793817
HIP 75092 b,13.5,2.5659,K,0.514413633581339
HIP 79431 b,13.4,0.2179,M (red dwarf),0.39760029405693953
HIP 8152 b,2.53625843,88.9,G (Sun-like),0.2243898025153256
HIP 8152 c,2.52442508,39.9,G (Sun-like),0.29589030041312103
HIP 8541 b,12.6,1.4683,K,0.5879676717144292
HIP 8923 b,12.5,0.0539,G (Sun-like),0.26126738558989177
HIP 90988 b,13.4,4.1955,K,0.45789761388564715
HIP 91258 b,13.7,166.6086,G (Sun-like),0.12021672771802487
HIP 94235 b,3.0,219.2841,G (Sun-like),0.1583152849065046
HIP 948 b,12.1,0.0008,K,0.11147402785820355
HIP 9618 b,3.82838127,40.3,G (Sun-like),0.26958025857804213
HIP 9618 c,3.42855926,11.7,G (Sun-like),0.41748218103948326
HIP 97166 b,2.4801338,9.0686,G (Sun-like),0.4850204198196172
HIP 97166 c,2.75,30.7622,G (Sun-like),0.31760434436714147
HIP 97233 b,12.1,2.5778,K,0.5274920080904814
HIP 98599 b,12.7,0.1724,G (Sun-like),0.3765305283574424
HIP 99770 b,12.2,0.0555,A (hot),0.26551107297060583
HN Lib b,2.2,0.503,M (red dwarf),0.7599752606425603
HR 5183 b,13.1,0.0077,G (Sun-like),0.13265768477639123
HR 810 b,12.7,2.116,F,0.49479987182637214
HR 858 b,2.004,989.7,F,0.10149153257372814
HR 858 c,1.979,512.0,F,0.12808635768089777
HR 858 d,2.001,217.0,F,0.1724540769107164
HR 8799 b,13.0,0.0011,F,0.06742607594667559
HR 8799 c,13.0,0.0034,F,0.1000021285785992
HR 8799 d,13.0,0.0085,F,0.13756806073892427
HR 8799 e,13.11453,0.0201,F,0.18475354304337915
HS Psc b,13.6,64.4735,K,0.2173749800362521
IC 4651 9122 b,12.7,10.4109,K,0.3641425182304697
IRAS 04125+2902 b,10.73820351,41.4199,K,0.2573328928002239
K2-10 b,3.773,42.1,G (Sun-like),0.2664596443508713
K2-100 b,3.88,1915.0,G (Sun-like),0.07016426357218153
K2-101 b,2.0,20.1207,K,0.44041507794848844
K2-104 b,1.79,62.1,K,0.32173562167548275
K2-105 b,3.4,100.0,G (Sun-like),0.20242192640368992
K2-107 b,15.98,1291.4267,F,0.0564455532670643
K2-108 b,5.33,762.0,G (Sun-like),0.08992292013092074
K2-11 b,7.55,9.84,G (Sun-like),0.36583348629270496
K2-110 b,2.592,27.7,K,0.3831382729219002
K2-111 b,1.837,490.0,G (Sun-like),0.13188961918943667
K2-111 c,3.34,142.0569,G (Sun-like),0.1799042366667657
K2-113 b,12.14,277.39,G (Sun-like),0.10392633148333387
K2-114 b,10.59248676,40.0,K,0.26056654147062897
K2-115 b,11.80305668,20.4393,G (Sun-like),0.2568301121038218
K2-116 b,0.69,78.6,K,0.3099912628940471
K2-117 b,2.03,145.8,K,0.24750985886734944
K2-117 c,2.06,21.4,K,0.43030902730813697
K2-118 b,2.54,4.3,K,0.6542150841943242
K2-119 b,2.53,54.9,K,0.31512099650409464
K2-12 b,2.44,185.0,G (Sun-like),0.17534983462873482
K2-121 b,7.16,62.5,K,0.24968780728797968
K2-122 b,1.16,79.9,K,0.36794937329004107
K2-123 b,2.76,2.9,K,0.7112305324307586
K2-124 b,2.9,8.7,M (red dwarf),0.47569712565211064
K2-125 b,2.18,2.0,M (red dwarf),0.760273545277177
K2-126 b,1.97,35.3,K,0.373929977186639
K2-127 b,8.37,105.6,K,0.21013757300953656
K2-128 b,1.42,68.8,K,0.37316010439572167
K2-129 b,1.04,4.5,M (red dwarf),0.7478828214672377
K2-13 b,1.89,22.8,G (Sun-like),0.37843929703280726
K2-130 b,1.25,136.4,K,0.32003241889068224
K2-131 b,1.69,4070.0,K,0.11386740366754179
K2-132 b,14.5717,293.374,K,0.14710094846104266
K2-133 b,1.34,32.5438,M (red dwarf),0.40642096104720166
K2-133 c,1.603,17.6181,M (red dwarf),0.42488024008738756
K2-133 d,2.003,48.3251,M (red dwarf),0.2900527494299451
K2-133 e,1.73,1.8,M (red dwarf),0.8134715746460545
K2-136 b,1.014,33.5,K,0.468349781097526
K2-136 c,3.0,11.91,K,0.4773097132239697
K2-136 d,1.565,7.07,K,0.6216871226949442
K2-137 b,0.64,975.5731,M (red dwarf),0.10673041007797937
K2-138 b,1.51,486.0,G (Sun-like),0.13696572484486222
K2-138 c,2.299,279.0,G (Sun-like),0.15378351254973127
K2-138 d,2.39,160.0,G (Sun-like),0.1852072898162678
K2-138 e,3.39,91.1,G (Sun-like),0.20919957042616438
K2-138 f,2.904,51.0,G (Sun-like),0.26422419377196327
K2-138 g,3.013,9.29,G (Sun-like),0.4621893729124906
K2-139 b,9.11,15.5562,G (Sun-like),0.30072098517789736
K2-14 b,4.81,8.0,K,0.485892073069072
K2-140 b,13.56286665,204.0,G (Sun-like),0.11233493468763883
K2-141 b,1.51,3260.0,K,0.12040025902330241
K2-141 c,7.0,39.1,K,0.28587008879417025
K2-146 b,2.05,20.7,M (red dwarf),0.384917526370282
K2-146 c,2.19,14.028,M (red dwarf),0.4321736532768061
K2-147 b,1.47286006,200.1,M (red dwarf),0.23745539913283104
K2-148 b,1.33,48.8,K,0.41076159354567554
K2-148 c,1.73,26.5,K,0.4156631953268695
K2-148 d,1.64,16.8,K,0.4798826597705088
K2-149 b,1.64,7.0,K,0.618742172571988
K2-15 b,2.48,48.0,K,0.3287631316073037
K2-150 b,2.0,4.9,M (red dwarf),0.6100652468815404
K2-151 b,1.49,20.8,M (red dwarf),0.45717158310922174
K2-152 b,2.29,2.9,K,0.7368795772958724
K2-153 b,2.0,11.8,K,0.5152120981014469
K2-154 b,1.99,57.5,K,0.32357928201305713
K2-154 c,2.07,20.5,K,0.43544831303548187
K2-155 b,1.8,19.9,K,0.44963434802595686
K2-155 c,2.6,7.0,K,0.570626582791935
K2-155 d,1.9,1.67,K,0.8630021168131277
K2-156 b,1.1,654.0363,K,0.22990583820504779
K2-157 b,0.935,6660.0,G (Sun-like),0.05792852604636506
K2-157 c,6.08,22.65,G (Sun-like),0.2938012695047692
K2-157 d,5.16,6.46,G (Sun-like),0.4577885801123626
K2-158 b,2.64,87.3327,G (Sun-like),0.22392244422156238
K2-158 c,1.28,177.6001,G (Sun-like),0.24997882930474025
K2-159 b,2.26,49.2934,G (Sun-like),0.28142208900928756
K2-16 b,2.02,44.5,K,0.3478846191910049
K2-16 c,2.54,13.1,K,0.47900408555321616
K2-162 b,1.44,34.8621,K,0.44405307656068405
K2-165 d,2.64809498,37.0819,K,0.3504095158249723
K2-166 b,2.19,390.3952,G (Sun-like),0.1380887439290063
K2-167 b,2.36509493,317.0,F,0.14625486421692183
K2-168 b,1.86,81.57327998205973,G (Sun-like),0.2455816371339446
K2-17 b,2.23,4.91,K,0.6470018955597666
K2-174 b,2.6,10.9555,K,0.5023338866617632
K2-178 b,3.55790985,117.826,G (Sun-like),0.18931577193473936
K2-18 b,2.37,1.005,M (red dwarf),0.8610720521840255
K2-18 c,2.65,7.0278,M (red dwarf),0.5179547144710795
K2-180 b,2.46597575,48.3,G (Sun-like),0.27848855539043954
K2-181 b,2.69,192.0,G (Sun-like),0.1696705527723907
K2-182 b,2.71257333,146.9,K,0.2359121613278326
K2-183 c,2.3,84.9927,G (Sun-like),0.23244275786832078
K2-183 d,2.3,31.6618,G (Sun-like),0.32618466086337516
K2-184 b,1.47,14.0501,G (Sun-like),0.5146186414626948
K2-185 b,1.15,101.30557938745646,G (Sun-like),0.297140729588969
K2-185 c,2.39,12.24370323152261,G (Sun-like),0.4439599860924953
K2-187 b,1.2,2367.252,G (Sun-like),0.13175490415916555
K2-187 c,1.4,414.343,G (Sun-like),0.1966734238344523
K2-187 d,2.4,122.8195,G (Sun-like),0.20286465643908985
K2-187 e,1.9,52.0501,G (Sun-like),0.2855817466318657
K2-188 b,1.35,1945.6975,G (Sun-like),0.13593008504183987
K2-188 c,2.83,230.628,G (Sun-like),0.1574945488130334
K2-189 b,1.403,497.0,G (Sun-like),0.18759699601905822
K2-189 c,2.31,140.0,G (Sun-like),0.19533334156088764
K2-19 b,7.0,87.0,G (Sun-like),0.17914490691683335
K2-19 c,4.1,51.0,G (Sun-like),0.24484733241362996
K2-19 d,1.044,404.0,G (Sun-like),0.2049022532088698
K2-192 b,1.52,181.7191,G (Sun-like),0.19281042482684504
K2-193 b,3.95,59.921,G (Sun-like),0.2336270403809222
K2-195 b,3.13,66.6667,G (Sun-like),0.23712483053884476
K2-197 b,2.56,118.4501,G (Sun-like),0.2027568412098766
K2-198 b,4.189,62.08776897980816,G (Sun-like),0.2277059567368682
K2-198 c,1.423,541.1510236503732,G (Sun-like),0.183251229670287
K2-198 d,2.438,187.17784660566045,G (Sun-like),0.17466580933761042
K2-199 b,1.73,116.2,K,0.27015219948886854
K2-199 c,2.85,38.6,K,0.3418128581271051
K2-203 b,1.26549392,49.6336,K,0.4114433328307895
K2-204 b,3.17214154,290.0978,G (Sun-like),0.1418855276443847
K2-208 b,1.67462172,264.3425,G (Sun-like),0.16636113964166374
K2-21 b,1.84,10.0,K,0.5482770453434155
K2-21 c,2.49,5.1,K,0.6275417152023847
K2-211 b,1.33162691,2056.0589,K,0.1844762955513136
K2-212 b,2.65,21.964,K,0.40853696882233204
K2-214 b,2.51,238.0,G (Sun-like),0.1596990209716598
K2-216 b,1.75,248.0,K,0.21876192012685652
K2-22 b,2.3,114.0,K,0.2599584366041509
K2-220 b,2.37,79.7,G (Sun-like),0.2362510722876652
K2-222 b,2.275,95.0,G (Sun-like),0.2241423360687868
K2-223 b,0.89,5714.3505,G (Sun-like),0.060669942139136665
K2-223 c,1.5,305.7945,G (Sun-like),0.21119237544620895
K2-224 b,1.56,215.6156,G (Sun-like),0.18084822544025303
K2-224 c,2.41,73.1328,G (Sun-like),0.24255789103759498
K2-225 b,3.60929179,121.3934,G (Sun-like),0.18676822868290968
K2-226 b,1.53899305,332.7564,G (Sun-like),0.1558207016035533
K2-228 b,1.21,123.9803,K,0.328616568760846
K2-229 b,1.0,2290.0,G (Sun-like),0.0849868469982315
K2-229 c,2.03,66.0,G (Sun-like),0.25990624641806015
K2-230 b,1.96,1241.5334,G (Sun-like),0.09415168232910402
K2-232 b,11.209,312.155,F,0.10184376542857453
K2-233 b,1.315,269.0,K,0.2722977857018126
K2-233 c,1.272,66.2,K,0.38183727327453265
K2-233 d,2.363,12.7,K,0.4897285781849834
K2-237 b,16.06246934,1860.0,F,0.04961475826543721
K2-238 b,14.5717,1082.6407,G (Sun-like),0.06153588081155338
K2-239 b,1.1,8.227,M (red dwarf),0.6274978424554456
K2-239 c,1.0,4.8225,M (red dwarf),0.6879742357582795
K2-239 d,1.1,3.4099,M (red dwarf),0.7977759422657281
K2-24 b,5.4,52.0,G (Sun-like),0.22797971179507573
K2-24 c,7.5,20.0,G (Sun-like),0.29073204309001266
K2-240 b,2.0,20.1392,K,0.44029545861650654
K2-240 c,1.8,3.9456,K,0.7118161526935048
K2-241 b,2.55,14.5807,G (Sun-like),0.41393631461224273
K2-242 b,2.54,6.3759,M (red dwarf),0.5382113604836283
K2-243 b,2.17,226.095,F,0.16737072878345333
K2-243 c,2.01,80.9171,F,0.24270654992124546
K2-244 b,1.75,37.9007,G (Sun-like),0.32319090731606864
K2-245 b,4.34,83.0,G (Sun-like),0.2043181929327007
K2-246 b,3.49,194.9508,G (Sun-like),0.15959246243965924
K2-247 b,2.12,142.1387,K,0.2476082235355503
K2-247 c,2.19,34.7304,K,0.36916146157874474
K2-248 b,2.57,132.3323,G (Sun-like),0.19494685167358553
K2-249 b,2.79,163.7274,F,0.17798107562826085
K2-25 b,3.44,9.91,M (red dwarf),0.4399580191797953
K2-250 b,2.71257333,169.218,K,0.22698837486271223
K2-251 b,2.35,9.4444,K,0.5340687575652849
K2-252 b,1.74,36.0315,K,0.37915100120317063
K2-254 b,1.63,74.9905,K,0.30894104909171705
K2-254 c,2.19,17.6668,K,0.45058920934512486
K2-255 b,2.9,215.9107,K,0.2103253854413708
K2-257 b,0.83,89.1463,K,0.30648441208475774
K2-258 b,3.0,84.2989,F,0.2206666739235977
K2-259 b,2.32,90.9529,F,0.22666360548590947
K2-26 b,2.67,5.8,K,0.5980827069685383
K2-260 b,18.41635529,2520.03,F,0.0430005435157266
K2-261 b,9.26982704,180.0,G (Sun-like),0.12961971259114297
K2-263 b,2.513,8.17,G (Sun-like),0.4998118022451491
K2-264 b,2.231,13.0794,M (red dwarf),0.44054326135906585
K2-264 c,2.668,2.5922,M (red dwarf),0.6853548825165383
K2-265 b,1.70824866,592.0,G (Sun-like),0.12510327286195316
K2-266 b,3.3,879.5,K,0.1454905206538205
K2-266 c,0.705,32.4,K,0.403618707919368
K2-266 d,2.93,13.95,K,0.457969553285231
K2-266 e,2.73,9.581,K,0.5173397050679881
K2-268 b,1.5,392.1704,K,0.24778755348062725
K2-268 c,2.69,55.4636,K,0.3108750440183798
K2-268 d,1.49,147.05884184336875,K,0.30825009661436237
K2-268 e,1.33,97.35748414889667,K,0.344892235509612
K2-268 f,2.23,13.857972313549887,K,0.48235997964204375
K2-269 b,1.57,1041.5274,F,0.10422994048390884
K2-27 b,4.74,116.0,G (Sun-like),0.1782375099645069
K2-270 b,1.38,497.0717,K,0.23796771172172723
K2-270 c,2.95,122.7722,K,0.24440426399040854
K2-271 b,7.28,133.8067,G (Sun-like),0.1527975476919248
K2-272 b,3.13,49.181,G (Sun-like),0.2632810028001597
K2-273 b,3.05,83.5129,K,0.2706004093893974
K2-274 b,2.08,33.3287,K,0.3769166334603795
K2-275 b,2.34,161.2476,K,0.23549145409647199
K2-275 c,2.21,45.7572,K,0.3399700472937426
K2-276 b,3.77,23.5921,K,0.3743380068872152
K2-277 b,2.18575124,195.0,G (Sun-like),0.1759742171857409
K2-278 b,2.98,1051.5587,F,0.09170671940643756
K2-279 b,1.21,139.1055,G (Sun-like),0.2696559312240216
K2-28 b,2.32,30.1,M (red dwarf),0.3312558504195175
K2-280 b,7.5,69.5,G (Sun-like),0.19028452149484454
K2-281 b,8.18,37.7384,K,0.2795589847562821
K2-282 b,2.5,245.0004,G (Sun-like),0.1582220911034047
K2-283 b,3.52,353.6521,K,0.17942217849685593
K2-284 b,2.78,42.6,K,0.33362768031669804
K2-285 b,2.59,234.31,K,0.20954308850467773
K2-285 c,3.53,50.35,K,0.3043764504386039
K2-285 d,2.48,24.61,K,0.3998328677901373
K2-285 e,1.95,10.5,K,0.5353002651180394
K2-286 b,2.1,2.8792,K,0.7499325725530079
K2-287 b,9.494023,53.5814,G (Sun-like),0.19598369392606768
K2-288 B b,1.9,0.4368,M (red dwarf),0.7557546473812129
K2-289 b,9.1,27.3178,G (Sun-like),0.2492881457039841
K2-29 b,13.33871,293.0,G (Sun-like),0.09945511146095479
K2-290 b,3.06,308.9946,F,0.13987824754848716
K2-290 c,11.276254,28.2979,F,0.23301157919949417
K2-291 b,1.589,633.0,G (Sun-like),0.12378846356787479
K2-292 b,2.63,67.0,G (Sun-like),0.24558539725319403
K2-293 b,2.45,74.83147950814767,G (Sun-like),0.2398436749175279
K2-294 b,1.66,975.2113240981308,G (Sun-like),0.10561422983218706
K2-295 b,10.054473,97.8595,K,0.20685171137360653
K2-3 b,2.078,10.5,K,0.5294609567875007
K2-3 c,1.582,3.17,K,0.7689503511994217
K2-3 d,1.458,1.44,K,0.9795322584768421
K2-30 b,11.646151,299.0,G (Sun-like),0.10235368301559655
K2-308 b,9.916,512.9234,F,0.08840798753896653
K2-31 b,11.88154,1272.0,G (Sun-like),0.061393626369006714
K2-312 c,12.8,0.4519,G (Sun-like),0.48851227433368954
K2-315 b,0.95,7.45,M (red dwarf),0.5994397830135219
K2-316 b,1.33,68.5057,M (red dwarf),0.32653522672820523
K2-316 c,1.83,4.3703,M (red dwarf),0.641055191441707
K2-317 b,2.93,4.5848,M (red dwarf),0.5758369137044947
K2-318 b,1.66,6.368,K,0.6341043153243747
K2-319 b,2.79,25.1842,G (Sun-like),0.3387880741179433
K2-32 b,5.299,79.5,G (Sun-like),0.19784864521199358
K2-32 c,3.134,26.2,G (Sun-like),0.32612894550568877
K2-32 d,3.484,14.8,G (Sun-like),0.38538904888397413
K2-32 e,1.212,210.7222,G (Sun-like),0.2400518265893798
K2-320 b,2.62,37.1662,M (red dwarf),0.3008392394183993
K2-321 b,2.05124347,68.5516,K,0.3060180866073981
K2-322 b,1.92,25.9048,K,0.411476039896655
K2-323 b,2.1,2.8163,K,0.753948822684984
K2-324 b,2.43,42.3931,K,0.3420774215444969
K2-325 b,2.2,5.0999,M (red dwarf),0.5920022441568376
K2-326 b,2.28,268.1283,K,0.20618676256407875
K2-329 b,8.675766,45.7,G (Sun-like),0.21182285260912
K2-33 b,5.04,89.6695,M (red dwarf),0.19206449666203557
K2-330 b,2.77,114.929,F,0.20157168724046143
K2-331 b,1.79,161.47110271189285,G (Sun-like),0.19515748130192917
K2-331 c,2.72,48.51762519186052,G (Sun-like),0.2725105852868472
K2-332 b,2.2,1.184038501975034,M (red dwarf),0.8480963651212242
K2-333 b,6.18,102.1266,G (Sun-like),0.17477480882726237
K2-334 b,5.65,832.2294,F,0.0859769972822495
K2-335 b,2.21,191.8245234578544,F,0.17660106555928792
K2-336 b,1.22,24.79067454072688,G (Sun-like),0.4466719618988964
K2-337 b,2.62,123.45679012345681,G (Sun-like),0.19891411235229983
K2-338 b,1.03,88.89684062211902,K,0.36284948249808735
K2-339 b,1.92,15.750492107122907,K,0.4766878583067623
K2-34 b,13.75,963.566,F,0.0650926779699393
K2-340 b,3.36,31.89552646160846,G (Sun-like),0.3005401531378182
K2-341 b,3.21,30.24433321428292,G (Sun-like),0.3090748795359638
K2-342 b,2.03,129.97262314387999,G (Sun-like),0.20555578991650605
K2-343 b,1.65,43.002331556682485,K,0.3628329441770894
K2-343 c,2.02,11.057350845895044,K,0.5241479793834094
K2-344 b,1.59,37.2966,K,0.3805655092708069
K2-345 b,2.11,8.625117618471348,K,0.5587743645427514
K2-346 b,2.26,8.8138,K,0.5485905124412456
K2-347 b,2.41,39.67885891343066,K,0.3492540126740842
K2-348 b,3.26,133.083,K,0.23500842675033057
K2-348 c,2.67,43.53158479696318,K,0.3339163257490973
K2-349 b,1.38,17.027791245463362,K,0.5408082685838388
K2-35 b,1.32,211.0,K,0.2874012227477393
K2-35 c,1.93,68.0,K,0.3097165311574248
K2-350 b,1.54,425.27858653033365,G (Sun-like),0.14301569700637615
K2-350 c,2.74,52.68248188599276,G (Sun-like),0.2645113033401106
K2-351 b,2.54,179.98105084794966,G (Sun-like),0.17559677306041666
K2-352 b,1.37,428.22422807541113,G (Sun-like),0.19551618112793517
K2-352 c,1.92,145.08160821829242,G (Sun-like),0.19994543591809444
K2-352 d,2.23,66.0658339856569,G (Sun-like),0.2551266714773206
K2-353 b,5.55,33.0649,G (Sun-like),0.2643734176298868
K2-354 b,1.56,20.560733152141378,M (red dwarf),0.4055304070221466
K2-355 b,2.25,192.2722,G (Sun-like),0.17583608386434849
K2-356 b,2.29,22.3128,G (Sun-like),0.36736278860403077
K2-357 b,3.72,40.8918,G (Sun-like),0.2699823791472314
K2-358 b,2.68,92.6053,G (Sun-like),0.2187420435496834
K2-36 b,1.43,519.0,K,0.2350999191122338
K2-36 c,3.2,89.0,K,0.26357141309714965
K2-360 c,4.02,115.0,G (Sun-like),0.1857347611466221
K2-37 b,1.39,193.0,G (Sun-like),0.24168142969749246
K2-37 c,2.41,118.0,G (Sun-like),0.20553113131146092
K2-37 d,2.31,41.3,G (Sun-like),0.29770349993712325
K2-370 b,2.67,428.205,G (Sun-like),0.12846698995887984
K2-38 b,1.54,426.0,G (Sun-like),0.14293108212612352
K2-38 c,2.29,117.0,G (Sun-like),0.2082545571984074
K2-388 b,3.9,138.0,G (Sun-like),0.1755468271325829
K2-389 b,2.33,179.0,G (Sun-like),0.17902433282793492
K2-39 b,6.27704,1356.0,K,0.1206470437493838
K2-390 b,4.662,260.965,G (Sun-like),0.1349498763182746
K2-394 b,1.692,28.5068,K,0.40818708025022404
K2-4 b,2.1,15.6,K,0.470802327898282
K2-403 b,5.333,134.883,G (Sun-like),0.16447032433741057
K2-405 b,4.569,146.577,K,0.21574903285911734
K2-411 b,0.9898,619.038,G (Sun-like),0.13408431462410975
K2-412 b,2.116,243.518,G (Sun-like),0.1638966142481899
K2-413 b,0.7599,921.755,K,0.16205347100337408
K2-413 c,1.2327,69.529,K,0.378489411188629
K2-414 b,1.219,72.113,K,0.37548699675819963
K2-414 c,1.9287,56.13,K,0.3274912069975432
K2-415 b,1.015,4.82,M (red dwarf),0.7366139349049085
K2-416 b,2.66,6.9344,K,0.569675217005884
K2-417 b,3.31,15.8226,K,0.4312987958307264
K2-419 A b,10.55,3.3,K,0.5140921497730867
K2-42 b,2.15,44.1,K,0.3452390163797976
K2-43 b,4.51,49.0,K,0.29282105408877596
K2-43 c,2.42,338.4013810128618,K,0.1923006373438354
K2-44 b,2.433,646.0,G (Sun-like),0.11341500467933471
K2-45 b,6.71,100.0,K,0.22251667082822923
K2-46 b,2.05,119.0,F,0.21155103621069843
K2-47 b,1.89,10.7,K,0.5352137623260111
K2-48 b,2.24,15.3,K,0.4681990652882928
K2-49 b,1.93,59.0,K,0.32273686101713484
K2-5 b,1.91,24.1,K,0.4207308636150309
K2-5 c,2.26,10.2,K,0.5260589378358829
K2-50 b,1.59,18.8,K,0.46641925025217257
K2-53 b,2.6,52.5,G (Sun-like),0.2677219692438928
K2-54 b,2.6116925,6.1,K,0.5923330314943983
K2-55 b,4.43,141.3,K,0.2190886204221758
K2-57 b,2.30905002,24.1,K,0.4073985573182879
K2-58 b,2.68,118.0,G (Sun-like),0.20111570348618746
K2-58 c,1.62,462.0,G (Sun-like),0.1377161371007092
K2-58 d,1.71,24.6,G (Sun-like),0.37572821691617947
K2-59 b,2.41,17.1,K,0.4473118772237746
K2-59 c,2.3,38.3,K,0.3557314962487337
K2-6 b,2.5,28.6,G (Sun-like),0.3320034186994651
K2-60 b,7.655747,1212.0,G (Sun-like),0.06993119813309741
K2-61 b,1.92,730.0,G (Sun-like),0.11380172697284893
K2-62 b,2.02,46.7,K,0.343002034426896
K2-62 c,1.99,14.3,K,0.4874674632371853
K2-63 b,3.22,188.0,F,0.16450472149210085
K2-63 c,3.9,139.0,F,0.1751069372447386
K2-64 b,2.07,98.0,G (Sun-like),0.2258641440584213
K2-65 b,1.58,45.0,G (Sun-like),0.31036818031123825
K2-66 b,2.49,840.0,G (Sun-like),0.10298410570991173
K2-68 b,1.58,41.0,K,0.3704093488791758
K2-69 b,2.32,17.9,K,0.4443374846874716
K2-7 b,4.03523305,125.0,G (Sun-like),0.18028050969184958
K2-70 b,2.89,62.0,G (Sun-like),0.24731429434040184
K2-71 b,2.15,13.4,K,0.4902594302115328
K2-72 b,1.08,8.5,M (red dwarf),0.6231954507951258
K2-72 c,1.16,2.2,M (red dwarf),0.8799123659489695
K2-72 d,1.01,5.4,M (red dwarf),0.7146303664664424
K2-72 e,1.29,1.2,M (red dwarf),0.980578461599085
K2-73 b,2.58,209.0,G (Sun-like),0.16615776104250565
K2-73 c,13.0,0.285,G (Sun-like),0.43210288245720907
K2-74 b,2.31,59.1,F,0.26326735114456706
K2-75 b,2.67,430.0,G (Sun-like),0.12827947515467716
K2-75 c,2.77,138.0,G (Sun-like),0.1891653474112877
K2-77 b,2.4996027,58.0,K,0.3108017501315971
K2-79 b,4.15,180.0,G (Sun-like),0.15779799683644655
K2-8 b,3.58,37.7,K,0.32996809889462714
K2-8 c,2.41,97.8,K,0.26935832368814105
K2-80 b,2.01,32.5,G (Sun-like),0.33189209884085963
K2-80 c,1.47,166.0,G (Sun-like),0.2501173073513771
K2-81 b,1.97,62.9,K,0.31576216854037525
K2-83 b,1.244,41.5,K,0.43202929918466093
K2-83 c,1.483,7.42,K,0.6684947392380239
K2-84 b,2.41,178.0,G (Sun-like),0.17816421899012702
K2-84 c,2.03,25.3,G (Sun-like),0.3605440942383112
K2-85 b,1.4,800.0,K,0.21655273330858832
K2-86 b,1.96,78.0,G (Sun-like),0.24698263951624017
K2-87 b,7.6,85.0,G (Sun-like),0.1769080236325817
K2-88 b,1.23,7.8,M (red dwarf),0.6271892395679182
K2-89 b,0.615,78.0,M (red dwarf),0.2555552475744725
K2-9 b,2.25,1.36,M (red dwarf),0.8217658479901507
K2-90 b,2.6,10.2,K,0.5127874004212077
K2-90 c,1.3,80.8,K,0.3621790332309889
K2-91 b,1.1,46.0,M (red dwarf),0.37665348651886776
K2-95 b,3.31,8.4172,M (red dwarf),0.4671489718762707
K2-97 b,13.45077684,114.149,K,0.1877666179835938
K2-98 b,5.06645928,339.0,F,0.12078134722786715
K2-99 b,11.88151954,357.0,F,0.09570934969280011
K2-99 c,12.6,3.8779,F,0.42385171611673045
KELT-1 b,12.442,5165.92,F,0.037145886740462236
KELT-10 b,15.681391,600.0,G (Sun-like),0.07416718356501117
KELT-11 b,15.13212395,1433.0,G (Sun-like),0.05522932716934057
KELT-12 b,19.95202,1749.0,F,0.04781248857405601
KELT-14 b,19.537287,826.113,G (Sun-like),0.06250742022263289
KELT-15 b,19.50366,1612.7618,F,0.04949237556386378
KELT-16 b,15.860735,6992.0328,F,0.031322851834340075
KELT-17 b,17.093725,3331.8707,F,0.03978983228091041
KELT-18 b,17.59813,3152.0,F,0.040253339201774214
KELT-19 A b,21.40919,2340.0,A (hot),0.04236352571220591
KELT-2 A b,15.13215,3108.45,F,0.0421233112757215
KELT-20 b,19.514869,4362.5,A (hot),0.03493592213323241
KELT-21 b,17.777474,2950.0,A (hot),0.041084521257415275
KELT-23 A b,14.829507,991.183,G (Sun-like),0.06316823142566592
KELT-24 b,12.71098411,624.0,F,0.07736267575241448
KELT-4 A b,19.044091,1840.0,F,0.04756846168664653
KELT-6 b,14.5717,718.188,F,0.0710302638479945
KELT-6 c,13.0,0.5448,F,0.5082592021992313
KELT-7 b,17.9344,1775.39,F,0.048955212977738395
KELT-8 b,18.15858,983.3098,G (Sun-like),0.05999076067774059
KELT-9 b,21.196219,44900.0,A (hot),0.01510688514079048
KIC 3526061 b,12.1,0.6208,K,0.5831624145132792
KIC 5437945 b,6.4,2.9,F,0.5451931551430984
KIC 9663113 b,4.6,3.356,F,0.5678579426695113
KOBE-1 b,2.91,20.56,K,0.40942361392528376
KOBE-1 c,3.56,3.91,K,0.6273917109464541
KOI-12 b,13.78707,196.507,F,0.11331405159113601
KOI-1257 b,10.54,7.28,G (Sun-like),0.36907512359244465
KOI-13 b,16.948008,25339.901,A (hot),0.019607476196519966
KOI-134 b,12.03844527,45.0,F,0.19559126286077136
KOI-134 c,9.86,79.051,F,0.16973217659500717
KOI-142 b,3.438,68.563,G (Sun-like),0.23007702928208415
KOI-142 c,14.0,28.7874,G (Sun-like),0.21880469132326652
KOI-1599.01,1.9,44.8,G (Sun-like),0.30065449451575604
KOI-1599.02,1.9,76.81,G (Sun-like),0.24975156740997032
KOI-1783.01,8.86,5.7,G (Sun-like),0.41569322418057536
KOI-1783.02,5.44,2.49,G (Sun-like),0.5897021017081624
KOI-1831 d,1.13,11.8,G (Sun-like),0.5629114225117187
KOI-1833 d,2.58,27.35,K,0.38489125927736006
KOI-1843.03,0.61,1769.292,M (red dwarf),0.08594328668862401
KOI-2513.01,2.80224517,78.19,G (Sun-like),0.2297777613312293
KOI-3503 b,1.19,90.2,F,0.305934764201714
KOI-3503 c,1.21,52.5,F,0.35766523510048
KOI-351 b,1.31,316.442,F,0.2129078821022401
KOI-351 c,1.19,236.315,F,0.23313175532677766
KOI-351 d,2.87,18.168,F,0.3756250455125252
KOI-351 e,2.66,10.228,F,0.4602100479088393
KOI-351 f,2.88,6.796,F,0.514258957152215
KOI-351 g,7.718,3.387,F,0.49931724863095245
KOI-351 h,11.252,1.849,F,0.5270753409883956
KOI-3680 b,11.09691,3.3,G (Sun-like),0.4580130682424291
KOI-4777.01,0.51,320.0,M (red dwarf),0.15119114502430311
KOI-55 b,0.759,636352.1258,A (hot),0.01137176366994789
KOI-55 c,0.867,396618.3609,A (hot),0.013701953545561397
KOI-7368 b,2.22,99.24,G (Sun-like),0.2218455662907464
KOI-7913 b,2.34,8.27,K,0.5551360888252845
KOI-94 b,1.71,1053.181,F,0.10226746358062397
KOI-94 c,4.32,268.219,F,0.13606055391415803
KOI-94 d,11.27,97.12,F,0.15265752185137146
KOI-94 e,6.56,29.7,F,0.26319455731041114
KOI-984 b,4.3,186.31,G (Sun-like),0.15464614094914061
KOI-984 c,14.1,22.0364,G (Sun-like),0.2389464064239933
KPS-1 b,11.54527,729.0,K,0.12514917939569392
Kapteyn c,2.54,0.1666,M (red dwarf),0.5480897450044776
Kepler-10 b,1.47,3741.78,G (Sun-like),0.11739340673950376
Kepler-10 c,2.355,18.3,G (Sun-like),0.3902892771667162
Kepler-10 d,3.49,3.9198,G (Sun-like),0.57953842103006
Kepler-100 b,1.34,478.214,G (Sun-like),0.19052131453745197
Kepler-100 c,2.2,208.657,G (Sun-like),0.17165561926500283
Kepler-100 d,1.61,53.981,G (Sun-like),0.2906277505939122
Kepler-100 e,5.27,25.4128,G (Sun-like),0.2926157802206957
Kepler-1000 b,4.76,18.0,F,0.3364107607802013
Kepler-1001 b,3.15,40.853,G (Sun-like),0.28015993758234503
Kepler-1001 c,1.57799279,72.4,G (Sun-like),0.26359983994933256
Kepler-1002 b,1.71,981.68,F,0.10481261545476704
Kepler-1003 b,1.78,814.925,F,0.11105131264770951
Kepler-1004 b,6.28,1610.087,K,0.1165204159959873
Kepler-1005 b,1.5,301.329,G (Sun-like),0.21202171024657845
Kepler-1006 b,1.54,153.493,G (Sun-like),0.2040132412426972
Kepler-1007 b,1.44,42.62,K,0.42126096925425704
Kepler-1008 b,1.28,35.408,K,0.4489182840426156
Kepler-1009 b,2.17,11.561,K,0.5109923113198019
Kepler-101 b,5.77,1240.332,G (Sun-like),0.07440043825897026
Kepler-101 c,1.25,596.069,G (Sun-like),0.1815750205474112
Kepler-1010 b,2.32,10.17,G (Sun-like),0.47403573584188335
Kepler-1011 b,2.87,108.788,G (Sun-like),0.20392112408009705
Kepler-1012 b,1.29,191.811,G (Sun-like),0.24444859178999312
Kepler-1013 b,2.15,16.101,K,0.4645510428229598
Kepler-1014 b,2.39,33.479,G (Sun-like),0.3176164605543046
Kepler-1015 b,3.55,172.112,F,0.16603753925630843
Kepler-1016 b,2.18,1445.204,G (Sun-like),0.0874746014854543
Kepler-1016 c,3.68,7.071,G (Sun-like),0.481625427558774
Kepler-1017 b,1.99,119.603,G (Sun-like),0.21237941476442015
Kepler-1018 b,2.58,12.098,G (Sun-like),0.43880911429557845
Kepler-1019 b,1.46,330.249,K,0.2576461758456325
Kepler-102 b,0.46,90.0,K,0.28042785551102273
Kepler-102 c,0.567,61.0,K,0.32415329105693946
Kepler-102 d,1.154,36.9,K,0.44966752500824103
Kepler-102 e,2.17,20.3,K,0.4331945258516697
Kepler-102 f,0.861,10.0,K,0.5885980655675177
Kepler-1020 b,2.28,2.339,G (Sun-like),0.7258790382179653
Kepler-1021 b,2.33,50.37,G (Sun-like),0.2776572977775815
Kepler-1022 b,2.36,19.258,K,0.43356463217726476
Kepler-1023 b,2.63,6.978,G (Sun-like),0.5198975225628417
Kepler-1024 b,3.91,5.446,K,0.5639776289350028
Kepler-1025 b,1.98,17.952,F,0.40627784977658987
Kepler-1026 b,2.21,5.988,K,0.6139967472854903
Kepler-1027 b,0.89,1162.51,G (Sun-like),0.105905628734593
Kepler-1028 b,1.33,519.636,G (Sun-like),0.18666919665598203
Kepler-1029 b,1.26,92.16,K,0.35176932998053057
Kepler-103 b,3.4857,150.536,F,0.17466339457240443
Kepler-103 c,5.4539,5.97,F,0.4626187585262233
Kepler-1030 b,2.48,16.881,K,0.44670423026502876
Kepler-1031 b,0.87,3973.86,F,0.06865616382588362
Kepler-1032 b,1.87,176.144,K,0.23782069801156264
Kepler-1033 b,2.51,159.422,G (Sun-like),0.18361118978295304
Kepler-1034 b,2.26,36.787,K,0.3610406755290723
Kepler-1035 b,1.17,1180.064,G (Sun-like),0.15470497607751216
Kepler-1036 b,3.01,2.821,G (Sun-like),0.6538768139880952
Kepler-1037 b,1.28,1015.434,K,0.2088090206741597
Kepler-1038 b,3.53,1.512,G (Sun-like),0.7314071261777557
Kepler-1038 c,1.4162338,89.24,K,0.34978696124578285
Kepler-1039 b,1.46,668.128,K,0.22325635502270147
Kepler-104 b,3.1,119.907,G (Sun-like),0.193933413713888
Kepler-104 c,3.13,45.438,G (Sun-like),0.2705219784797679
Kepler-104 d,3.58,16.012,G (Sun-like),0.3732871199403186
Kepler-1040 b,2.08,2.121,G (Sun-like),0.7566835174717428
Kepler-1041 b,2.94,117.956,G (Sun-like),0.1972660737436964
Kepler-1042 b,2.19,25.66,K,0.4036084640209816
Kepler-1043 b,2.55,21.692,G (Sun-like),0.36289709812249793
Kepler-1044 b,2.67,218.497,G (Sun-like),0.16245168219228381
Kepler-1045 b,2.69,19.127,G (Sun-like),0.37430779081565524
Kepler-1046 b,1.71,101.4,G (Sun-like),0.2312878475962006
Kepler-1047 b,2.09,28.851,G (Sun-like),0.34298906242652877
Kepler-1047 c,0.99,1323.065,G (Sun-like),0.10281789160709756
Kepler-1048 b,1.61,96.976,K,0.2874212602715135
Kepler-1049 b,0.95,50.427,K,0.368587325339537
Kepler-105 b,2.53,341.809,G (Sun-like),0.1405303024267196
Kepler-105 c,1.44,236.167,G (Sun-like),0.2276147200727554
Kepler-1050 b,1.6,62.025,F,0.2773685039469763
Kepler-1050 c,1.48,40.644,F,0.375006438782812
Kepler-1051 b,3.4,87.457,F,0.21203803078805747
Kepler-1052 b,2.93,20.976,G (Sun-like),0.3565087095189179
Kepler-1052 c,2.3,1.96,G (Sun-like),0.7558323491515146
Kepler-1053 b,0.98,139.818,K,0.2749435472357802
Kepler-1054 b,2.63,760.524,F,0.10543660194719283
Kepler-1055 b,1.23,647.256,G (Sun-like),0.1781668971718129
Kepler-1056 b,3.01,56.91,F,0.2525190537914838
Kepler-1057 b,3.36,69.213,G (Sun-like),0.23049115408173412
Kepler-1058 b,2.72,0.77,K,0.8480505844089118
Kepler-1059 b,1.73,174.074,K,0.24130226576674751
Kepler-106 b,0.82,277.216,G (Sun-like),0.17255872125998414
Kepler-106 c,2.5,96.905,G (Sun-like),0.21843033382189653
Kepler-106 d,0.95,45.357,G (Sun-like),0.33037338074746725
Kepler-106 e,2.56,20.294,G (Sun-like),0.37076673318564624
Kepler-1060 b,2.38,17.416,G (Sun-like),0.39590813944194153
Kepler-1061 b,1.98,788.501,F,0.11013591708060355
Kepler-1062 b,1.76,33.76,K,0.38582810600163264
Kepler-1063 b,1.49,54.93,G (Sun-like),0.342793577787323
Kepler-1064 b,1.55,24.87,K,0.43090032723907057
Kepler-1065 b,3.73,419.91,G (Sun-like),0.12032403485268735
Kepler-1065 c,1.6,734.619,G (Sun-like),0.1173702730164094
Kepler-1066 b,2.36,710.019,G (Sun-like),0.11040504803194984
Kepler-1067 b,0.8,2761.757,G (Sun-like),0.07696833445335981
Kepler-1067 c,1.74682428,190.8,G (Sun-like),0.1849652893253919
Kepler-1068 b,3.63,55.933,G (Sun-like),0.2438293835539653
Kepler-1069 b,1.6,78.175,G (Sun-like),0.25608304065938065
Kepler-107 b,1.536,1073.0,G (Sun-like),0.10354282569340718
Kepler-107 c,1.597,602.0,G (Sun-like),0.1258689132010459
Kepler-107 d,0.86,315.0,G (Sun-like),0.16625872199809758
Kepler-107 e,2.903,138.7,G (Sun-like),0.18697636739643805
Kepler-1070 b,1.73,380.134,F,0.14570367315060784
Kepler-1071 b,2.38,45.12,G (Sun-like),0.28711212475152176
Kepler-1072 b,1.58,2944.0,F,0.07238733305722575
Kepler-1073 b,2.3,128.55,G (Sun-like),0.20138377534305008
Kepler-1073 c,1.64,357.082,G (Sun-like),0.1503498698202401
Kepler-1073 d,1.48770949,828.59,G (Sun-like),0.16395907498936285
Kepler-1074 b,1.25,27.569,K,0.48125782494543556
Kepler-1075 b,1.42,143.968,K,0.31150537877985685
Kepler-1076 b,0.8,83.18,K,0.3111914203592638
Kepler-1077 b,2.77,26.928,G (Sun-like),0.33172852670935227
Kepler-1078 b,1.9,373.99,G (Sun-like),0.1440335708003092
Kepler-1079 b,1.63,195.353,G (Sun-like),0.18573917814218655
Kepler-108 b,8.65,47.4,G (Sun-like),0.2093475517696183
Kepler-108 c,8.18,7.8,G (Sun-like),0.3856336720858644
Kepler-1080 b,3.28,55.45,G (Sun-like),0.2500979845301116
Kepler-1081 b,1.01,225.216,G (Sun-like),0.24083587006366175
Kepler-1082 b,1.12,2949.557,G (Sun-like),0.12650360910694564
Kepler-1083 b,3.36,10.148,K,0.48891604965014196
Kepler-1084 b,1.11,1766.593,F,0.1416536472605882
Kepler-1085 b,7.22,2.055,F,0.5763172968623637
Kepler-1085 c,3.26817741,11.8,G (Sun-like),0.4207377265763999
Kepler-1086 b,2.44,9.157,K,0.5351398870500761
Kepler-1086 c,2.94,0.519,K,0.7714412632578144
Kepler-1087 b,0.61,3496.493,G (Sun-like),0.06771934933946383
Kepler-1088 b,1.42,44.887,G (Sun-like),0.3663554240900397
Kepler-1089 b,1.83,26.266,K,0.4130173753686354
Kepler-109 b,2.49,442.0,G (Sun-like),0.1288865196153869
Kepler-109 c,2.65,91.0,G (Sun-like),0.22058442334129616
Kepler-1090 b,2.25,1.825,G (Sun-like),0.7716330684285234
Kepler-1090 c,3.29265785,13.8,G (Sun-like),0.39924129788403906
Kepler-1091 b,1.46,1740.858,G (Sun-like),0.1381826366626108
Kepler-1092 b,2.07,17.016,G (Sun-like),0.410052231463108
Kepler-1093 b,1.95,98.8,F,0.2278028133276178
Kepler-1093 c,1.96,18.1,F,0.4059515753265744
Kepler-1094 b,3.18,10.336,F,0.44162928460449075
Kepler-1095 b,1.21,356.54,G (Sun-like),0.2082481445758414
Kepler-1096 b,1.24,124.866,K,0.32717754985866593
Kepler-1097 b,3.26,1.3,G (Sun-like),0.7676576265065588
Kepler-1098 b,1.3,995.67,G (Sun-like),0.1592870313026289
Kepler-1099 b,2.83,766.344,G (Sun-like),0.10356091074471716
Kepler-11 b,1.8,146.36,G (Sun-like),0.20173494944925033
Kepler-11 c,2.87,107.224,G (Sun-like),0.20494775653403827
Kepler-11 d,3.12,51.115,G (Sun-like),0.25999882239694294
Kepler-11 e,4.19,32.34,G (Sun-like),0.28463833598848753
Kepler-11 f,2.49,19.53,G (Sun-like),0.3776701565478521
Kepler-11 g,3.33,5.65,G (Sun-like),0.5269475879709041
Kepler-110 b,1.83,153.881,G (Sun-like),0.19764942840328076
Kepler-110 c,2.21,45.336,G (Sun-like),0.2908898876725815
Kepler-1100 b,1.75,238.508,F,0.17107329528806986
Kepler-1101 b,2.47,3.577,G (Sun-like),0.6396712437761927
Kepler-1102 b,2.66,22.981,G (Sun-like),0.35286483999267326
Kepler-1103 b,2.27,160.282,F,0.18700485105312473
Kepler-1104 b,1.23,813.524,F,0.16832344382912603
Kepler-1105 b,2.01,47.18,K,0.3422531612337205
Kepler-1106 b,1.65,2399.974,F,0.07716020328841645
Kepler-1107 b,1.34,2387.261,G (Sun-like),0.1300938006549206
Kepler-1108 b,1.46,206.414,G (Sun-like),0.2357138178884169
Kepler-1109 b,2.19,11.382,G (Sun-like),0.4624842237531363
Kepler-111 b,1.58,677.503,G (Sun-like),0.12100388404990162
Kepler-111 c,7.0840758,2.48,G (Sun-like),0.5532566648818221
Kepler-1110 b,2.66,43.136,K,0.3350259475146259
Kepler-1111 b,2.0,118.52,F,0.2128483486327863
Kepler-1112 b,3.02,254.963,F,0.14999873795289848
Kepler-1113 b,2.81,22.849,G (Sun-like),0.3495230878072095
Kepler-1114 b,1.35,39.321,G (Sun-like),0.3837826462293328
Kepler-1115 b,1.7,516.101,A (hot),0.13136025785781524
Kepler-1116 b,2.54,15.793,G (Sun-like),0.4035461578636541
Kepler-1117 b,1.11,194.976,G (Sun-like),0.24790762919826725
Kepler-1118 b,2.74,20.011,G (Sun-like),0.3673070698650978
Kepler-1119 b,1.92,182.69,F,0.18453978259210485
Kepler-112 b,2.36,123.818,G (Sun-like),0.20297863442165343
Kepler-112 c,2.4,24.255,G (Sun-like),0.35388403901056276
Kepler-1120 b,1.38,206.874,K,0.28732664452893164
Kepler-1121 b,1.91,205.272,F,0.17737419912755287
Kepler-1122 b,2.04,23.263,G (Sun-like),0.37051389672693313
Kepler-1123 b,1.67,190.016,G (Sun-like),0.1867342262722823
Kepler-1124 b,1.28,50.777,M (red dwarf),0.3584570541503503
Kepler-1125 b,1.84,41.04,G (Sun-like),0.31165663179882463
Kepler-1126 b,1.73,4.55,G (Sun-like),0.6402434568202761
Kepler-1126 c,1.45,2.06,G (Sun-like),0.8632783550232851
Kepler-1127 b,1.96,160.765,G (Sun-like),0.19218802015358113
Kepler-1128 b,3.65,6.451,G (Sun-like),0.4961978275142054
Kepler-1129 b,2.96,32.265,G (Sun-like),0.30769134805640197
Kepler-1129 c,2.73,7.006,G (Sun-like),0.515254241079167
Kepler-113 b,1.82,105.333,K,0.27568319835347405
Kepler-113 c,2.18,45.596,K,0.34109871963214017
Kepler-1130 b,0.8,162.65,G (Sun-like),0.2069719189226417
Kepler-1130 c,0.79239584,316.9,G (Sun-like),0.16380313766576832
Kepler-1130 d,0.64472273,221.4,G (Sun-like),0.1793666740153823
Kepler-1131 b,1.59,453.142,G (Sun-like),0.13910621395373923
Kepler-1132 b,2.35,4.547,G (Sun-like),0.6040820334595786
Kepler-1133 b,1.97,55.758,G (Sun-like),0.27701863176900354
Kepler-1134 b,2.64,29.864,G (Sun-like),0.32354290404631203
Kepler-1135 b,1.85,25.76,G (Sun-like),0.3646725920423164
Kepler-1136 b,1.64,150.055,K,0.25337597184827076
Kepler-1137 b,2.2,197.846,F,0.17486601083976872
Kepler-1138 b,1.7,245.904,G (Sun-like),0.17014944248640626
Kepler-1139 b,1.19,1717.276,G (Sun-like),0.14158934455545746
Kepler-114 b,1.26,92.535,K,0.35141558136619944
Kepler-114 c,1.6,51.623,K,0.3454440050044477
Kepler-114 d,2.53,31.016,K,0.3722254072549549
Kepler-1140 b,2.77,13.051,K,0.47188999915743857
Kepler-1141 b,0.82,1146.953,G (Sun-like),0.10507447095435357
Kepler-1142 b,1.47,147.817,G (Sun-like),0.258356486186907
Kepler-1143 b,1.67,173.056,K,0.24291108701616426
Kepler-1143 c,3.6,0.568,K,0.7545614259450595
Kepler-1144 b,1.99,62.061,G (Sun-like),0.2664841971399642
Kepler-1145 b,1.4,198.43,K,0.28961259071562007
Kepler-1146 b,1.23,227.962,K,0.2844887837511784
Kepler-1147 b,2.61,206.563,G (Sun-like),0.16644165135733763
Kepler-1148 b,1.69,815.407,K,0.16207462529150796
Kepler-1149 b,1.44,653.831,G (Sun-like),0.17448089893916544
Kepler-115 b,1.09,1215.757,G (Sun-like),0.15473479982771898
Kepler-115 c,2.6,209.101,G (Sun-like),0.1658662372893255
Kepler-1150 b,1.02,153.741,K,0.31765418258604694
Kepler-1151 b,2.22,4.86,G (Sun-like),0.5993092187695267
Kepler-1152 b,0.87,139.601,K,0.2711292704219112
Kepler-1153 b,1.73,761.808,G (Sun-like),0.11428845431079912
Kepler-1154 b,2.34,652.966,F,0.11387856733230413
Kepler-1154 c,2.36,339.573,F,0.14284787294410664
Kepler-1155 b,2.03,32.52,G (Sun-like),0.33119707654301805
Kepler-1156 b,1.32,83.014,G (Sun-like),0.3090996878063032
Kepler-1157 b,1.09,95.443,K,0.35434172167220845
Kepler-1158 b,2.34,449.699,F,0.129725692028806
Kepler-1159 b,2.37,80.984,F,0.2349493994096107
Kepler-116 b,3.42,594.451,F,0.10864571199339165
Kepler-116 c,2.3,208.982,F,0.17006457207355585
Kepler-1160 b,2.14,93.308,G (Sun-like),0.22826383547354245
Kepler-1161 b,2.13,26.229,K,0.40290906894976647
Kepler-1162 b,2.21,12.245,G (Sun-like),0.45090175543458344
Kepler-1162 c,1.81,6.14,G (Sun-like),0.5814044773997991
Kepler-1163 b,1.03,511.757,F,0.19290539252239042
Kepler-1164 b,1.12,181.205,K,0.30274596754132516
Kepler-1165 b,1.55,464.773,F,0.1384934032365027
Kepler-1165 c,3.36093385,40.76,F,0.2764443502059408
Kepler-1166 b,1.69,14.188,G (Sun-like),0.4520114555410491
Kepler-1167 b,1.71,1039.697,K,0.15272929162545054
Kepler-1168 b,2.5,4.107,K,0.6640964748293982
Kepler-1169 b,0.94,348.046,F,0.1627282895609592
Kepler-117 b,8.059,157.541,F,0.14071377545202207
Kepler-117 c,12.341,41.863,F,0.19918033582828526
Kepler-1170 b,2.41,69.537,K,0.29681588342197407
Kepler-1171 b,2.56,10171.005,F,0.04279553895024724
Kepler-1172 b,3.2,26.356,G (Sun-like),0.3240108781603501
Kepler-1173 b,0.89,1462.098,G (Sun-like),0.09774462598038823
Kepler-1174 b,1.59,641.814,G (Sun-like),0.12317817068367073
Kepler-1175 b,2.99,12.938,G (Sun-like),0.41630019173702243
Kepler-1176 b,2.45,26.087,G (Sun-like),0.3438818761065635
Kepler-1177 b,1.9,11.862,G (Sun-like),0.46893499193644783
Kepler-1178 b,1.07,23.237,K,0.5135565434539924
Kepler-1179 b,1.32,288.57,G (Sun-like),0.21802589733461375
Kepler-118 b,1.96,79.753,G (Sun-like),0.24509270030459
Kepler-118 c,7.68,21.409,G (Sun-like),0.2825062489751189
Kepler-1180 b,1.99,175.855,F,0.18574694887705476
Kepler-1181 b,1.57,831.143,F,0.11278564294205622
Kepler-1181 c,1.83,377.25,F,0.1446013292643635
Kepler-1182 b,2.41,197.882,G (Sun-like),0.1717159479456612
Kepler-1183 b,2.82,61.663,G (Sun-like),0.2490646400968563
Kepler-1184 b,2.68,18.039,G (Sun-like),0.3819547999336879
Kepler-1185 b,1.33,9.31,G (Sun-like),0.5892834306529257
Kepler-1186 b,2.23,85.385,G (Sun-like),0.23349517478345685
Kepler-1187 b,2.61,72.957,G (Sun-like),0.2388480745311331
Kepler-1188 b,2.08,165.573,G (Sun-like),0.1880855712273732
Kepler-1189 b,1.77,449.936,F,0.1368066143436868
Kepler-119 b,3.6,745.285,G (Sun-like),0.09925477651140528
Kepler-119 c,0.92,367.322,G (Sun-like),0.15918899714577425
Kepler-1190 b,1.33,24.211,K,0.49436747009585613
Kepler-1191 b,1.51,167.184,G (Sun-like),0.19871122449792034
Kepler-1192 b,2.36,34.742,G (Sun-like),0.3144378047049097
Kepler-1193 b,1.32,1286.386,G (Sun-like),0.1496762975503907
Kepler-1194 b,1.51,49.35,G (Sun-like),0.3030729808154556
Kepler-1195 b,2.08,79.03,K,0.29309644460150075
Kepler-1196 b,2.23,8.302,G (Sun-like),0.5093655994438054
Kepler-1197 b,1.25,267.142,K,0.2741222755028594
Kepler-1198 b,1.47,108.069,G (Sun-like),0.2822950468622682
Kepler-1199 b,1.15,131.7,G (Sun-like),0.2756338548432189
Kepler-12 b,19.660586,877.539,G (Sun-like),0.06109730167051675
Kepler-120 b,2.15,42.692,K,0.3485347325262406
Kepler-120 c,1.53,16.625,K,0.4866359647456908
Kepler-1200 b,1.06,544.534,K,0.2392561074603206
Kepler-1201 b,2.29,89.431,F,0.22858206387363456
Kepler-1202 b,2.94,23.876,G (Sun-like),0.3411256939619773
Kepler-1203 b,1.06,723.806,K,0.22607363260835683
Kepler-1204 b,3.05,7.021,G (Sun-like),0.5029784577683317
Kepler-1205 b,1.41,1038.493,G (Sun-like),0.15626534117971652
Kepler-1206 b,1.64,588.021,K,0.17631390324500762
Kepler-1207 b,1.62,352.508,G (Sun-like),0.15135558219884648
Kepler-1208 b,2.32,37.664,K,0.35695330910447637
Kepler-1209 b,1.51,63.246,F,0.2782921166241019
Kepler-121 b,2.34,220.489,G (Sun-like),0.1663462624541067
Kepler-121 c,2.27,7.296,G (Sun-like),0.5283283038726735
Kepler-1210 b,1.7,152.047,G (Sun-like),0.20115308015655659
Kepler-1211 b,2.55,130.9,G (Sun-like),0.1959987439400148
Kepler-1212 b,2.14,142.096,F,0.19726928689250042
Kepler-1213 b,1.19,595.424,F,0.18264264871782332
Kepler-1214 b,2.36,23.18,K,0.4105268793464943
Kepler-1215 b,1.22,253.964,G (Sun-like),0.2278999586536241
Kepler-1216 b,1.39,415.553,G (Sun-like),0.19669862801679577
Kepler-1217 b,1.99,1302.948,G (Sun-like),0.09230955623819648
Kepler-1218 b,1.44,84.83,G (Sun-like),0.3034978366146183
Kepler-1219 b,2.12,430.691,G (Sun-like),0.13427941479831576
Kepler-122 b,2.34,448.102,F,0.1298869617167864
Kepler-122 c,5.87,160.499,F,0.15127317913042068
Kepler-122 d,2.2,77.14,F,0.2424826172763476
Kepler-122 e,2.6,36.299,F,0.30374827385520586
Kepler-122 f,1.75,21.524,G (Sun-like),0.3913076136003751
Kepler-1220 b,1.52,177.842,G (Sun-like),0.19426321049551207
Kepler-1221 b,1.88,37.81,K,0.3692250129642172
Kepler-1222 b,0.79,416.231,G (Sun-like),0.14886165922585995
Kepler-1223 b,1.22,20.51,K,0.5226874037657656
Kepler-1224 b,1.33,132.663,F,0.26996505327483594
Kepler-1225 b,1.82,324.282,F,0.15259561023924567
Kepler-1226 b,1.45,140.376,G (Sun-like),0.2626229903192162
Kepler-1227 b,2.29,4.179,G (Sun-like),0.6219667203650753
Kepler-1228 b,1.54,1598.664,K,0.14002567121521117
Kepler-1229 b,1.4,0.524,K,0.9327507938144105
Kepler-123 b,2.94,138.807,F,0.186424292339055
Kepler-123 c,1.48,77.399,F,0.3104513633383513
Kepler-1230 b,2.71,153.933,G (Sun-like),0.1829498709186624
Kepler-1231 b,1.42,117.515,G (Sun-like),0.2769582664847953
Kepler-1232 b,1.93,14.6,G (Sun-like),0.437021864963362
Kepler-1233 b,2.6,30.061,F,0.32384144805011145
Kepler-1234 b,2.81,40.12,K,0.3388496476334015
Kepler-1235 b,0.79,265.325,G (Sun-like),0.1741889001351995
Kepler-1236 b,2.14,13.571,G (Sun-like),0.43884163270728566
Kepler-1237 b,2.86,4.042,G (Sun-like),0.5998817792859195
Kepler-1238 b,1.93,1195.201,F,0.09568972776965905
Kepler-1239 b,2.9,462.91,F,0.12287083998534656
Kepler-124 b,0.73,198.843,K,0.24015896011007304
Kepler-124 c,1.75,30.716,K,0.3971337071458326
Kepler-124 d,1.11,10.499,K,0.6339523737936211
Kepler-1240 b,1.15,539.129,G (Sun-like),0.18804953964274507
Kepler-1241 b,2.63,31.456,G (Sun-like),0.3181466912997017
Kepler-1242 b,2.26,28.998,K,0.387213323829834
Kepler-1243 b,1.75,36.162,G (Sun-like),0.3284048420957916
Kepler-1244 b,1.35,4756.325,F,0.11285252347897487
Kepler-1245 b,1.44,194.344,G (Sun-like),0.24009378583086777
Kepler-1245 c,1.44,328.984,G (Sun-like),0.20822512148861283
Kepler-1246 b,1.36,26.451,K,0.48139831232327357
Kepler-1247 b,2.33,41.472,G (Sun-like),0.29677102137549016
Kepler-1248 b,1.18,271.25,F,0.22476529146891144
Kepler-1249 b,2.38,98.336,F,0.21949541553275606
Kepler-125 b,2.37,33.184,K,0.3691108109050451
Kepler-125 c,0.74,16.81,K,0.49421802796024605
Kepler-1250 b,1.92,1866.193,G (Sun-like),0.08196033236637656
Kepler-1251 b,1.84,13.78,G (Sun-like),0.44933709001484023
Kepler-1252 b,1.67,57.579,G (Sun-like),0.28241558147642115
Kepler-1253 b,1.33,21.624,G (Sun-like),0.4595984669736276
Kepler-1254 b,1.55,33.978,K,0.3927376819516563
Kepler-1254 c,1.3,132.391,K,0.32093642840750625
Kepler-1254 d,1.31,71.31,K,0.37340421547509894
Kepler-1255 b,2.32,39.671,F,0.3015643474535059
Kepler-1256 b,1.49,211.549,F,0.23349598252265208
Kepler-1257 b,1.52,546.908,G (Sun-like),0.1312826149328776
Kepler-1258 b,0.86,2775.0,G (Sun-like),0.07771021403470775
Kepler-1259 b,1.43,2460.582,K,0.17840274199806647
Kepler-126 b,1.52,298.088,F,0.16226514683449805
Kepler-126 c,1.58,112.128,F,0.22651287522992244
Kepler-126 d,2.5,14.714,F,0.41437571252365657
Kepler-1260 b,1.77,171.926,G (Sun-like),0.19133578809186866
Kepler-1261 b,2.26,4.744,K,0.6513980011237038
Kepler-1262 b,1.82,142.545,G (Sun-like),0.2031829338492851
Kepler-1263 b,1.14,144.813,G (Sun-like),0.2686036635541477
Kepler-1264 b,1.18,2367.804,G (Sun-like),0.13196128370749544
Kepler-1265 b,1.35,58.15,K,0.39188753193427206
Kepler-1266 b,2.58,10.313,K,0.5118970187467573
Kepler-1266 c,1.68023962,110.4,K,0.2752759075484092
Kepler-1267 b,3.01,86.469,F,0.2185792565903701
Kepler-1268 b,2.03,40.652,G (Sun-like),0.3069519150261859
Kepler-1269 b,1.63,69.004,G (Sun-like),0.2664855466903234
Kepler-127 b,1.4,159.163,F,0.25473734877116583
Kepler-127 c,2.66,61.688,F,0.2520852255614331
Kepler-127 d,2.64,31.519,F,0.31768165692157
Kepler-1270 b,3.32,1217.395,K,0.13511681054193433
Kepler-1271 b,1.48,975.181,F,0.1577456376129635
Kepler-1272 b,2.37,34.433,G (Sun-like),0.3151278250236971
Kepler-1273 b,2.49,14.877,G (Sun-like),0.41321858375227066
Kepler-1274 b,1.42,975.81,F,0.15847586801133418
Kepler-1275 b,1.48,822.484,F,0.16435522436618255
Kepler-1276 b,1.19,139.77,F,0.26986137303041197
Kepler-1277 b,1.6,12.11,G (Sun-like),0.48053574772985636
Kepler-1278 b,1.01,1314.67,F,0.15304851334078762
Kepler-1279 b,1.75,190.851,F,0.1848871832199694
Kepler-128 b,1.421,227.398,F,0.23037370597898732
Kepler-128 c,1.521,130.979,F,0.21603747591508216
Kepler-1280 b,1.87,35.293,F,0.32712949455798007
Kepler-1281 b,1.64,375.55,G (Sun-like),0.14772670118493936
Kepler-1282 b,1.55,672.532,G (Sun-like),0.12172077639905163
Kepler-1283 b,1.91,80.34,F,0.24566205844825315
Kepler-1284 b,1.21,2190.082,K,0.18390188698119764
Kepler-1285 b,0.97,181.591,F,0.20508945856834598
Kepler-1286 b,2.15,151.77,G (Sun-like),0.19262924032132062
Kepler-1287 b,1.54,78.156,G (Sun-like),0.25781435442741113
Kepler-1288 b,1.12,1342.5,F,0.15075466006896202
Kepler-1289 b,1.52,223.442,F,0.1794190065369323
Kepler-129 b,2.4,158.306,G (Sun-like),0.18573823286522864
Kepler-129 c,2.52,17.554,G (Sun-like),0.3903338766536533
Kepler-129 d,12.6,0.1818,G (Sun-like),0.3833212723262122
Kepler-1290 b,1.42,443.221,G (Sun-like),0.19292460085662344
Kepler-1291 b,1.66,62.823,G (Sun-like),0.27435997574022025
Kepler-1292 b,1.82,521.101,G (Sun-like),0.12930608644091626
Kepler-1293 b,0.97,929.122,F,0.11600378138273594
Kepler-1294 b,3.19,12.362,G (Sun-like),0.4166467870209688
Kepler-1295 b,1.55,279.941,G (Sun-like),0.16530074177563145
Kepler-1296 b,0.91,399.015,G (Sun-like),0.15440438767328718
Kepler-1297 b,0.97,2760.593,G (Sun-like),0.07926021233111494
Kepler-1298 b,1.31,1003.027,F,0.15887138450210203
Kepler-1299 b,2.98,45.146,G (Sun-like),0.27399361987307486
Kepler-130 b,1.02,221.731,G (Sun-like),0.24160448626980463
Kepler-130 c,2.9,46.011,G (Sun-like),0.27379834138810694
Kepler-130 d,1.64,9.834,G (Sun-like),0.5114707910246986
Kepler-1300 b,1.37,149.409,F,0.260041412544401
Kepler-1301 b,1.4,76.139,K,0.36439177577442494
Kepler-1302 b,1.43,58.344,G (Sun-like),0.33878482858279074
Kepler-1303 b,1.42,182.375,G (Sun-like),0.24480388936091085
Kepler-1304 b,2.29,61.87,G (Sun-like),0.25959600530801297
Kepler-1305 b,1.88,103.51,G (Sun-like),0.225695001876893
Kepler-1306 b,1.91,52.146,G (Sun-like),0.2851214173575836
Kepler-1307 b,2.47,41.185,G (Sun-like),0.29400507576407164
Kepler-1308 b,0.52,58.108,M (red dwarf),0.2743553193750898
Kepler-1309 b,2.37,13.77,G (Sun-like),0.4280518241454852
Kepler-131 b,2.41,66.122,G (Sun-like),0.25114025927083955
Kepler-131 c,0.84,35.736,G (Sun-like),0.35181828803915854
Kepler-1310 b,1.44,2830.91,G (Sun-like),0.12456244493195738
Kepler-1311 b,1.24,296.92,G (Sun-like),0.21803450898503168
Kepler-1311 c,1.22,2144.553,G (Sun-like),0.13441210161295677
Kepler-1311 d,9.65837605,6.0,G (Sun-like),0.4003849893030649
Kepler-1312 b,2.1,219.117,G (Sun-like),0.170289240970641
Kepler-1312 c,1.02732734,1770.2,G (Sun-like),0.14263755433612252
Kepler-1313 b,1.76,227.198,G (Sun-like),0.17381442538718136
Kepler-1314 b,5.11,36.05,K,0.3118523211652565
Kepler-1315 b,1.38,897.9,K,0.2122097594465226
Kepler-1315 c,1.84398883,57.6,K,0.3273450595496476
Kepler-1316 b,3.54,10.714,G (Sun-like),0.42642857814374613
Kepler-1317 b,1.56,2413.261,K,0.12777341705321027
Kepler-1318 b,3.11,0.492,K,0.7540083754391549
Kepler-1319 b,1.34,38.452,M (red dwarf),0.3867467161629531
Kepler-132 b,1.21,284.8,F,0.22115140579970377
Kepler-132 c,1.28,271.0,F,0.2226010762574499
Kepler-132 d,1.55,68.6,F,0.26938714150240733
Kepler-132 e,1.18,6.1,F,0.6762583429166135
Kepler-1320 b,1.7,672.113,K,0.16978007538172935
Kepler-1321 b,4.92,13.547,K,0.41649804069575963
Kepler-1321 c,2.4,115.909,K,0.2569835231084901
Kepler-1321 d,2.62843782,15.84,M (red dwarf),0.40032637731262344
Kepler-1322 b,1.61,2651.424,G (Sun-like),0.0748404638522354
Kepler-1322 c,2.15492527,144.06,G (Sun-like),0.19606518107535578
Kepler-1323 b,1.52,5067.603,F,0.0602620631766977
Kepler-1324 b,1.51,98.414,K,0.2888583317278412
Kepler-1325 b,2.86,18.153,G (Sun-like),0.37600514051716666
Kepler-1326 b,4.18,47.84,F,0.24917162607173488
Kepler-1327 b,1.8,79.9,G (Sun-like),0.24884678015415287
Kepler-1328 b,0.98,545.672,G (Sun-like),0.1399263510752251
Kepler-1329 b,2.17,26.645,K,0.3997730543971785
Kepler-133 b,1.76,408.58,G (Sun-like),0.14163689558668235
Kepler-133 c,2.84,67.161,G (Sun-like),0.2414804989965631
Kepler-1330 b,1.65,322.399,G (Sun-like),0.15563971889489403
Kepler-1331 b,1.05,547.294,K,0.2392032818021647
Kepler-1332 b,1.37,77.559,G (Sun-like),0.31365267823621074
Kepler-1333 b,2.81,3.298,G (Sun-like),0.6367180846590206
Kepler-1334 b,2.29,78.355,G (Sun-like),0.23927769297353674
Kepler-1335 b,1.45,80.741,K,0.3575655246641455
Kepler-1336 b,1.98,103.72,G (Sun-like),0.22335312862642234
Kepler-1336 c,1.71,662.713,G (Sun-like),0.120244351895716
Kepler-1337 b,2.41,9.183,K,0.535917498589762
Kepler-1338 b,0.92,4712.111,G (Sun-like),0.06522814741455335
Kepler-1339 b,0.71,3094.817,G (Sun-like),0.07254165121663836
Kepler-134 b,2.0,301.367,G (Sun-like),0.15381102021362547
Kepler-134 c,1.26,128.086,G (Sun-like),0.2746081143675038
Kepler-1340 b,1.55,4793.001,F,0.06124149073622962
Kepler-1341 b,2.99,1.141,K,0.8519751998178916
Kepler-1342 b,1.66,559.275,G (Sun-like),0.1282691879524172
Kepler-1343 b,1.93,1021.904,G (Sun-like),0.10107751786828555
Kepler-1344 b,1.84,425.169,G (Sun-like),0.13854940687347933
Kepler-1345 b,2.36,68.469,F,0.24918419142216772
Kepler-1346 b,1.58,545.575,F,0.13051637823895834
Kepler-1347 b,1.03,34.32,K,0.46451082750980965
Kepler-1348 b,1.94,49.665,G (Sun-like),0.28908612093571057
Kepler-1349 b,0.7,1862.33,F,0.0864425608595847
Kepler-135 b,1.81,496.678,F,0.13162572945287004
Kepler-135 c,1.16,209.967,F,0.2415841796315918
Kepler-1350 b,2.52,27.176,K,0.3872342064117572
Kepler-1350 c,1.73,94.054,K,0.28689617787314786
Kepler-1351 b,0.65,421.965,K,0.19343161180841661
Kepler-1352 b,0.89,1892.586,F,0.08930768317922828
Kepler-1353 b,1.8,10.767,K,0.5386309756316712
Kepler-1354 b,2.97,18.86,F,0.3683036453341293
Kepler-1355 b,1.46,944.873,G (Sun-like),0.15919331518743524
Kepler-1356 b,1.53,1966.057,K,0.13383565620671353
Kepler-1357 b,1.28,449.975,G (Sun-like),0.19460697866703647
Kepler-1358 b,1.12,98.834,K,0.3502654290978171
Kepler-1359 b,2.83,2.451,K,0.7365333846746284
Kepler-136 b,2.05,257.984,F,0.16161552079618438
Kepler-136 c,1.99,162.044,F,0.1911089696650338
Kepler-1360 b,3.4,82.564,F,0.21630338071915375
Kepler-1361 b,0.86,186.069,K,0.24974424627441394
Kepler-1362 b,2.6,1.011,K,0.8941383085875353
Kepler-1363 b,1.25,191.919,K,0.29538930083674
Kepler-1364 b,2.15,672.06,F,0.11463486292567812
Kepler-1365 b,0.92,456.25,G (Sun-like),0.14758388138935224
Kepler-1365 c,0.8,864.037,G (Sun-like),0.1155632881001626
Kepler-1366 b,1.43,134.981,K,0.3160423429739989
Kepler-1367 b,0.92,225.233,K,0.2387983279540012
Kepler-1368 b,1.65,4849.257,G (Sun-like),0.060326941859865424
Kepler-1369 b,2.69,37.158,G (Sun-like),0.2992241015263805
Kepler-137 b,1.47,86.33,K,0.3510892991728458
Kepler-137 c,1.88,29.775,K,0.39622455574240373
Kepler-1370 b,1.84,132.587,F,0.2079413462860921
Kepler-1370 c,1.27,503.722,F,0.18919332062529565
Kepler-1371 b,0.73,414.765,G (Sun-like),0.1471502989170996
Kepler-1371 c,0.64,853.269,G (Sun-like),0.11184761215784418
Kepler-1372 b,1.27,2176.358,G (Sun-like),0.13344709712407749
Kepler-1373 b,1.16,8385.9,F,0.10279274152579007
Kepler-1374 b,2.29,59.789,G (Sun-like),0.26267241478070763
Kepler-1375 b,1.74,2948.362,F,0.07111976430536428
Kepler-1376 b,1.05,278.902,G (Sun-like),0.22613760883573053
Kepler-1377 b,1.25,2909.21,G (Sun-like),0.12558028313954456
Kepler-1378 b,2.2,14.867,K,0.4736557603808552
Kepler-1379 b,1.3,1600.049,K,0.1925806009904073
Kepler-138 b,0.64,9.9,K,0.5647372154803735
Kepler-138 c,1.51,6.8,K,0.6321218832504174
Kepler-138 d,1.51,3.4,K,0.761276728727945
Kepler-138 e,0.797,1.73,K,0.9166954975055386
Kepler-1380 b,1.43,90.1,G (Sun-like),0.2985563297191471
Kepler-1381 b,2.25,29.701,G (Sun-like),0.3347833931572762
Kepler-1382 b,1.88,198.471,F,0.1799986593813842
Kepler-1383 b,1.41,231.396,F,0.22951434676565963
Kepler-1384 b,1.94,32.23,K,0.38507300354866214
Kepler-1385 b,0.85,1591.477,G (Sun-like),0.09422559520351477
Kepler-1386 b,1.24,196.533,G (Sun-like),0.24402579928347395
Kepler-1387 b,0.93,300.312,K,0.2210535550477205
Kepler-1388 b,2.59,17.674,K,0.43727463681797996
Kepler-1388 c,2.26,51.044,K,0.32807202359908766
Kepler-1388 d,2.86,8.66,K,0.5277873764884466
Kepler-1388 e,2.46,3.97,K,0.6720032057811401
Kepler-1389 b,1.77,1.871,K,0.8530372584868849
Kepler-139 b,2.94,64.78,G (Sun-like),0.24271955646063847
Kepler-139 c,3.38,3.023,G (Sun-like),0.6262408801437598
Kepler-139 d,1.695,172.3,G (Sun-like),0.19269271725732456
Kepler-139 e,13.7,0.0991,G (Sun-like),0.3109792151561273
Kepler-1390 b,1.18,171.133,G (Sun-like),0.25518305807745006
Kepler-1391 b,1.68,33.335,G (Sun-like),0.3401164698977718
Kepler-1392 b,1.96,61.42,G (Sun-like),0.2682085338358628
Kepler-1393 b,0.8,574.37,G (Sun-like),0.13329090133134291
Kepler-1394 b,1.39,2023.005,F,0.13436000408869742
Kepler-1395 b,0.8,730.531,F,0.12254640414889749
Kepler-1396 b,2.07,71.816,F,0.25150129399501403
Kepler-1397 b,1.72,58.103,F,0.2800519336128354
Kepler-1398 b,0.9,1249.488,F,0.10344048572579274
Kepler-1398 c,1.03,738.183,F,0.17573450803349078
Kepler-1399 b,1.25,1707.252,G (Sun-like),0.14107283404042245
Kepler-14 b,12.733,1029.51,F,0.06491164703765476
Kepler-140 b,1.61,848.695,F,0.11147293366247489
Kepler-140 c,1.8,9.957,F,0.5009817745317047
Kepler-1400 b,1.62,44.517,K,0.3601540157740459
Kepler-1401 b,1.68,100.91,G (Sun-like),0.2324126434678906
Kepler-1402 b,0.76,2491.119,G (Sun-like),0.0791435886866018
Kepler-1403 b,2.14,699.644,F,0.11313709024739965
Kepler-1404 b,2.01,39.001,G (Sun-like),0.3119161049813464
Kepler-1405 b,3.96,33.802,G (Sun-like),0.28404051964487415
Kepler-1406 b,1.1,125.89,G (Sun-like),0.2807395063548176
Kepler-1407 b,2.25,78.667,F,0.23978379378758294
Kepler-1408 b,0.89,1982.268,F,0.0878729271178015
Kepler-1409 b,1.04,1552.133,K,0.19682475860936738
Kepler-141 b,0.69,228.663,K,0.22943058189285526
Kepler-141 c,1.41,77.412,K,0.3625701209257225
Kepler-1410 b,1.78,1.06,K,0.9510476395203122
Kepler-1411 b,2.82,8.927,G (Sun-like),0.4746567717379216
Kepler-1412 b,0.83,1087.781,G (Sun-like),0.107241667022173
Kepler-1413 b,1.82,42.825,K,0.3577729007079591
Kepler-1414 b,1.23,209.464,K,0.29000932896796927
Kepler-1415 b,1.29,2138.079,G (Sun-like),0.13375708348801735
Kepler-1416 b,0.88,2658.55,F,0.0791614546208639
Kepler-1417 b,1.0,114.332,G (Sun-like),0.24192350186978095
Kepler-1418 b,1.66,7.29,K,0.6104910667817146
Kepler-1419 b,2.86,21.243,G (Sun-like),0.3568280517591987
Kepler-142 b,1.99,1247.908,G (Sun-like),0.09371348786885969
Kepler-142 c,2.86,399.444,G (Sun-like),0.12974392696905793
Kepler-142 d,2.16,22.072,G (Sun-like),0.37296097682033136
Kepler-1420 b,1.28,131.526,K,0.32199195422488636
Kepler-1421 b,0.93,649.151,F,0.1306871455627389
Kepler-1422 b,2.02,156.9,F,0.19271624410578425
Kepler-1423 b,1.06,71.16,K,0.38268196779959873
Kepler-1424 b,1.16,58.6,G (Sun-like),0.34819375044914885
Kepler-1425 b,0.94,216.405,G (Sun-like),0.19205590192810237
Kepler-1426 b,1.56,95.22,G (Sun-like),0.24024966110894044
Kepler-1427 b,1.1,2730.51,G (Sun-like),0.12880986255050414
Kepler-1428 b,1.64,817.579,F,0.11257079118074584
Kepler-1429 b,1.29,551.156,G (Sun-like),0.18454863811765132
Kepler-143 b,2.41,118.334,G (Sun-like),0.2053296088760624
Kepler-143 c,3.37,58.7,G (Sun-like),0.2437955767414724
Kepler-1430 b,1.18,208.54,K,0.29153604598142413
Kepler-1431 b,1.47,469.819,G (Sun-like),0.1892311859369813
Kepler-1432 b,2.22,119.237,F,0.20816215616120984
Kepler-1433 b,1.56,535.42,F,0.13166760032128025
Kepler-1434 b,1.11,925.289,F,0.16491382219867812
Kepler-1435 b,0.86,893.886,F,0.11549314742066476
Kepler-1436 b,1.31,772.079,G (Sun-like),0.1693016022259241
Kepler-1437 b,1.37,83.14,G (Sun-like),0.3073948723604331
Kepler-1438 b,0.94,561.12,G (Sun-like),0.13773104079386633
Kepler-1439 b,1.46,9.081,M (red dwarf),0.5851940500350794
Kepler-144 b,1.33,426.719,F,0.1964037226455107
Kepler-144 c,1.35,207.247,F,0.2378871776493151
Kepler-1440 b,1.26,44.728,G (Sun-like),0.3729753440957238
Kepler-1441 b,1.31,33.046,G (Sun-like),0.4058782938376806
Kepler-1442 b,3.93,25.972,F,0.3110807034802437
Kepler-1443 b,0.97,2809.165,F,0.07877800527352806
Kepler-1444 b,2.18,25.942,G (Sun-like),0.35262400760288765
Kepler-1445 b,0.96,248.548,F,0.18357115294669754
Kepler-1446 b,0.82,1213.333,K,0.15302732419003834
Kepler-1447 b,2.9,10.349,G (Sun-like),0.45026218614799246
Kepler-1448 b,1.61,86.645,G (Sun-like),0.24686356804283405
Kepler-1449 b,1.68,271.885,G (Sun-like),0.1646428019921186
Kepler-145 b,2.65,154.705,F,0.18348251537530302
Kepler-145 c,4.32,67.193,F,0.22001905914605005
Kepler-1450 b,1.71,3.078,K,0.7646629567828254
Kepler-1451 b,3.35,18.751,G (Sun-like),0.3595244477591441
Kepler-1452 b,2.7,73.501,F,0.23657008184687234
Kepler-1453 b,2.67,11.889,G (Sun-like),0.43817489437424445
Kepler-1454 b,1.88,9.08,G (Sun-like),0.511700689295871
Kepler-1455 b,2.16,1.533,K,0.8581108024910145
Kepler-1456 b,1.14,8.234,K,0.674248232670358
Kepler-1457 b,1.99,23.468,G (Sun-like),0.3711746378220102
Kepler-1458 b,2.76,8.293,G (Sun-like),0.487945068894633
Kepler-1459 b,1.36,3.511,K,0.8175937325220537
Kepler-146 b,3.71,32.89,G (Sun-like),0.2909497843422124
Kepler-146 c,3.13,9.887,G (Sun-like),0.44945933459649284
Kepler-1460 b,1.96,5.469,K,0.6429839063125901
Kepler-1461 b,2.03,8.88,K,0.5578997131132827
Kepler-1462 b,3.82,4.704,G (Sun-like),0.5392905503104494
Kepler-1463 b,1.86,57.634,G (Sun-like),0.2768454529710158
Kepler-1464 b,1.66,89.473,G (Sun-like),0.24281814322270223
Kepler-1464 c,1.0,968.555,G (Sun-like),0.1148312628175554
Kepler-1465 b,1.77,6.246,K,0.6307816653074008
Kepler-1466 b,1.55,21.875,G (Sun-like),0.3976616497109106
Kepler-1467 b,3.3,7.917,G (Sun-like),0.47647373869809706
Kepler-1468 b,1.73,481.352,G (Sun-like),0.13417458589131148
Kepler-1468 c,1.15,1479.567,G (Sun-like),0.14699721464617882
Kepler-1468 d,3.33187146,52.77,G (Sun-like),0.2535201595572613
Kepler-1469 b,2.8,24.901,G (Sun-like),0.33982469521045205
Kepler-147 b,1.53,224.61,F,0.17889132376315342
Kepler-147 c,2.43,61.287,F,0.25736893661373894
Kepler-1470 b,1.07,23.918,K,0.5095650462199404
Kepler-1471 b,1.41,314.233,G (Sun-like),0.21134596312581788
Kepler-1471 c,1.88,118.5,G (Sun-like),0.21535175797929978
Kepler-1472 b,1.9,57.079,F,0.2766711799707456
Kepler-1473 b,1.19,111.011,F,0.2881695512824595
Kepler-1474 b,2.16,21.392,G (Sun-like),0.3768866192413842
Kepler-1475 b,2.92,13.76,F,0.4100976616967223
Kepler-1476 b,1.67,75.641,G (Sun-like),0.25706143690779554
Kepler-1477 b,1.18,78.163,K,0.36928437907406064
Kepler-1478 b,1.73,85.282,G (Sun-like),0.2450618014272218
Kepler-1479 b,1.83,98.574,G (Sun-like),0.23069799993626805
Kepler-148 b,1.8,609.017,G (Sun-like),0.12269993423934364
Kepler-148 c,3.6,187.197,G (Sun-like),0.16075097715986195
Kepler-148 d,8.68,6.532,K,0.45110766518098316
Kepler-1480 b,1.67,16.317,K,0.48264621418109066
Kepler-1481 b,1.23,71.94,K,0.37532721743352326
Kepler-1482 b,1.01,86.499,G (Sun-like),0.3160982935619026
Kepler-1483 b,1.52,265.018,F,0.1690581198468515
Kepler-1484 b,2.11,35.92,G (Sun-like),0.31781599025454305
Kepler-1485 b,1.47,85.176,F,0.30226105021759503
Kepler-1486 b,2.32,22.372,G (Sun-like),0.3660885418843666
Kepler-1487 b,2.13,323.294,F,0.1482843409522001
Kepler-1487 c,7.97,227.68,G (Sun-like),0.12413045198188331
Kepler-1488 b,1.86,73.335,G (Sun-like),0.2547839443959304
Kepler-1488 c,1.65156749,760.6,G (Sun-like),0.1153058534073928
Kepler-1489 b,1.77,11.893,G (Sun-like),0.4747045770194631
Kepler-149 b,4.21,23.64,G (Sun-like),0.3160683795667401
Kepler-149 c,1.61,10.084,G (Sun-like),0.5090585330495703
Kepler-149 d,3.96,2.446,G (Sun-like),0.6380892438408482
Kepler-1490 b,3.04,3.788,G (Sun-like),0.6029501514503716
Kepler-1491 b,1.51,138.108,G (Sun-like),0.2123605293772969
Kepler-1491 c,2.44,18.66,G (Sun-like),0.38501766992405384
Kepler-1492 b,1.49,11.523,K,0.5943554201103328
Kepler-1493 b,1.41,137.91,G (Sun-like),0.2649425818088447
Kepler-1494 b,3.07,9.113,G (Sun-like),0.4631393033830076
Kepler-1495 b,2.94,9.1,G (Sun-like),0.46765452746657443
Kepler-1496 b,2.22,18.383,F,0.3942918272886713
Kepler-1497 b,1.66,172.38,G (Sun-like),0.19338070148373143
Kepler-1498 b,1.33,9.86,G (Sun-like),0.5795624355746877
Kepler-1499 b,1.19,7.371,K,0.6904123113103802
Kepler-15 b,10.76,430.677,G (Sun-like),0.09199883802834383
Kepler-150 b,1.25,367.262,G (Sun-like),0.20582140357583423
Kepler-150 c,3.69,132.091,G (Sun-like),0.18047528910997904
Kepler-150 d,2.79,65.142,G (Sun-like),0.24494851414195815
Kepler-150 e,3.12,19.671,G (Sun-like),0.35936172579231906
Kepler-150 f,3.64,0.4485,G (Sun-like),0.6652606021094246
Kepler-1500 b,1.2,131.818,G (Sun-like),0.2740906083042737
Kepler-1501 b,1.56,100.001,F,0.2362064058262686
Kepler-1502 b,3.18,77.324,F,0.22452029614126182
Kepler-1503 b,2.27,5.636,K,0.6212690631678155
Kepler-1504 b,2.13,25.17,G (Sun-like),0.3578430675700871
Kepler-1505 b,0.93,36.121,G (Sun-like),0.3559762068134764
Kepler-1506 b,1.32,235.807,G (Sun-like),0.23028179933185577
Kepler-1507 b,0.84,30.476,G (Sun-like),0.37137077707107247
Kepler-1508 b,1.33,116.145,F,0.2803585281052233
Kepler-1509 b,1.85,83.081,G (Sun-like),0.24427499229577643
Kepler-151 b,3.06,40.728,G (Sun-like),0.28221135130920305
Kepler-151 c,2.09,21.407,G (Sun-like),0.379211571021829
Kepler-1510 b,3.36,14.036,F,0.3952793136983295
Kepler-1511 b,1.68,228.219,F,0.17500397618900473
Kepler-1512 b,1.18,1.6,K,0.9901296648792081
Kepler-1513 b,8.594,2.23,G (Sun-like),0.540833078231886
Kepler-1514 b,12.419572,3.23,F,0.44722842551684994
Kepler-1514 c,1.1758241,193.0,F,0.24687957521687842
Kepler-1515 b,9.55,6.017,F,0.40121215284402256
Kepler-1516 b,1.75,615.253,G (Sun-like),0.12289340100177086
Kepler-1517 b,9.76,1526.983,F,0.060624206477137864
Kepler-1518 b,3.05,1079.458,F,0.09042043755682652
Kepler-1518 c,2.9,338.33,F,0.1370827613897675
Kepler-1519 b,7.06,3.944,G (Sun-like),0.4896898458169554
Kepler-152 b,2.79,21.084,K,0.40959584414505423
Kepler-152 c,2.39,2.57,K,0.752446507579136
Kepler-1520 b,5.77,1134.386,K,0.12676018972434006
Kepler-1521 b,2.5,5.122,K,0.6263442845880753
Kepler-1522 b,1.73,1513.457,G (Sun-like),0.0898996004214196
Kepler-1523 b,1.58,2218.145,G (Sun-like),0.07992404266840518
Kepler-1524 b,3.54,8.443,F,0.45983776201637533
Kepler-1525 b,0.91,715.106,G (Sun-like),0.1259343703178625
Kepler-1526 b,2.43,99.097,K,0.2679956620324271
Kepler-1527 b,4.77,7.813,F,0.4399725898816685
Kepler-1528 b,1.46,1106.851,G (Sun-like),0.15331635308227753
Kepler-1529 b,2.1,115.765,K,0.2625967030611474
Kepler-153 b,2.92,21.609,G (Sun-like),0.35323932344730397
Kepler-153 c,2.53,6.422,G (Sun-like),0.5374720982892354
Kepler-1530 b,1.64,353.561,G (Sun-like),0.15087076443253092
Kepler-1530 c,1.65,135.179,G (Sun-like),0.21066404743847758
Kepler-1530 d,3.27870115,69.2,G (Sun-like),0.23174594894480352
Kepler-1531 b,1.11,4457.2,F,0.11630216438387461
Kepler-1532 b,1.35,1705.762,G (Sun-like),0.139978586982008
Kepler-1533 b,3.46,4.786,F,0.5486067695031004
Kepler-1534 b,1.89,196.51,G (Sun-like),0.18044380685542885
Kepler-1535 b,2.55,5.384,F,0.5656612894796383
Kepler-1536 b,3.14,0.193,K,0.5975576524834717
Kepler-1537 b,1.18,713.168,K,0.2246992413263179
Kepler-1538 b,2.82,1.989,G (Sun-like),0.722490130030476
Kepler-1539 b,2.7,1.572,K,0.8184607996821501
Kepler-154 b,2.26,28.11,G (Sun-like),0.3407785567835919
Kepler-154 c,2.95,12.071,G (Sun-like),0.4269881179883565
Kepler-154 d,3.84,53.002,G (Sun-like),0.24526166578111017
Kepler-154 e,1.5,480.405,G (Sun-like),0.18767733028215272
Kepler-154 f,1.5,139.884,G (Sun-like),0.2616603739036028
Kepler-1540 b,2.49,0.849,K,0.8782063829028857
Kepler-1541 b,1.16,75.56,G (Sun-like),0.323170661604832
Kepler-1542 b,0.76,518.437,G (Sun-like),0.13701821395622957
Kepler-1542 c,0.65,786.082,G (Sun-like),0.1154102645683929
Kepler-1542 d,0.87,297.806,G (Sun-like),0.16984623198097956
Kepler-1542 e,0.76,369.999,G (Sun-like),0.15414674271946247
Kepler-1543 b,2.71,375.651,F,0.13406141201219735
Kepler-1544 b,1.78,0.833,K,0.9304813638166133
Kepler-1545 b,2.7,1.408,G (Sun-like),0.7863878357428611
Kepler-1546 b,3.13,36.302,G (Sun-like),0.2920801488798421
Kepler-1547 b,0.9,5760.944,F,0.060599525635867985
Kepler-1548 b,2.64,1.933,G (Sun-like),0.737362302914601
Kepler-1549 b,2.57,1.184,G (Sun-like),0.8220631554711244
Kepler-155 b,2.09,23.5,K,0.41754265744084434
Kepler-155 c,2.24,1.28,K,0.8824756187219676
Kepler-1550 b,3.02,2.305,G (Sun-like),0.6874476153145831
Kepler-1551 b,2.66,60.421,F,0.25389317633539027
Kepler-1552 b,2.47,1.854,G (Sun-like),0.7546598724599387
Kepler-1553 b,1.15,166.106,G (Sun-like),0.25814302926213195
Kepler-1554 b,2.9,1.014,G (Sun-like),0.8246692880437166
Kepler-1555 b,1.61,483.262,G (Sun-like),0.1357167233166199
Kepler-1556 b,1.96,92.138,G (Sun-like),0.2331532597890646
Kepler-1557 b,1.53,645.543,F,0.12375296237687461
Kepler-1558 b,0.68,189.886,K,0.24095675017995138
Kepler-1559 b,0.72,1620.063,G (Sun-like),0.09118811509138981
Kepler-156 b,2.3,135.077,K,0.2479488213844045
Kepler-156 c,2.55,28.642,K,0.3804999062255697
Kepler-1560 b,0.89,593.919,G (Sun-like),0.1339301456732873
Kepler-1561 b,1.09,2364.807,G (Sun-like),0.1329888213093643
Kepler-1562 b,3.55,31.768,G (Sun-like),0.29731260487843664
Kepler-1563 b,0.75,390.57,G (Sun-like),0.1509375754615855
Kepler-1564 b,1.47,41.514,G (Sun-like),0.3730347375380944
Kepler-1565 b,1.19,510.566,K,0.23996256379439818
Kepler-1566 b,0.79,2340.984,G (Sun-like),0.0813879821438185
Kepler-1567 b,2.73,2.723,G (Sun-like),0.6736037054204739
Kepler-1568 b,1.3,72.568,G (Sun-like),0.3220949500909159
Kepler-1569 b,1.68,495.652,F,0.13351109717964865
Kepler-157 b,1.32,1572.309,G (Sun-like),0.1429191144325428
Kepler-157 c,2.24,101.754,G (Sun-like),0.21954278107649774
Kepler-157 d,1.46,244.058,G (Sun-like),0.22518359405447713
Kepler-1570 b,1.07,76.457,G (Sun-like),0.32537928215771933
Kepler-1571 b,1.52,757.132,F,0.11717749331815464
Kepler-1572 b,0.94,583.523,G (Sun-like),0.13585994388780484
Kepler-1573 b,1.2,1343.114,G (Sun-like),0.14968066958018728
Kepler-1574 b,1.29,289.778,G (Sun-like),0.21840477210657244
Kepler-1575 b,1.31,803.679,G (Sun-like),0.16764045602228106
Kepler-1576 b,1.04,156.608,G (Sun-like),0.26565377221729225
Kepler-1577 b,1.13,57.751,K,0.40089191487342524
Kepler-1578 b,1.04,1486.438,G (Sun-like),0.14830052656383935
Kepler-1579 b,0.84,396.64,K,0.20285478601970724
Kepler-158 b,2.12,13.634,K,0.4889781664748661
Kepler-158 c,1.9,6.677,K,0.6117635784949085
Kepler-1580 b,2.11,83.088,F,0.23826509714346863
Kepler-1581 b,0.8,470.862,F,0.14287188613286536
Kepler-1582 b,1.49,2.5,M (red dwarf),0.8223486962883787
Kepler-1583 b,0.6,124.307,G (Sun-like),0.21650184023500968
Kepler-1584 b,1.61,162.544,F,0.19844464644276832
Kepler-1585 b,1.79,182.941,G (Sun-like),0.18686129710348762
Kepler-1586 b,1.52,105.771,F,0.23269992029321696
Kepler-1587 b,1.33,254.701,G (Sun-like),0.22528762651072087
Kepler-1588 b,0.76,359.79,G (Sun-like),0.15565953853662884
Kepler-1589 b,1.09,5228.785,F,0.11286993530112882
Kepler-159 b,2.38,33.463,K,0.3679356366309113
Kepler-159 c,3.41,4.791,K,0.6002059739753978
Kepler-1590 b,1.14,171.478,F,0.25612436188873255
Kepler-1591 b,1.27,439.434,F,0.1959917736295782
Kepler-1592 b,1.54,1918.34,F,0.08446431571761036
Kepler-1593 b,3.17,0.889,K,0.8440533871698984
Kepler-1594 b,1.06,672.414,G (Sun-like),0.17936093326906172
Kepler-1595 b,1.23,185.568,G (Sun-like),0.2481956674986156
Kepler-1596 b,1.9,33.378,G (Sun-like),0.3324087179347115
Kepler-1597 b,1.06,1431.311,F,0.1493319188121935
Kepler-1598 b,0.95,308.46,G (Sun-like),0.16999409199599913
Kepler-1599 b,1.62,8.196,G (Sun-like),0.5428483752410942
Kepler-16 b,8.4493,0.2517,K,0.5170347414526837
Kepler-160 b,1.715,396.619,G (Sun-like),0.14378585013047232
Kepler-160 c,3.76,84.848,G (Sun-like),0.20952242023611248
Kepler-1600 b,3.13,0.4,G (Sun-like),0.6686278575927623
Kepler-1600 c,1.94206512,84.7,K,0.2904611165826193
Kepler-1601 b,0.82,999.752,G (Sun-like),0.1102443614337451
Kepler-1602 b,1.34,124.507,F,0.2745917224285614
Kepler-1603 b,1.29,1269.46,F,0.15051122965549008
Kepler-1604 b,1.41,1391.4,K,0.19593162144094023
Kepler-1605 b,1.08,16.734,G (Sun-like),0.5107057687613438
Kepler-1606 b,2.07,1.29,G (Sun-like),0.8440675250962075
Kepler-1607 b,0.92,449.632,F,0.1483388876166992
Kepler-1608 b,1.73,33.22,K,0.38872690273263144
Kepler-1609 b,2.22,12.975,F,0.4421218595858274
Kepler-161 b,2.12,123.4,K,0.25755483503999455
Kepler-161 c,2.05,76.201,K,0.29686559573414645
Kepler-1610 b,1.61,56.212,G (Sun-like),0.2866097809237789
Kepler-1610 c,2.09,8.34,G (Sun-like),0.5151034681143764
Kepler-1611 b,0.81,146.22,G (Sun-like),0.21520160156745569
Kepler-1612 b,1.03,269.248,G (Sun-like),0.2288137064929841
Kepler-1613 b,2.08,6797.623,F,0.05135346559451227
Kepler-1614 b,1.49,276.373,K,0.2671724737443396
Kepler-1615 b,2.06,31.171,G (Sun-like),0.33505094289849435
Kepler-1616 b,1.02,724.861,F,0.17671563229858134
Kepler-1617 b,1.2,64.689,F,0.3367088874720933
Kepler-1618 b,1.26,903.908,F,0.16361131650826788
Kepler-1619 b,0.76,74.635,G (Sun-like),0.268943979529984
Kepler-162 b,1.26,305.946,G (Sun-like),0.2158675576006715
Kepler-162 c,3.03,77.052,G (Sun-like),0.22714736152102327
Kepler-1620 b,1.61,7.92,F,0.5492673746920635
Kepler-1621 b,2.16,14.055,F,0.4330668716613945
Kepler-1622 b,1.47,236.005,F,0.22703954618985767
Kepler-1623 b,1.31,243.08,G (Sun-like),0.22860284182727014
Kepler-1624 b,6.59,6.01,K,0.4908428839392794
Kepler-1625 b,6.06,3.3,G (Sun-like),0.5339870784530185
Kepler-1626 b,2.02,1328.654,F,0.091420489632265
Kepler-1627 b,3.69,143.12,G (Sun-like),0.17551583251176484
Kepler-1628 b,6.43,0.79,K,0.7085566756062763
Kepler-1629 b,0.77,315.457,G (Sun-like),0.16331323275550663
Kepler-163 b,1.05,115.612,G (Sun-like),0.2893007509425318
Kepler-163 c,2.26,30.238,G (Sun-like),0.3324665096288826
Kepler-1630 b,2.19,0.26,K,0.6922212678132279
Kepler-1631 b,1.35,446.918,G (Sun-like),0.19370776202812034
Kepler-1632 b,2.47,6.062,F,0.5495857294498235
Kepler-1633 b,1.58,26.258,F,0.37275161650654304
Kepler-1634 b,3.19,0.544,G (Sun-like),0.7165658586145593
Kepler-1635 b,3.64,0.4,G (Sun-like),0.6468038663125601
Kepler-1636 b,3.23,1.217,G (Sun-like),0.7791643076647903
Kepler-1637 b,0.89,337.78,G (Sun-like),0.16310503495628603
Kepler-1638 b,1.87,2.76,G (Sun-like),0.7233391324615343
Kepler-1639 b,2.58,187.848,F,0.1724479548580643
Kepler-164 b,1.41,370.922,G (Sun-like),0.20227234505872266
Kepler-164 c,2.73,131.487,G (Sun-like),0.19295515559067775
Kepler-164 d,2.45,35.89,G (Sun-like),0.3086438131380234
Kepler-164 e,4.24,7.99,G (Sun-like),0.44908519546037334
Kepler-1640 b,4.82,537.4,F,0.10405530551839347
Kepler-1641 b,3.11,82.828,F,0.22030428344676115
Kepler-1641 c,2.95,42.145,F,0.28112418495849717
Kepler-1642 b,3.2,39.915,G (Sun-like),0.28142916689287056
Kepler-1642 c,2.66,89.632,G (Sun-like),0.22157124122262328
Kepler-1643 b,2.32,137.753,K,0.24626590433926931
Kepler-1644 b,1.88,31.86,G (Sun-like),0.33837131763985573
Kepler-1645 b,1.78,138.538,G (Sun-like),0.20604349479458925
Kepler-1646 b,1.23,4.2,M (red dwarf),0.7438825902098747
Kepler-1647 b,11.8739,0.5956,F,0.5310035093674329
Kepler-1649 b,1.017,2.208,M (red dwarf),0.8955335416422889
Kepler-1649 c,1.06,0.75,M (red dwarf),0.9895286209413928
Kepler-165 b,2.32,59.799,G (Sun-like),0.261978674651681
Kepler-165 c,2.23,25.931,G (Sun-like),0.35110980725405794
Kepler-1650 b,0.96,54.562,M (red dwarf),0.310553275169044
Kepler-1651 b,1.84,5.65,K,0.6442521264646438
Kepler-1652 b,1.6,0.81,M (red dwarf),0.8926246966217393
Kepler-1653 b,2.17,0.98,K,0.9238732942402635
Kepler-1654 b,9.180171,0.3,G (Sun-like),0.4797954412963069
Kepler-1655 b,2.213,129.1,F,0.2026223913845076
Kepler-1656 b,4.574,24.6,G (Sun-like),0.30592324306675955
Kepler-1656 c,14.0,0.1126,G (Sun-like),0.32194953757128697
Kepler-166 b,2.27,77.543,G (Sun-like),0.24055828441091592
Kepler-166 c,2.38,10.507,G (Sun-like),0.4667411028801276
Kepler-166 d,1.73,651.409,G (Sun-like),0.12071624355417494
Kepler-1660 AB b,12.9,7.2787,F,0.350032265110596
Kepler-1661 b,3.87,0.88,K,0.8082666953883871
Kepler-1663 b,3.30395896,4.07,K,0.6304286576844812
Kepler-1664 b,3.03320653,85.46,G (Sun-like),0.21910805049366955
Kepler-1665 b,2.83910787,40.4,K,0.33754001303634595
Kepler-1666 b,2.88273782,48.23,F,0.2697548463866662
Kepler-1666 c,3.23564749,26.34,F,0.3232975571759587
Kepler-1667 b,2.98385261,9.3,G (Sun-like),0.46299317464576945
Kepler-1668 b,4.34764405,63.79,G (Sun-like),0.2236659861247546
Kepler-1669 b,2.78043818,18.66,K,0.4248006258829998
Kepler-1669 c,1.90120972,199.28,K,0.22936836234789076
Kepler-1669 d,1.22,47.3,K,0.4184651792054833
Kepler-167 b,1.718,122.502,K,0.2664248158135305
Kepler-167 c,1.674,61.175,K,0.3264696861632016
Kepler-167 d,1.238,14.489,K,0.5730812557160033
Kepler-167 e,10.16,0.1,K,0.38735124089472966
Kepler-1670 b,3.3564801,67.67,G (Sun-like),0.23234423244048807
Kepler-1671 b,1.32557381,205.0,K,0.2891644115156896
Kepler-1672 b,2.97022762,4.4,F,0.5809701786377378
Kepler-1673 b,2.9355194,30.5,F,0.31417365680852016
Kepler-1674 b,3.2057749,7.13,G (Sun-like),0.4952520013337759
Kepler-1675 b,3.12483349,11.8,G (Sun-like),0.4248540158220405
Kepler-1677 b,2.70216183,59.4,F,0.2545548230681367
Kepler-1678 b,3.30422249,2.78,G (Sun-like),0.64323834264366
Kepler-1679 b,2.0692036,103.3,G (Sun-like),0.22179523677495946
Kepler-168 b,1.46,725.064,F,0.1697833142678948
Kepler-168 c,2.69,169.002,F,0.17737508727244555
Kepler-1680 b,1.35954736,49.0,K,0.40921344303291296
Kepler-1681 b,2.55321772,5.33,G (Sun-like),0.5671990963223708
Kepler-1682 b,2.88940836,54.74,G (Sun-like),0.25815396504421273
Kepler-1683 b,1.87477762,47.32,G (Sun-like),0.2958062940725494
Kepler-1684 b,2.87084792,3.42,K,0.6776702027179009
Kepler-1685 b,2.57673985,36.01,G (Sun-like),0.3051395291458731
Kepler-1686 b,1.42553017,167.2,G (Sun-like),0.25065271762324537
Kepler-1687 b,1.65623882,30.22,K,0.4025221446940101
Kepler-1688 b,1.26174569,84.01,K,0.3599100463790138
Kepler-1689 b,0.94678642,149.3,G (Sun-like),0.21877339780694988
Kepler-169 b,1.13,195.221,K,0.29728993995386954
Kepler-169 c,1.21,82.853,K,0.3628879849412304
Kepler-169 d,1.25,55.53,K,0.4002509461839505
Kepler-169 e,2.2,28.548,K,0.39080147975839746
Kepler-169 f,2.58,2.439,K,0.7507225973340184
Kepler-1690 b,2.81109223,1.2,G (Sun-like),0.804835294251665
Kepler-1691 b,1.83470985,641.53,F,0.12006775742671409
Kepler-1692 b,1.11177184,153.48,K,0.31504253081953837
Kepler-1693 b,1.28938413,100.37,G (Sun-like),0.29353754321728226
Kepler-1693 c,0.97698289,296.73,G (Sun-like),0.17301075112361552
Kepler-1694 b,1.17986031,197.66,K,0.2951476056524351
Kepler-1695 b,1.11948901,198.57,G (Sun-like),0.2464015107028209
Kepler-1696 b,2.80982017,10.04,G (Sun-like),0.4576749003947598
Kepler-1697 b,1.25954761,37.3,K,0.443667409925531
Kepler-1698 b,1.07315686,697.6,K,0.22747759965415904
Kepler-1699 b,1.56671124,245.65,G (Sun-like),0.17268444008714173
Kepler-17 b,14.68,1481.766,G (Sun-like),0.055030695793584224
Kepler-170 b,3.2,136.522,G (Sun-like),0.18411863079181476
Kepler-170 c,2.86,50.682,G (Sun-like),0.26564882928417244
Kepler-1700 b,2.90129941,2.2,F,0.7012242222825706
Kepler-1701 b,2.22186207,1.3,K,0.8812637184468236
Kepler-1702 b,1.60190793,22.4,K,0.4422566351928026
Kepler-1704 b,11.94877343,0.342,G (Sun-like),0.4638362039344843
Kepler-1705 b,2.03,91.74,F,0.23195269138695285
Kepler-1708 b,9.96,0.561,F,0.5485977532975541
Kepler-1709 b,3.12424875,11.7,G (Sun-like),0.42603910360572816
Kepler-171 b,2.34,304.178,G (Sun-like),0.14869373698505733
Kepler-171 c,2.56,78.905,G (Sun-like),0.233394121506664
Kepler-171 d,1.89,15.103,G (Sun-like),0.43389114254927375
Kepler-1710 b,3.19744103,48.9,G (Sun-like),0.2625839906614075
Kepler-1711 b,1.923,47.39,G (Sun-like),0.2942580598146436
Kepler-1712 b,2.28372556,5.52,K,0.6241202106224714
Kepler-1713 b,1.71673535,144.3,F,0.2044831807953557
Kepler-1714 b,3.26437302,504.3,F,0.1162527043607223
Kepler-1715 b,4.14042267,53.0,F,0.24109131440502962
Kepler-1716 b,2.4247685,6.3,K,0.5952819833499744
Kepler-1717 b,2.98929758,87.69,F,0.21784241075130412
Kepler-1718 b,2.5685207,3.7,G (Sun-like),0.6287248908828772
Kepler-1719 b,3.95000623,686.9,G (Sun-like),0.10001325259219891
Kepler-172 b,2.35,639.476,G (Sun-like),0.11461468788526512
Kepler-172 c,2.86,227.225,G (Sun-like),0.15796087831856354
Kepler-172 d,2.25,75.29,G (Sun-like),0.24344654990360173
Kepler-172 e,2.76,23.431,G (Sun-like),0.3478933090503033
Kepler-1720 b,3.21585295,55.86,G (Sun-like),0.2505412808985651
Kepler-1721 b,3.11856756,172.6,G (Sun-like),0.17065105579206202
Kepler-1722 b,2.86719266,76.14,G (Sun-like),0.23078010662201293
Kepler-1723 b,2.88046569,24.54,F,0.3394648705556121
Kepler-1724 b,2.83677238,234.98,F,0.156393035227159
Kepler-1725 b,2.8125177,84.1,F,0.2238892897723442
Kepler-1726 b,2.50861954,24.0,G (Sun-like),0.35197450356924787
Kepler-1727 b,3.17321625,77.75,G (Sun-like),0.22419821306038393
Kepler-1728 b,2.95501875,145.48,K,0.23320794166996184
Kepler-1729 b,3.89404186,29.68,K,0.3479884177512092
Kepler-173 b,1.29,599.495,F,0.18065398075487993
Kepler-173 c,2.43,258.418,F,0.15620509152577283
Kepler-1730 b,4.48524519,113.75,G (Sun-like),0.18178989189050407
Kepler-1731 b,2.93295657,13.3,K,0.464277623431449
Kepler-1732 b,4.09903273,27.05,G (Sun-like),0.30390897191468674
Kepler-1733 b,3.63582354,257.11,F,0.14360719219848384
Kepler-1734 b,3.08851092,222.91,F,0.1564343977626018
Kepler-1735 b,1.19429134,15.01,K,0.570271011428242
Kepler-1736 b,3.8765856,24.27,F,0.3192487421329008
Kepler-1738 b,2.82472883,198.67,F,0.165959980783301
Kepler-1739 b,2.43056832,117.5,G (Sun-like),0.20548176803748414
Kepler-174 b,1.96,24.418,K,0.417313109088423
Kepler-174 c,1.49,5.296,K,0.7288753637729108
Kepler-174 d,2.19,0.53,K,0.8198892509795409
Kepler-1740 b,3.32321414,127.95,G (Sun-like),0.18676764937221654
Kepler-1741 b,1.273,33.79,M (red dwarf),0.40482495634125876
Kepler-1742 b,2.1782413,10.73,G (Sun-like),0.4718201517570583
Kepler-1743 b,1.59887007,515.0,G (Sun-like),0.13289634899477637
Kepler-1744 b,3.76754004,21.0,G (Sun-like),0.33728126608657466
Kepler-1745 b,1.92872921,1044.49,G (Sun-like),0.10032022806393498
Kepler-1746 b,8.93504475,3.4,F,0.4805650797358494
Kepler-1747 b,4.26508,138.33,G (Sun-like),0.1718454376758347
Kepler-1748 b,2.71275017,196.33,G (Sun-like),0.16806341134587807
Kepler-1749 b,1.61301783,7.34,K,0.6121605341357267
Kepler-175 b,2.56,129.639,F,0.19650124269720978
Kepler-175 c,3.1,31.95,F,0.30567593651873154
Kepler-1750 b,6.00434637,1.85,G (Sun-like),0.6180570664471448
Kepler-1751 b,1.82417378,221.46,F,0.17422553908866023
Kepler-1752 b,4.54060463,7.29,G (Sun-like),0.45472221398996143
Kepler-1753 b,2.22678077,27.41,K,0.3946988379497301
Kepler-1754 b,2.43996509,48.2,K,0.3292854824708275
Kepler-1755 b,5.91688317,37.43,F,0.2495427387612988
Kepler-1757 b,2.94660251,21.5,G (Sun-like),0.35315592781632216
Kepler-1758 b,2.57059831,93.64,G (Sun-like),0.21978432106939597
Kepler-1759 b,0.9037791,195.7,K,0.24774684217306625
Kepler-176 b,1.43,123.802,G (Sun-like),0.2726274533801213
Kepler-176 c,2.6,39.631,G (Sun-like),0.2947865779576633
Kepler-176 d,2.51,15.536,G (Sun-like),0.40671562457965293
Kepler-176 e,1.45,6.22,G (Sun-like),0.6522179470768555
Kepler-1761 b,1.39109603,33.34,K,0.4513369244412546
Kepler-1762 b,2.76022913,61.49,F,0.25042880745650653
Kepler-1763 b,1.14651332,2597.27,G (Sun-like),0.1297022307979075
Kepler-1764 b,4.55527871,16.17,F,0.3521626359859034
Kepler-1765 b,2.49508857,126.48,G (Sun-like),0.19923413339785487
Kepler-1766 b,2.27904508,7.8,G (Sun-like),0.5171268726505804
Kepler-1767 b,3.01299077,5.66,G (Sun-like),0.5382073708304093
Kepler-1768 b,2.23346338,179.16,F,0.1804754992187225
Kepler-1769 b,4.465,8.9,F,0.4290111026835619
Kepler-177 b,3.5,30.4,G (Sun-like),0.30273532775943957
Kepler-177 c,8.73,25.4,G (Sun-like),0.2582144328165263
Kepler-1770 b,2.84141754,56.43,G (Sun-like),0.2563748266712707
Kepler-1771 b,4.05537256,5.51,G (Sun-like),0.5079617944189038
Kepler-1772 b,2.68609988,1485.0,G (Sun-like),0.0830760503312165
Kepler-1773 b,3.50469499,39.2,F,0.27757496413449256
Kepler-1774 b,3.18179549,16.4,F,0.38007859782321235
Kepler-1775 b,3.64762153,9.9,G (Sun-like),0.4344041922793602
Kepler-1776 b,2.61157023,29.9,G (Sun-like),0.32413445704253446
Kepler-1777 b,2.13189678,71.3,G (Sun-like),0.25069779993626434
Kepler-1778 b,3.01665969,186.14,F,0.16741493272077757
Kepler-1779 b,3.03295685,67.34,G (Sun-like),0.23791130938213573
Kepler-178 b,2.9,84.571,G (Sun-like),0.22201704689708102
Kepler-178 c,2.88,30.546,G (Sun-like),0.3152873169902992
Kepler-178 d,3.95,3.874,G (Sun-like),0.5654987273069254
Kepler-1780 b,3.60600667,3.14,G (Sun-like),0.6111621183454747
Kepler-1781 b,2.38091029,239.11,G (Sun-like),0.16115206357066644
Kepler-1782 b,2.22927435,86.0,K,0.2829310584102314
Kepler-1783 b,1.31946731,65.5,K,0.38121003756426664
Kepler-1784 b,2.79936489,64.8,G (Sun-like),0.2452208243402489
Kepler-1785 b,2.70422447,47.3,G (Sun-like),0.2752287654081241
Kepler-1786 b,3.16305828,10.7,G (Sun-like),0.4372767995816211
Kepler-1787 b,2.31898181,20.04,F,0.37984083435651145
Kepler-1788 b,2.37850461,197.81,K,0.22219248014662724
Kepler-1789 b,2.83137505,4.91,G (Sun-like),0.5686464718284746
Kepler-179 b,1.64,360.262,G (Sun-like),0.14988533033991935
Kepler-179 c,2.0,115.983,G (Sun-like),0.21445270350690857
Kepler-1790 b,3.1446145,49.2,G (Sun-like),0.2629812381525671
Kepler-1791 b,3.12103321,257.14,G (Sun-like),0.1485005108488764
Kepler-1792 b,2.51990972,283.78,G (Sun-like),0.1500770356061112
Kepler-1793 b,3.79037518,61.24,K,0.2840584783192907
Kepler-1794 b,1.79426276,57.59,K,0.3287594883633448
Kepler-1796 b,2.75047868,30.3,F,0.31922641398874
Kepler-1797 b,3.05774442,51.68,F,0.2601458442834636
Kepler-1798 b,2.30911251,6.52,K,0.5949542149801633
Kepler-1799 b,4.12801189,83.04,G (Sun-like),0.20665620996391706
Kepler-18 b,2.0,355.735,G (Sun-like),0.1451621818865544
Kepler-18 c,5.49,126.081,G (Sun-like),0.16719992965610178
Kepler-18 d,6.98,51.922,G (Sun-like),0.21419559552732886
Kepler-180 b,1.5,72.119,G (Sun-like),0.31627510195887015
Kepler-180 c,3.01,16.423,G (Sun-like),0.38447213843307554
Kepler-1800 b,0.99679734,242.0,G (Sun-like),0.1862943237850829
Kepler-1801 b,2.70926154,111.52,G (Sun-like),0.2046334936583044
Kepler-1801 c,2.91,4.47,G (Sun-like),0.5808822516257249
Kepler-1802 b,1.671,26.91,K,0.41604632109765777
Kepler-1802 c,2.322,3.86,K,0.6842090850274148
Kepler-1804 b,1.59615726,164.61,K,0.24787431224757073
Kepler-1805 b,1.54502915,12.48,K,0.5287845725754686
Kepler-1806 b,2.35560189,66.89,G (Sun-like),0.2512912933443004
Kepler-1807 b,2.70393215,356.24,F,0.13663094042835427
Kepler-1808 b,3.02511302,30.94,G (Sun-like),0.31065265917801077
Kepler-1809 b,1.513,158.2,K,0.2524972435295287
Kepler-181 b,1.27,255.584,G (Sun-like),0.2263828387653421
Kepler-181 c,1.99,168.188,G (Sun-like),0.18865069685226146
Kepler-1810 b,3.91815325,4.91,G (Sun-like),0.5295839842267167
Kepler-1811 b,3.84829873,10.11,G (Sun-like),0.42634498203289395
Kepler-1812 b,2.3249424,270.34,F,0.15513712329200383
Kepler-1814 b,2.36961357,216.9,K,0.2168797684899481
Kepler-1814 c,1.76,2011.27,K,0.13113435173043803
Kepler-1815 b,2.7489262,80.01,G (Sun-like),0.2288769524012612
Kepler-1816 b,1.9679397,2.0,K,0.825375210840187
Kepler-1817 b,2.27349126,10.85,G (Sun-like),0.4662023267522508
Kepler-1818 b,1.71360684,504.23,F,0.13224278227440994
Kepler-1819 b,3.90351256,78.99,F,0.2129594787520935
Kepler-182 b,2.58,239.787,F,0.15838929367761284
Kepler-182 c,3.43,88.852,F,0.21047197352842478
Kepler-1820 b,3.11883067,23.41,G (Sun-like),0.339074204968072
Kepler-1821 b,2.59248115,40.61,G (Sun-like),0.29251451061856276
Kepler-1822 b,2.64755943,15.65,K,0.4513177666044036
Kepler-1823 b,2.0861268,78.0,F,0.24406282955855746
Kepler-1824 b,2.38127597,7.45,F,0.5199555556759353
Kepler-1825 b,1.42200732,1264.7,K,0.1990485838475482
Kepler-1826 b,1.47519116,99.32,K,0.3390506459800672
Kepler-1827 b,1.85644292,1113.4,G (Sun-like),0.09880510392466382
Kepler-1828 b,2.11598626,96.27,G (Sun-like),0.22630111799659014
Kepler-1829 b,2.47887001,129.37,G (Sun-like),0.1979392757717876
Kepler-183 b,2.06,281.845,G (Sun-like),0.15656023467632985
Kepler-183 c,2.27,108.717,G (Sun-like),0.21399915785545065
Kepler-1830 b,3.32992941,35.8,F,0.2895411387307417
Kepler-1831 b,1.97019818,288.69,F,0.156578985203337
Kepler-1832 b,1.22719556,257.32,G (Sun-like),0.22692434875729744
Kepler-1833 b,1.30027362,439.2,F,0.19546863936190434
Kepler-1834 b,1.4593834,105.2,K,0.3347604799557391
Kepler-1834 c,1.22,1334.22,K,0.19965519869765258
Kepler-1835 b,3.53387773,100.96,G (Sun-like),0.20003671491318278
Kepler-1836 b,2.55303229,338.15,F,0.14079789137742685
Kepler-1837 b,2.06673842,247.83,G (Sun-like),0.16363839801444038
Kepler-1838 b,1.66049425,271.6,G (Sun-like),0.16504627868642138
Kepler-1839 b,1.9493759,286.32,G (Sun-like),0.1573449869624086
Kepler-184 b,2.36,70.361,G (Sun-like),0.24685164668769688
Kepler-184 c,1.97,29.875,G (Sun-like),0.3428120040823592
Kepler-184 d,2.49,18.557,G (Sun-like),0.3841430834374037
Kepler-1840 b,2.77771129,1.3,K,0.8443997647503797
Kepler-1841 b,1.48912557,20.35,K,0.5101960270545617
Kepler-1842 b,2.35388681,108.07,G (Sun-like),0.21290011361725555
Kepler-1843 b,2.70909809,111.8,G (Sun-like),0.20445813337341887
Kepler-1844 b,3.03648191,314.25,G (Sun-like),0.13928806523972107
Kepler-1845 b,2.43836702,27.47,K,0.3882657659990994
Kepler-1846 b,1.76378826,24.5,K,0.4241417086741324
Kepler-1847 b,2.74516914,119.44,F,0.1992713791485599
Kepler-1848 b,1.4088539,94.3,K,0.34527628002094546
Kepler-1849 b,2.38685349,3.76,K,0.6853304006746122
Kepler-185 b,1.17,475.507,G (Sun-like),0.1938595751450644
Kepler-185 c,2.02,16.029,G (Sun-like),0.4201804749009087
Kepler-1850 b,0.72909663,245.15,K,0.22674590633577518
Kepler-1851 b,3.90012032,85.78,G (Sun-like),0.20701330031521192
Kepler-1852 b,1.88610592,79.1,G (Sun-like),0.2475675227093664
Kepler-1853 b,1.51862272,5.23,K,0.6791464387545649
Kepler-1854 b,2.58746104,7.33,K,0.5638234805732046
Kepler-1856 b,1.73447868,772.73,K,0.16366807370562875
Kepler-1857 b,1.96065412,217.4,F,0.17300957462448197
Kepler-1858 b,2.42168247,2.79,K,0.7360756533804333
Kepler-1859 b,1.58313575,1056.15,G (Sun-like),0.10357245528855222
Kepler-1859 c,1.66,732.82,G (Sun-like),0.11670956231390721
Kepler-186 b,1.07,37.372,K,0.45212547534535397
Kepler-186 c,1.25,13.98,K,0.5779174575761064
Kepler-186 d,1.4,7.204,K,0.6792751058795938
Kepler-186 e,1.27,3.608,K,0.8202069587929662
Kepler-186 f,1.17,0.3,K,0.8453758008047263
Kepler-1860 b,1.13863767,56.3,G (Sun-like),0.3531871733547513
Kepler-1861 b,2.20677414,31.5,G (Sun-like),0.3294316979346822
Kepler-1862 b,2.203,41.04,G (Sun-like),0.30115381707520683
Kepler-1863 b,2.26309256,41.5,G (Sun-like),0.2984238608286875
Kepler-1864 b,0.75408365,427.6,G (Sun-like),0.14636795927698612
Kepler-1865 b,1.57686072,495.14,G (Sun-like),0.1350615230987046
Kepler-1866 b,2.08215108,114.36,G (Sun-like),0.213851028154816
Kepler-1867 b,1.15985997,82.32,G (Sun-like),0.31520426927292466
Kepler-1868 b,3.14950109,0.5,K,0.7547462626531068
Kepler-1869 b,1.11955354,138.5,G (Sun-like),0.2726247388652612
Kepler-1869 c,0.74,1056.84,G (Sun-like),0.10636079060478472
Kepler-187 b,1.41,902.239,F,0.16162160210912435
Kepler-187 c,2.67,324.134,F,0.14158015500702328
Kepler-1870 b,2.10143764,287.6,G (Sun-like),0.15486556548872968
Kepler-1871 b,2.42172881,917.15,G (Sun-like),0.10043250189202206
Kepler-1872 b,2.38421141,241.25,G (Sun-like),0.16060769117267748
Kepler-1873 b,1.62573811,2412.15,K,0.12722588335300855
Kepler-1874 b,2.21110724,3.79,K,0.6936355103427548
Kepler-1875 b,3.22686692,23.05,F,0.33833620622624805
Kepler-1876 b,0.853,475.0,F,0.14386912198587465
Kepler-1877 b,0.624086,691.1,G (Sun-like),0.11987152875097588
Kepler-1878 b,2.92019781,302.6,G (Sun-like),0.14231663086754914
Kepler-1879 b,2.06512018,242.6,G (Sun-like),0.16488435824505196
Kepler-188 b,1.68,1069.235,F,0.10205115598959673
Kepler-188 c,3.19,257.348,F,0.14775808857895517
Kepler-1880 b,2.11686218,31.73,K,0.3812938924913612
Kepler-1881 b,2.98104391,1.5,K,0.810109058821413
Kepler-1882 b,1.48674404,122.1,G (Sun-like),0.2722331638953339
Kepler-1883 b,3.25107395,7.08,F,0.4948094131004836
Kepler-1884 b,1.81406781,131.92,G (Sun-like),0.2088512513450681
Kepler-1885 b,1.51110555,499.07,G (Sun-like),0.13568497249036474
Kepler-1886 b,2.58158428,26.68,G (Sun-like),0.33766379118615925
Kepler-1887 b,2.92454357,36.14,G (Sun-like),0.2968106454117953
Kepler-1888 b,1.32578716,145.67,G (Sun-like),0.2630404908266273
Kepler-1889 b,2.94360686,14.0,G (Sun-like),0.40709186770437605
Kepler-189 b,1.21,45.389,G (Sun-like),0.3734126444796662
Kepler-189 c,2.38,18.811,G (Sun-like),0.3859184558158422
Kepler-1890 b,0.86867375,493.0,F,0.14240876850487838
Kepler-1891 b,1.52139156,253.28,G (Sun-like),0.17172253550755048
Kepler-1892 b,1.83707938,108.04,G (Sun-like),0.22332154737540483
Kepler-1893 b,1.70557445,478.98,G (Sun-like),0.13475099893697454
Kepler-1894 b,1.20117759,544.05,G (Sun-like),0.18669248168413766
Kepler-1894 c,1.21,243.06,G (Sun-like),0.2308749553082906
Kepler-1895 b,2.11934728,91.45,K,0.2802917947297948
Kepler-1896 b,3.09935997,19.5,F,0.3609242975782015
Kepler-1897 b,2.81407954,15.43,K,0.44809325796602056
Kepler-1898 b,0.93353523,204.6,G (Sun-like),0.19564685274948196
Kepler-1899 b,1.55098292,124.3,K,0.26926005585963797
Kepler-19 b,2.209,87.6,G (Sun-like),0.23186589604874436
Kepler-19 c,3.68,22.1608,G (Sun-like),0.3330199370668565
Kepler-190 b,1.56,417.238,K,0.19365059723674177
Kepler-190 c,1.46,181.699,K,0.29414664147781955
Kepler-1900 b,1.62314676,798.35,F,0.11371864245999654
Kepler-1901 b,1.47418907,389.41,G (Sun-like),0.19859128850157515
Kepler-1902 b,1.17563613,30.84,K,0.47059656687843954
Kepler-1903 b,2.28642395,82.56,F,0.23506521886394846
Kepler-1904 b,1.3904994,24.38,K,0.49058244426787156
Kepler-1905 b,1.4460734,508.75,G (Sun-like),0.18578919446832187
Kepler-1906 b,2.77615754,155.72,G (Sun-like),0.1813014257475356
Kepler-1907 b,0.86973029,75.0,K,0.3242438486197007
Kepler-1907 c,1.15547044,20.6,K,0.5256334428689429
Kepler-1909 b,1.09217411,266.01,K,0.27803239454750883
Kepler-191 b,1.34,50.2,G (Sun-like),0.3573852625050811
Kepler-191 c,1.86,23.2,G (Sun-like),0.3773586848942841
Kepler-191 d,2.28,99.6,G (Sun-like),0.2204046275213772
Kepler-1911 b,1.011,223.93,G (Sun-like),0.24118993387259474
Kepler-1912 b,1.35670508,201.8,G (Sun-like),0.23948431745631166
Kepler-1913 b,1.51852059,105.7,F,0.23279306121920268
Kepler-1914 b,2.9429803,27.66,G (Sun-like),0.3245617744307286
Kepler-1915 b,3.21798413,101.05,F,0.20413364283969557
Kepler-1916 b,2.61757235,38.54,F,0.29719555198266046
Kepler-1917 b,1.88971288,48.99,G (Sun-like),0.2918779999705514
Kepler-1918 b,2.29763023,14.43,G (Sun-like),0.42416850229857916
Kepler-1919 b,2.62390658,12.46,G (Sun-like),0.43313455547199153
Kepler-192 b,2.74,105.297,G (Sun-like),0.20825876465775214
Kepler-192 c,2.79,38.216,G (Sun-like),0.2941234960760346
Kepler-192 d,1.02,186.076,G (Sun-like),0.2536678977113217
Kepler-1920 b,2.95415848,44.87,F,0.27507972265987746
Kepler-1921 b,2.89459458,216.2,F,0.16031396931355776
Kepler-1921 c,1.41,2436.47,F,0.12885885053426321
Kepler-1922 b,2.29064904,71.11,G (Sun-like),0.24741747908306377
Kepler-1923 b,1.95958179,8.63,G (Sun-like),0.5159221787927476
Kepler-1924 b,2.65446572,107.44,G (Sun-like),0.20817707865063576
Kepler-1925 b,3.00177922,18.74,G (Sun-like),0.3682480067544645
Kepler-1926 b,2.31495961,9.8,G (Sun-like),0.4798653968850926
Kepler-1927 b,3.40627075,34.7,F,0.2911788895386215
Kepler-1928 b,1.992,37.8,G (Sun-like),0.31580128321294104
Kepler-1929 b,3.07250761,37.2,G (Sun-like),0.29081796252303566
Kepler-193 b,2.39,117.303,F,0.20629971025021315
Kepler-193 c,2.75,16.026,F,0.39506241640421935
Kepler-1930 b,1.52955541,31.6,K,0.4020953512329743
Kepler-1931 b,2.65323514,51.7,F,0.2680138320997388
Kepler-1932 b,1.51482218,2799.9,G (Sun-like),0.0742087832147055
Kepler-1933 b,1.17984089,250.5,G (Sun-like),0.22968618348049874
Kepler-1934 b,0.91307734,1835.6,G (Sun-like),0.09061494473117836
Kepler-1935 b,2.50271696,324.78,G (Sun-like),0.14337553871774789
Kepler-1936 b,3.16615594,9.4,F,0.45558325673468403
Kepler-1937 b,3.0229133,163.1,F,0.17521526994640438
Kepler-1938 b,1.82828927,18.25,K,0.4601276032223309
Kepler-1939 b,1.16480773,104.74,K,0.34382362348399975
Kepler-194 b,1.51,953.173,F,0.10823744786887088
Kepler-194 c,2.59,56.955,F,0.26053754157869097
Kepler-194 d,2.4,12.863,F,0.4365485275952487
Kepler-1940 b,1.54732469,145.23,G (Sun-like),0.2078056026097986
Kepler-1941 b,2.64976949,46.53,F,0.27795191009262177
Kepler-1942 b,2.1170287,247.34,G (Sun-like),0.1629939865870285
Kepler-1943 b,1.54869189,724.2,F,0.11862968516048306
Kepler-1944 b,2.75971163,97.62,G (Sun-like),0.21347511450302534
Kepler-1946 b,2.48812698,403.53,G (Sun-like),0.1330707144401277
Kepler-1947 b,1.0101666,229.4,F,0.23961122589037126
Kepler-1948 b,1.03283226,5.98,K,0.7426813677149958
Kepler-1949 b,2.21964541,2016.25,F,0.07758233585601841
Kepler-195 b,2.03,74.148,G (Sun-like),0.2496731259722426
Kepler-195 c,1.55,11.281,G (Sun-like),0.4943770364991261
Kepler-1950 b,1.52696349,75.83,G (Sun-like),0.2609020851186204
Kepler-1951 b,2.32107188,66.27,G (Sun-like),0.25284375944044374
Kepler-1952 b,1.23923346,65.27,G (Sun-like),0.3343903041216202
Kepler-1953 b,1.28574667,67.62,K,0.37930151418474967
Kepler-1954 b,1.80235934,192.09,G (Sun-like),0.18348215563031442
Kepler-1955 b,1.16654878,114.3,G (Sun-like),0.28649380852654993
Kepler-1956 b,1.08940238,48.82,K,0.420520971104118
Kepler-1957 b,0.94374867,345.07,K,0.2133120735733529
Kepler-1958 b,2.05124311,99.6,G (Sun-like),0.22499292546554467
Kepler-1959 b,1.14315727,102.25,K,0.3465710725119362
Kepler-196 b,1.9,20.735,K,0.44026961705127005
Kepler-196 c,2.24,6.88,K,0.5893423749758163
Kepler-196 d,2.66065673,1.8,K,0.7982287983782679
Kepler-1960 b,1.30749704,1352.14,F,0.14810448503308807
Kepler-1961 b,1.6187808,132.98,G (Sun-like),0.21258459952775777
Kepler-1962 b,1.21463929,155.95,G (Sun-like),0.2609726850097326
Kepler-1963 b,0.74437023,612.3,G (Sun-like),0.12884315578035005
Kepler-1965 b,1.35415138,13.8,G (Sun-like),0.5237940984118437
Kepler-1966 b,1.10479327,68.28,K,0.3849880156297001
Kepler-1967 b,0.73022577,57.1,K,0.3430342601850729
Kepler-1968 b,1.50004034,72.16,K,0.316221639515292
Kepler-1969 b,1.68161001,235.89,F,0.17296966381083767
Kepler-197 b,1.02,431.256,F,0.20192160724885655
Kepler-197 c,1.23,189.965,F,0.24658634095255827
Kepler-197 d,1.22,109.091,F,0.28868785064260166
Kepler-197 e,0.91,57.941,F,0.3018145756072251
Kepler-1972 b,0.802,341.3,G (Sun-like),0.1599231050163781
Kepler-1972 c,0.868,198.4,G (Sun-like),0.19560770448867384
Kepler-1977 b,1.66,95.61,K,0.2873039963470689
Kepler-1978 b,2.67,49.3,G (Sun-like),0.272066722075271
Kepler-198 b,2.82,44.549,G (Sun-like),0.27848280997189145
Kepler-198 c,2.47,11.354,G (Sun-like),0.45188454478558726
Kepler-198 d,1.53,1444.516,G (Sun-like),0.09338060484605833
Kepler-1980 b,2.21,23.95,G (Sun-like),0.361264610819238
Kepler-1981 b,9.23,5.45,G (Sun-like),0.4168632321581678
Kepler-1982 b,0.77,638.38,F,0.12767793689896692
Kepler-1983 b,2.33,100.13,K,0.26905311742569643
Kepler-1986 b,1.89,26.62,G (Sun-like),0.35922774830577364
Kepler-1987 b,1.23,233.38,K,0.2829847802477189
Kepler-1987 c,1.33,129.44,K,0.32185224773585885
Kepler-1987 d,2.66,72.38,K,0.2885666544816308
Kepler-1987 e,1.92,40.33,K,0.36104773464775447
Kepler-1988 b,1.53,351.79,F,0.1529797706513848
Kepler-1989 b,4.62,157.97,F,0.1610715679454063
Kepler-199 b,3.11,31.679,G (Sun-like),0.30634800932035594
Kepler-199 c,3.25,7.885,G (Sun-like),0.4786665738046122
Kepler-1990 b,3.27,1372.87,G (Sun-like),0.08188439201087336
Kepler-1990 c,0.98,442.08,G (Sun-like),0.15060352885807812
Kepler-1991 b,1.47,78.79,G (Sun-like),0.30915133641603826
Kepler-1991 c,2.57,38.27,G (Sun-like),0.2990351843355132
Kepler-1992 b,0.91,38.99,G (Sun-like),0.3457031548980331
Kepler-1993 b,4.15,157.45,K,0.21532049681440713
Kepler-1994 b,0.51,268.27,G (Sun-like),0.16078196342227163
Kepler-1995 b,4.28,4.66,K,0.576887176093713
Kepler-1996 b,2.26,5.61,K,0.6225540887333878
Kepler-1996 c,2.81,1.38,K,0.8330481975240017
Kepler-1997 b,2.28,44.86,F,0.29015368072633413
Kepler-1998 b,0.6,468.31,G (Sun-like),0.13637728042173067
Kepler-1999 b,3.29,26.17,K,0.3728288548162035
Kepler-20 b,1.773,331.0,G (Sun-like),0.1522351730086983
Kepler-20 c,2.894,78.7,G (Sun-like),0.22770931131212052
Kepler-20 d,2.606,5.71,G (Sun-like),0.5534123342491365
Kepler-20 e,0.821,169.8,G (Sun-like),0.2047306000175698
Kepler-20 f,0.952,35.9,G (Sun-like),0.3579477217476591
Kepler-20 g,4.71,16.2132,G (Sun-like),0.3491091174974038
Kepler-200 b,2.13,159.069,G (Sun-like),0.18985252604077887
Kepler-200 c,1.59,126.361,G (Sun-like),0.2170705233680912
Kepler-2000 b,2.73,18.73,K,0.42577038551676205
Kepler-2000 c,1.57,3.92,K,0.7294152975740158
Kepler-2001 b,1.04,911.28,K,0.2166445885870244
Kepler-2001 c,1.82,30.1,K,0.39702991607805954
Kepler-201 b,2.46,64.549,F,0.2521849902907731
Kepler-201 c,2.85,6.033,F,0.5343164232155712
Kepler-202 b,1.63,108.504,K,0.2778589882603868
Kepler-202 c,1.85,17.07,K,0.46839637077463553
Kepler-203 b,2.57,668.215,G (Sun-like),0.11083977162023922
Kepler-203 c,2.47,329.788,G (Sun-like),0.14299397392405605
Kepler-203 d,1.44,121.816,G (Sun-like),0.2736190070358627
Kepler-204 b,2.53,79.703,G (Sun-like),0.23314540929997654
Kepler-204 c,1.79,36.886,G (Sun-like),0.32485479766436826
Kepler-205 b,1.51,102.562,K,0.28546528444834507
Kepler-205 c,1.64,7.14,K,0.6152992202038443
Kepler-206 b,1.2,192.273,G (Sun-like),0.24651860267158177
Kepler-206 c,1.77,95.51,G (Sun-like),0.23466428819578725
Kepler-206 d,1.19,44.17,G (Sun-like),0.37728789495355675
Kepler-207 b,1.57,4097.318,G (Sun-like),0.06455221194309588
Kepler-207 c,1.5,1742.715,G (Sun-like),0.1377454728238684
Kepler-207 d,3.31,732.604,G (Sun-like),0.1017223614256047
Kepler-208 b,1.63,639.576,F,0.12279111042475944
Kepler-208 c,1.39,300.165,F,0.21433462227195915
Kepler-208 d,1.2,176.283,F,0.2525489988496248
Kepler-208 e,1.48,106.345,F,0.2833252184431536
Kepler-209 b,2.26,48.662,G (Sun-like),0.2826692452302002
Kepler-209 c,3.1,13.637,G (Sun-like),0.40607141851517803
Kepler-21 b,1.639,2749.0,F,0.07366774535075946
Kepler-210 b,2.94,122.139,K,0.24489430831446435
Kepler-210 c,3.62,25.44,K,0.36910938460018444
Kepler-211 b,1.26,158.188,K,0.30872022191821924
Kepler-211 c,1.29,95.436,K,0.3478090820056591
Kepler-212 b,1.09,133.866,G (Sun-like),0.2761759841817729
Kepler-212 c,2.74,54.662,G (Sun-like),0.26118008457641556
Kepler-213 b,1.62,833.469,G (Sun-like),0.11205844886372997
Kepler-213 c,2.34,339.536,G (Sun-like),0.14309657647046778
Kepler-214 b,2.61,196.402,F,0.16939143717692498
Kepler-214 c,2.13,87.244,F,0.2338482347844976
Kepler-215 b,1.62,105.073,G (Sun-like),0.23066222716228807
Kepler-215 c,1.77,57.694,G (Sun-like),0.2792797939329043
Kepler-215 d,2.39,21.404,G (Sun-like),0.369345817890055
Kepler-215 e,1.75,7.444,G (Sun-like),0.5516356827212153
Kepler-216 b,2.35,540.034,F,0.12158715088270915
Kepler-216 c,3.04,182.057,F,0.1684341460062731
Kepler-217 b,2.23,1366.477,F,0.08880947806123667
Kepler-217 c,1.85,730.808,F,0.11454714221960742
Kepler-217 d,1.32,2099.752,F,0.13397669849754082
Kepler-218 b,1.48,460.656,G (Sun-like),0.190030889875548
Kepler-218 c,3.14,16.147,G (Sun-like),0.3831272993295827
Kepler-218 d,2.66,4.118,G (Sun-like),0.6058663598304407
Kepler-219 b,2.95,456.732,G (Sun-like),0.12300136435709803
Kepler-219 c,3.58,54.105,G (Sun-like),0.24739478104397197
Kepler-219 d,2.81,20.01,G (Sun-like),0.3653770885266901
Kepler-22 b,2.1,1.013,G (Sun-like),0.8805837021917426
Kepler-220 b,0.81,105.001,K,0.29142119593129157
Kepler-220 c,1.57,37.321,K,0.38122279325938807
Kepler-220 d,0.98,8.208,K,0.6343136621183663
Kepler-220 e,1.33,4.274,K,0.7818809630330846
Kepler-221 b,1.71,308.885,G (Sun-like),0.15697757117334166
Kepler-221 c,2.93,119.836,G (Sun-like),0.19632854644263237
Kepler-221 d,2.73,56.293,G (Sun-like),0.2587506699545624
Kepler-221 e,2.63,25.156,G (Sun-like),0.34310788131015924
Kepler-222 b,3.16,206.769,G (Sun-like),0.15979352809793368
Kepler-222 c,4.64,59.076,G (Sun-like),0.22620080679241128
Kepler-222 d,3.69,15.087,G (Sun-like),0.3780972472141672
Kepler-223 b,2.99,444.053,G (Sun-like),0.12386045340912888
Kepler-223 c,3.44,302.474,G (Sun-like),0.1373748969361489
Kepler-223 d,5.24,175.951,G (Sun-like),0.15058367147212565
Kepler-223 e,4.6,119.882,G (Sun-like),0.1774573070237018
Kepler-224 b,1.39,201.489,K,0.2888296303696243
Kepler-224 c,3.12,86.332,K,0.2670189453195059
Kepler-224 d,2.3,36.293,K,0.36139240230822667
Kepler-224 e,1.97,18.732,K,0.45096694516762437
Kepler-225 b,1.2,38.883,M (red dwarf),0.3914191263762373
Kepler-225 c,1.84,9.903,M (red dwarf),0.4998241269849163
Kepler-226 b,1.55,270.402,G (Sun-like),0.1673113989525116
Kepler-226 c,2.27,180.513,G (Sun-like),0.17942800590582017
Kepler-226 d,1.22,103.645,G (Sun-like),0.29296402898284934
Kepler-227 b,3.11,104.641,G (Sun-like),0.20317382263480457
Kepler-227 c,3.04,10.186,G (Sun-like),0.44802182721294137
Kepler-228 b,1.53,863.776,F,0.11177596522448843
Kepler-228 c,2.7,457.318,F,0.1252587680395761
Kepler-228 d,4.04,122.778,F,0.1813577557883776
Kepler-229 b,2.2,76.217,K,0.2934931678037514
Kepler-229 c,4.92,21.637,K,0.36394657973427813
Kepler-229 d,3.85,6.162,K,0.5471135956595572
Kepler-23 b,1.638,446.107,G (Sun-like),0.13913830790350468
Kepler-23 c,3.005,257.39,G (Sun-like),0.14966347791775986
Kepler-23 d,2.206,161.038,G (Sun-like),0.18775371487339465
Kepler-230 b,4.26,11.816,G (Sun-like),0.39624129615069986
Kepler-230 c,2.04,2.976,G (Sun-like),0.6977965925901038
Kepler-231 b,1.73,14.879,K,0.49315901743725643
Kepler-231 c,1.93,6.267,K,0.6209820682243433
Kepler-232 b,3.08,410.583,G (Sun-like),0.12648988590285312
Kepler-232 c,3.83,116.524,G (Sun-like),0.18693250138556647
Kepler-233 b,2.43,85.131,G (Sun-like),0.22976792473382307
Kepler-233 c,2.71,6.195,G (Sun-like),0.5357000706028587
Kepler-234 b,3.7,1007.716,F,0.08877425562004296
Kepler-234 c,3.51,273.304,F,0.141687808662932
Kepler-235 b,2.23,44.0,K,0.3433640878073923
Kepler-235 c,1.28,14.2,K,0.573693428743846
Kepler-235 d,2.05,4.03,K,0.6920661853823192
Kepler-235 e,2.22,1.33,K,0.8776382456374513
Kepler-236 b,1.57,15.632,K,0.4936010243971074
Kepler-236 c,2.0,3.802,K,0.7056570496917258
Kepler-237 b,1.41,124.961,K,0.3224316355123342
Kepler-237 c,2.08,60.642,K,0.3163546239820709
Kepler-238 b,1.73,2500.588,G (Sun-like),0.07541750627633612
Kepler-238 c,2.39,592.298,G (Sun-like),0.11732798813701095
Kepler-238 d,3.07,213.48,G (Sun-like),0.1590135964643203
Kepler-238 e,5.6,98.461,G (Sun-like),0.18130322866763476
Kepler-238 f,2.0,35.869,G (Sun-like),0.3212499096687094
Kepler-239 b,2.33,34.746,K,0.3652302111132029
Kepler-239 c,2.51,4.315,K,0.6550835900317757
Kepler-24 b,2.348,252.246,F,0.1586172025336036
Kepler-24 c,2.514,144.827,F,0.18978298229160112
Kepler-24 d,1.67,601.895,G (Sun-like),0.12488599807037039
Kepler-24 e,2.78,81.506,G (Sun-like),0.2268814284999343
Kepler-240 b,1.37,142.736,K,0.3134041321645019
Kepler-240 c,2.2,59.838,K,0.3146824088344967
Kepler-241 b,2.33,23.6,K,0.409277610146366
Kepler-241 c,2.57,5.88,K,0.6001582783565778
Kepler-242 b,2.61,43.768,K,0.33472513151164585
Kepler-242 c,2.0,20.498,K,0.4380030765034673
Kepler-243 b,2.45,115.505,G (Sun-like),0.20637401226296423
Kepler-243 c,1.99,21.72,G (Sun-like),0.3809297082712437
Kepler-244 b,2.76,242.471,G (Sun-like),0.15558544903245602
Kepler-244 c,2.05,81.574,G (Sun-like),0.24112010828286262
Kepler-244 d,2.31,31.267,G (Sun-like),0.32729363751540963
Kepler-245 b,2.57,77.749,K,0.2844001250313156
Kepler-245 c,2.18,25.152,K,0.4063162265004023
Kepler-245 d,3.03,9.492,K,0.5085025025417202
Kepler-245 e,1.75,240.151,K,0.22066444627055382
Kepler-246 b,2.34,141.613,G (Sun-like),0.19405758111086524
Kepler-246 c,1.5,43.208,G (Sun-like),0.36755272298425695
Kepler-247 b,1.64,216.111,K,0.2291258599589408
Kepler-247 c,4.09,53.899,K,0.2903764557932406
Kepler-247 d,3.94,19.21,K,0.3939486879289711
Kepler-248 b,3.02,79.311,K,0.2750496595881947
Kepler-248 c,4.07,22.459,K,0.3740547975786831
Kepler-249 b,1.09,24.26,M (red dwarf),0.45650012598398365
Kepler-249 c,1.51,12.529,M (red dwarf),0.4800694200862071
Kepler-249 d,1.57,4.474,M (red dwarf),0.6545102157662326
Kepler-25 b,2.748,542.96,F,0.11753649306384521
Kepler-25 c,5.217,210.172,F,0.14169704175066455
Kepler-25 d,10.0,15.2243,F,0.29566440506834574
Kepler-250 b,1.13,148.103,K,0.3171929012717358
Kepler-250 c,2.28,71.499,K,0.29718026647539
Kepler-250 d,2.18,21.463,K,0.42579292813381664
Kepler-251 b,1.33,203.169,G (Sun-like),0.2396536385561151
Kepler-251 c,2.77,38.953,G (Sun-like),0.29265400650639783
Kepler-251 d,2.77,17.477,G (Sun-like),0.38333259739226194
Kepler-251 e,2.77,3.548,G (Sun-like),0.626122921257771
Kepler-252 b,1.23,39.264,K,0.4389738844737133
Kepler-252 c,2.15,20.507,K,0.4325891038350461
Kepler-253 b,1.63,194.346,G (Sun-like),0.18607373532689234
Kepler-253 c,2.65,51.273,G (Sun-like),0.26884593978692256
Kepler-253 d,3.17,24.084,G (Sun-like),0.3346774060947946
Kepler-254 b,3.87,184.341,G (Sun-like),0.159007740987975
Kepler-254 c,2.15,67.225,G (Sun-like),0.25542023427205857
Kepler-254 d,2.5,38.844,G (Sun-like),0.29920416078407025
Kepler-255 b,1.55,174.395,G (Sun-like),0.19493241926686972
Kepler-255 c,2.99,83.264,G (Sun-like),0.22176961731707323
Kepler-255 d,1.32,1686.09,G (Sun-like),0.1406758391972232
Kepler-256 b,1.59,1225.934,G (Sun-like),0.09823724940933083
Kepler-256 c,2.15,457.066,G (Sun-like),0.13116281211564312
Kepler-256 d,2.48,221.1,G (Sun-like),0.16425249197534728
Kepler-256 e,2.35,98.9,G (Sun-like),0.21961821448030078
Kepler-257 b,2.61,343.6,K,0.18938118390937236
Kepler-257 c,5.41,88.6,K,0.2396233022494485
Kepler-257 d,4.95,15.2,K,0.40244102605367105
Kepler-258 b,4.06,27.791,K,0.3518083754155081
Kepler-258 c,3.61,7.985,K,0.515873443751079
Kepler-259 b,2.8,113.451,G (Sun-like),0.20202209251133657
Kepler-259 c,2.7,15.054,G (Sun-like),0.40482042395676293
Kepler-26 b,2.78,7.6,K,0.5506041278415913
Kepler-26 c,2.72,4.82,K,0.6265357797709304
Kepler-26 d,1.07,31.79,K,0.47204288458225585
Kepler-26 e,2.41,1.753,K,0.8180453696457206
Kepler-260 b,2.01,132.134,G (Sun-like),0.20476770028119792
Kepler-260 c,1.74,6.775,G (Sun-like),0.5683946711487429
Kepler-261 b,2.18,45.779,K,0.34069963822184485
Kepler-261 c,2.0,14.512,K,0.4849514280017465
Kepler-262 b,1.36,50.169,G (Sun-like),0.35670559674884644
Kepler-262 c,1.64,25.26,G (Sun-like),0.37518353883984207
Kepler-263 b,2.67,24.308,G (Sun-like),0.3460062788986985
Kepler-263 c,2.47,5.994,G (Sun-like),0.5514500458160578
Kepler-264 b,3.33,79.478,F,0.2201749901296149
Kepler-264 c,2.83,15.347,F,0.3983263848816702
Kepler-265 b,1.86,220.328,G (Sun-like),0.17391097982814155
Kepler-265 c,2.63,65.359,G (Sun-like),0.24769413176473973
Kepler-265 d,2.49,18.941,G (Sun-like),0.38153762663956725
Kepler-265 e,2.59,10.354,G (Sun-like),0.46094596533086224
Kepler-266 b,2.48,230.403,G (Sun-like),0.16191042693719637
Kepler-266 c,3.89,5.592,G (Sun-like),0.5105579027267191
Kepler-267 b,1.98,45.843,K,0.345989814546149
Kepler-267 c,2.13,17.583,K,0.45339765718797465
Kepler-267 d,2.27,2.647,K,0.7544179604406243
Kepler-268 b,2.55,64.933,F,0.2498348239822729
Kepler-268 c,3.38,13.662,F,0.3982596433089471
Kepler-269 b,2.47,604.9,G (Sun-like),0.11569639144003317
Kepler-269 c,1.69,342.6,G (Sun-like),0.1517246146489295
Kepler-27 b,4.0,28.681,G (Sun-like),0.2996264238754799
Kepler-27 c,4.9,11.067,G (Sun-like),0.3916530062709643
Kepler-27 d,2.7061946,88.2,G (Sun-like),0.2220147383300919
Kepler-270 b,2.01,178.362,F,0.1844832507808198
Kepler-270 c,1.77,62.241,F,0.27208071364893743
Kepler-271 b,1.23,75.957,G (Sun-like),0.32020931469598996
Kepler-271 c,0.95,119.631,G (Sun-like),0.2363930944424721
Kepler-271 d,0.66,189.343,G (Sun-like),0.19017584092223871
Kepler-272 b,1.43,801.741,G (Sun-like),0.16605259433436687
Kepler-272 c,1.79,310.76,G (Sun-like),0.15535302416970723
Kepler-272 d,2.25,141.135,G (Sun-like),0.195804165888283
Kepler-273 b,1.5,285.636,G (Sun-like),0.21507275047779234
Kepler-273 c,1.98,74.887,G (Sun-like),0.2500021982649043
Kepler-274 b,1.54,147.812,F,0.20670603393975864
Kepler-274 c,1.84,36.518,F,0.3243205237221045
Kepler-275 b,2.34,266.3,F,0.1557530890013303
Kepler-275 c,3.38,146.5,F,0.17752385436313523
Kepler-275 d,3.33,50.7,F,0.2570592917882284
Kepler-276 b,2.87,58.586,F,0.2525549825359995
Kepler-276 c,2.9,19.793,G (Sun-like),0.3642752211269231
Kepler-276 d,2.8,11.274,G (Sun-like),0.4413372459479713
Kepler-277 b,2.92,198.245,G (Sun-like),0.1649232623687034
Kepler-277 c,3.36,83.898,G (Sun-like),0.21566828608942246
Kepler-278 b,3.955,110.0,K,0.23932308032251132
Kepler-278 c,3.268,54.3,K,0.3021078067575403
Kepler-279 b,3.62,249.021,F,0.14535812538862783
Kepler-279 c,4.3,60.157,F,0.22881224579670348
Kepler-279 d,3.1,35.739,F,0.29424973623319395
Kepler-279 e,4.13,21.96,F,0.3254096583334849
Kepler-28 b,1.959,62.577,K,0.3165156531254734
Kepler-28 c,1.857,35.898,K,0.3756631651092574
Kepler-280 b,1.45,821.894,G (Sun-like),0.16478135562918803
Kepler-280 c,2.01,279.085,G (Sun-like),0.15783784699678322
Kepler-281 b,2.82,118.246,G (Sun-like),0.19884315795917365
Kepler-281 c,5.31,35.203,G (Sun-like),0.26156828431518153
Kepler-281 d,5.93747806,2.51,G (Sun-like),0.5761745801463819
Kepler-282 b,1.01,195.935,G (Sun-like),0.25032269455585027
Kepler-282 c,1.2,116.117,G (Sun-like),0.2841782760241227
Kepler-282 d,2.46,52.348,G (Sun-like),0.27103539458792036
Kepler-282 e,3.1,24.114,G (Sun-like),0.33615539571027475
Kepler-283 b,2.13,16.26,K,0.4639611969923403
Kepler-283 c,1.82,0.949,K,0.9483427806496211
Kepler-284 b,2.24,38.366,G (Sun-like),0.30715406582575794
Kepler-284 c,2.61,9.042,G (Sun-like),0.4804270132427484
Kepler-285 b,1.34,428.407,G (Sun-like),0.19602369576106166
Kepler-285 c,1.12,137.068,G (Sun-like),0.2734167680573749
Kepler-286 b,1.24,850.1,G (Sun-like),0.1663697644762744
Kepler-286 c,1.37,353.0,G (Sun-like),0.20566810080274855
Kepler-286 d,1.33,173.9,G (Sun-like),0.250207884389281
Kepler-286 e,1.77,20.6,G (Sun-like),0.3962675412059702
Kepler-287 b,2.33,35.75,G (Sun-like),0.3121888374691889
Kepler-287 c,3.26,12.457,G (Sun-like),0.413657043053299
Kepler-288 b,1.67,247.301,G (Sun-like),0.1703553879032459
Kepler-288 c,2.85,53.148,G (Sun-like),0.2615434765385068
Kepler-288 d,2.67,12.659,G (Sun-like),0.42936595153885615
Kepler-289 b,2.49,27.371,G (Sun-like),0.33724279131891344
Kepler-289 c,11.23,4.882,G (Sun-like),0.4091699678066856
Kepler-289 d,3.03,10.5675,G (Sun-like),0.44310666367787255
Kepler-289 e,2.94,1.58,G (Sun-like),0.7539989254449848
Kepler-29 b,2.55,55.9,G (Sun-like),0.26305688517940345
Kepler-29 c,2.34,34.4,G (Sun-like),0.3160349856677628
Kepler-290 b,2.25,22.637,K,0.4168681122697186
Kepler-290 c,2.7,6.596,K,0.576031584495768
Kepler-290 d,0.86,1503.79,K,0.1462849375334565
Kepler-291 b,2.16,627.374,F,0.11731859579957621
Kepler-291 c,1.88,332.737,F,0.15032654049402575
Kepler-292 b,1.32,394.301,G (Sun-like),0.20068332748619433
Kepler-292 c,1.47,242.416,G (Sun-like),0.22539339033944883
Kepler-292 d,2.23,103.005,G (Sun-like),0.21880757449698204
Kepler-292 e,2.67,50.924,G (Sun-like),0.2690576653847413
Kepler-292 f,2.35,24.325,G (Sun-like),0.3550372886915517
Kepler-293 b,3.07,28.944,G (Sun-like),0.31674604853075994
Kepler-293 c,3.83,7.287,G (Sun-like),0.47292257586274145
Kepler-294 b,1.77,329.801,G (Sun-like),0.15247510048967958
Kepler-294 c,2.71,151.491,G (Sun-like),0.18397000012769865
Kepler-295 b,1.22,287.5,G (Sun-like),0.22036972147448025
Kepler-295 c,1.17,141.4,G (Sun-like),0.2695505487077945
Kepler-295 d,1.36,104.962,G (Sun-like),0.28772320400415075
Kepler-296 b,1.61,6.5,K,0.6336332963329578
Kepler-296 c,2.0,14.8,K,0.48215994265732576
Kepler-296 d,2.09,2.9,K,0.7492673780111472
Kepler-296 e,1.53,1.41,K,0.9261101944103819
Kepler-296 f,1.8,0.62,K,0.8774101507280931
Kepler-297 b,2.87,16.464,G (Sun-like),0.38806646922795124
Kepler-297 c,6.54,6.86,G (Sun-like),0.42433154885347363
Kepler-298 b,1.96,24.707,K,0.4158625192015521
Kepler-298 c,1.93,8.696,K,0.5661659631654585
Kepler-298 d,2.5,1.715,K,0.8160819198003444
Kepler-299 b,1.32,622.067,G (Sun-like),0.17849990573024338
Kepler-299 c,2.65,198.554,G (Sun-like),0.16822069686972377
Kepler-299 d,1.86,69.96,G (Sun-like),0.25896135893298927
Kepler-299 e,1.87,20.174,G (Sun-like),0.39502691636685033
Kepler-30 b,3.9,16.379,G (Sun-like),0.3634456626044673
Kepler-30 c,12.3,6.217,G (Sun-like),0.37190454231587267
Kepler-30 d,8.8,1.962,G (Sun-like),0.5541149233887366
Kepler-300 b,1.67,265.186,G (Sun-like),0.16625836841676245
Kepler-300 c,2.25,43.248,G (Sun-like),0.29458085168403536
Kepler-301 b,1.35,665.437,G (Sun-like),0.17505009363216306
Kepler-301 c,1.35,238.481,G (Sun-like),0.2289183294195407
Kepler-301 d,1.75,68.931,G (Sun-like),0.2632145066120761
Kepler-302 b,4.06,31.247,G (Sun-like),0.2900680455883561
Kepler-303 b,0.89,145.436,K,0.268756937537324
Kepler-303 c,1.14,25.851,K,0.4952300517617212
Kepler-304 b,2.86,139.146,K,0.23735850745372566
Kepler-304 c,2.17,73.598,K,0.29711416642053196
Kepler-304 d,2.75,33.16,K,0.35961634836582124
Kepler-304 e,1.2,397.254,K,0.2525834857044515
Kepler-305 b,3.6,112.914,K,0.24163113837241879
Kepler-305 c,3.3,65.1,K,0.28634424223644434
Kepler-305 d,2.76,25.523,K,0.38803182146445336
Kepler-305 e,1.7938153,220.4,K,0.2250554109874932
Kepler-306 b,1.52,127.255,K,0.2682372529589262
Kepler-306 c,2.35,70.449,K,0.29695488598389025
Kepler-306 d,2.47,21.983,K,0.4136367737401653
Kepler-306 e,2.27,6.185,K,0.605595305323487
Kepler-307 b,2.43,59.7,G (Sun-like),0.25970432435534474
Kepler-307 c,2.2,44.0,G (Sun-like),0.29414530690742974
Kepler-308 b,2.12,108.64,G (Sun-like),0.2169356006108399
Kepler-308 c,2.16,58.679,G (Sun-like),0.267427269826604
Kepler-309 b,1.56,99.493,K,0.28662363580684086
Kepler-309 c,2.51,2.142,K,0.7773096599568134
Kepler-31 b,5.5,91.474,F,0.18679569600044088
Kepler-31 c,5.3,35.254,F,0.2615576429396864
Kepler-31 d,3.9,11.8,F,0.4045057272981945
Kepler-310 b,1.19,45.97,G (Sun-like),0.37284218536844044
Kepler-310 c,3.38,7.109,G (Sun-like),0.48999919958344973
Kepler-310 d,2.47,3.664,G (Sun-like),0.6354694214690373
Kepler-311 b,1.7,201.362,G (Sun-like),0.18241907004616872
Kepler-311 c,1.43,72.456,G (Sun-like),0.31800735513419714
Kepler-311 d,2.05,2.71,G (Sun-like),0.7142458483507619
Kepler-312 b,1.29,4124.022,F,0.11655822639183043
Kepler-312 c,3.15,165.824,F,0.17267117888963116
Kepler-313 b,2.53,142.4,G (Sun-like),0.1906540578867462
Kepler-313 c,2.57,51.1,G (Sun-like),0.27086344794626654
Kepler-314 b,0.83,488.674,G (Sun-like),0.1418486729705628
Kepler-314 c,2.9,149.977,G (Sun-like),0.18200438740873787
Kepler-315 b,3.77,6.674,G (Sun-like),0.4875494614142153
Kepler-315 c,4.15,1.722,G (Sun-like),0.6856115806985797
Kepler-316 b,1.06,164.776,K,0.3112853132775363
Kepler-316 c,1.16,37.377,K,0.447864307521292
Kepler-317 b,2.09,151.652,G (Sun-like),0.19374031703513367
Kepler-317 c,1.72,81.761,G (Sun-like),0.24892178363548914
Kepler-318 b,4.71,333.149,G (Sun-like),0.12363279807822838
Kepler-318 c,3.68,96.513,G (Sun-like),0.2013548514161827
Kepler-319 b,1.63,253.665,G (Sun-like),0.1695810880299166
Kepler-319 c,2.63,136.343,G (Sun-like),0.19202084379832068
Kepler-319 d,2.29,17.962,G (Sun-like),0.3949060311997667
Kepler-32 b,2.2,22.025,K,0.42189165211485546
Kepler-32 c,2.0,10.68,K,0.5303629405254292
Kepler-32 d,2.7,3.631,K,0.6755044194895663
Kepler-32 e,1.5,56.649,K,0.38937700827938615
Kepler-32 f,0.82,349.645,K,0.20913546296176044
Kepler-320 b,1.14,280.559,F,0.22363482229722043
Kepler-320 c,1.37,101.619,F,0.2901159702835784
Kepler-321 b,1.77,296.155,G (Sun-like),0.15830814072785687
Kepler-321 c,2.32,80.103,G (Sun-like),0.23684639114434936
Kepler-322 b,1.01,735.179,G (Sun-like),0.17626964870581135
Kepler-322 c,1.67,203.406,G (Sun-like),0.1823583121598481
Kepler-323 b,1.381,1900.0,F,0.1363244616575564
Kepler-323 c,1.57,700.0,F,0.11976276132326563
Kepler-324 b,1.14,194.34,K,0.29733731173981304
Kepler-324 c,3.15,7.233,K,0.5449541833855849
Kepler-324 e,2.03862444,38.9,K,0.3613512267202992
Kepler-325 b,2.91,210.554,G (Sun-like),0.16161670080004975
Kepler-325 c,2.54,53.044,G (Sun-like),0.26805659565737466
Kepler-325 d,2.79,12.083,G (Sun-like),0.43191103781808415
Kepler-326 b,1.52,783.449,K,0.1657863179254877
Kepler-326 c,1.4,303.62,K,0.2634851832858956
Kepler-326 d,1.21,180.644,K,0.3005741125424471
Kepler-327 b,1.11,73.056,K,0.3782194320574308
Kepler-327 c,1.03,28.272,K,0.48927753153712705
Kepler-327 d,1.73,7.59,K,0.5994777174433544
Kepler-328 b,2.3,57.079,F,0.2666679847139586
Kepler-328 c,5.4,22.025,F,0.30522695285994067
Kepler-329 b,1.4,40.689,K,0.4279339091964419
Kepler-329 c,1.93,11.869,K,0.5174725295097874
Kepler-33 b,1.74,744.011,G (Sun-like),0.11511666439621072
Kepler-33 c,3.2,241.759,G (Sun-like),0.15090951749883152
Kepler-33 d,5.35,123.691,G (Sun-like),0.1693640567676697
Kepler-33 e,4.02,74.72,G (Sun-like),0.2156402248542644
Kepler-33 f,4.46,53.183,G (Sun-like),0.2367020817616767
Kepler-330 b,1.35,66.578,K,0.3785914857142453
Kepler-330 c,1.95,27.676,K,0.40247090417241277
Kepler-331 b,1.82,35.984,K,0.3766090340607388
Kepler-331 c,1.84,13.888,K,0.49819354176804104
Kepler-331 d,1.64,6.065,K,0.6440290308182866
Kepler-332 b,1.17,53.712,K,0.4068556444722501
Kepler-332 c,1.09,19.986,K,0.5337474870834931
Kepler-332 d,1.18,7.253,K,0.6941276997704692
Kepler-333 b,1.32,16.819,K,0.5458418240008354
Kepler-333 c,1.11,7.049,K,0.7049561176344392
Kepler-334 b,1.12,300.982,G (Sun-like),0.21988496963779602
Kepler-334 c,1.43,97.21,G (Sun-like),0.2921038860361135
Kepler-334 d,1.41,39.475,G (Sun-like),0.3809510703559996
Kepler-335 b,3.39,721.124,G (Sun-like),0.10175073060228429
Kepler-335 c,3.07,32.035,G (Sun-like),0.30604030895086276
Kepler-336 b,1.02,1652.5,G (Sun-like),0.1449920887234233
Kepler-336 c,2.1,206.91,G (Sun-like),0.17372390464092083
Kepler-336 d,2.37,74.36,G (Sun-like),0.2419804132505824
Kepler-337 b,1.54,1589.012,G (Sun-like),0.0902165670805734
Kepler-337 c,2.05,376.21,G (Sun-like),0.14168519554289946
Kepler-338 b,2.44,256.606,G (Sun-like),0.15645890994328648
Kepler-338 c,2.34,119.648,G (Sun-like),0.20575682974147438
Kepler-338 d,3.0,53.556,G (Sun-like),0.25803110811593416
Kepler-338 e,1.56,428.524,G (Sun-like),0.1423180730049147
Kepler-339 b,1.42,159.945,G (Sun-like),0.25390578472696335
Kepler-339 c,1.15,101.841,G (Sun-like),0.2966896247377674
Kepler-339 d,1.17,58.651,G (Sun-like),0.3477123275244733
Kepler-34 b,8.564,1.2545,G (Sun-like),0.6139092634904395
Kepler-340 b,2.53,274.318,F,0.15173862491984955
Kepler-340 c,3.37,154.653,F,0.17432581901303495
Kepler-341 b,1.18,422.097,F,0.19977521976006635
Kepler-341 c,1.7,237.43,F,0.17224200008032894
Kepler-341 d,1.85,45.423,F,0.30072299725688656
Kepler-341 e,1.99,25.667,F,0.3601610984878254
Kepler-342 b,2.25,160.261,F,0.18734064768385839
Kepler-342 c,1.96,77.29,F,0.2477642870717441
Kepler-342 d,2.49,44.828,F,0.28513661135359336
Kepler-342 e,0.88,3111.322,F,0.07492332436013568
Kepler-343 b,2.41,206.072,G (Sun-like),0.16930764421540578
Kepler-343 c,2.02,57.932,G (Sun-like),0.27210038447960755
Kepler-344 b,2.61,27.327,G (Sun-like),0.33419064676177085
Kepler-344 c,2.95,2.673,G (Sun-like),0.6658348922387787
Kepler-345 b,0.74,35.37,K,0.3959938634736425
Kepler-345 c,1.2,25.83,K,0.4922350033012818
Kepler-346 b,2.66,134.357,F,0.1925500722047022
Kepler-346 c,3.07,23.812,F,0.3382891121648489
Kepler-347 b,1.97,180.549,F,0.18440411485092245
Kepler-347 c,1.75,65.707,F,0.2675988459308833
Kepler-347 d,3.04,12.75,G (Sun-like),0.4168016349207213
Kepler-348 b,1.52,438.942,F,0.14176417486968487
Kepler-348 c,1.33,133.259,F,0.2696227963561765
Kepler-349 b,1.9,248.274,G (Sun-like),0.1661627510427427
Kepler-349 c,1.96,94.491,G (Sun-like),0.23112613405962426
Kepler-35 b,8.16,2.5804,G (Sun-like),0.5286129463320638
Kepler-350 b,1.85,257.721,F,0.1648284496448532
Kepler-350 c,3.1,138.415,F,0.18450252837867062
Kepler-350 d,2.8,83.237,F,0.22490013190931488
Kepler-351 b,3.06,11.983,G (Sun-like),0.4246614689532154
Kepler-351 c,3.19,6.712,G (Sun-like),0.5050269955638124
Kepler-351 d,2.72,1.989,G (Sun-like),0.7279729449827196
Kepler-352 b,0.86,50.389,G (Sun-like),0.3139571358129517
Kepler-352 c,1.24,26.373,G (Sun-like),0.4374989436511676
Kepler-352 d,0.80628032,81.3,G (Sun-like),0.2635899599313454
Kepler-353 b,0.89,27.189,K,0.4394132285155981
Kepler-353 c,1.38,16.561,K,0.5448743633175015
Kepler-354 b,1.84,64.845,K,0.316363884414584
Kepler-354 c,1.31,14.404,K,0.5697349824587252
Kepler-354 d,1.24,8.949,K,0.6522180031769768
Kepler-355 b,1.46,154.803,F,0.25527497418898837
Kepler-355 c,2.71,49.973,F,0.269968699778238
Kepler-356 b,1.57,844.979,F,0.11213656620719117
Kepler-356 c,1.81,209.368,F,0.17792208479112373
Kepler-357 b,1.84,69.57,K,0.309980802048385
Kepler-357 c,2.67,19.404,K,0.4230988055970333
Kepler-357 d,3.43,4.619,K,0.6053264049697165
Kepler-358 b,2.72,21.805,G (Sun-like),0.35746932691686195
Kepler-358 c,2.85,6.599,G (Sun-like),0.5200354906422778
Kepler-359 b,3.53,23.9,F,0.3277149758920831
Kepler-359 c,4.3,8.1,F,0.44572904725701695
Kepler-359 d,4.01,5.5,F,0.5095427428596191
Kepler-36 b,1.498,247.0,G (Sun-like),0.223692919593395
Kepler-36 c,3.679,191.0,G (Sun-like),0.15885650350383096
Kepler-360 b,1.65,415.434,F,0.14245831723043725
Kepler-360 c,2.1,146.5,F,0.19590194929095958
Kepler-361 b,1.45,411.905,F,0.19611478505726648
Kepler-361 c,2.52,33.948,F,0.31274586309523666
Kepler-362 b,0.88,207.336,G (Sun-like),0.1930319105764696
Kepler-362 c,1.45,36.667,G (Sun-like),0.3877966606670591
Kepler-363 b,1.16,1000.243,G (Sun-like),0.1610825665921114
Kepler-363 c,1.69,376.29,G (Sun-like),0.14683794380658435
Kepler-363 d,2.05,203.761,G (Sun-like),0.17546562932797113
Kepler-364 b,1.55,68.71,F,0.2692382858370974
Kepler-364 c,2.15,22.234,F,0.3723849706467446
Kepler-365 b,2.04,132.15,F,0.20418115968682554
Kepler-365 c,1.64,66.87,F,0.26909751104217416
Kepler-366 b,1.46,1873.311,F,0.1359494224697547
Kepler-366 c,1.79,286.6,F,0.15980145921183395
Kepler-367 b,1.3,5.985,K,0.7203022697897863
Kepler-367 c,1.2,3.761,K,0.8184047905741028
Kepler-368 b,3.26,107.58,G (Sun-like),0.19918648530419683
Kepler-368 c,3.88,28.681,G (Sun-like),0.301708060370807
Kepler-369 b,1.13,40.295,M (red dwarf),0.3904095579452828
Kepler-369 c,1.41,4.21,M (red dwarf),0.7282440412896827
Kepler-37 b,0.3098,44.5,G (Sun-like),0.2706480112552631
Kepler-37 c,0.755,23.9,G (Sun-like),0.39635120012753533
Kepler-37 d,2.03,10.39,G (Sun-like),0.48323634928640596
Kepler-37 e,0.37,7.6252,G (Sun-like),0.5030451497527157
Kepler-370 b,1.59,361.514,G (Sun-like),0.15052198617736462
Kepler-370 c,1.91,54.197,G (Sun-like),0.28136762803795295
Kepler-371 b,1.89,41.737,G (Sun-like),0.3083306869932449
Kepler-371 c,1.78,17.063,G (Sun-like),0.4214293921451946
Kepler-372 b,1.36,384.627,F,0.20125701467481466
Kepler-372 c,2.09,91.881,F,0.23053744290745357
Kepler-372 d,1.69,53.471,F,0.2890791543145158
Kepler-373 b,1.36,453.872,G (Sun-like),0.19276209249830895
Kepler-373 c,1.24,103.756,G (Sun-like),0.29225388168894467
Kepler-374 b,1.03,2014.661,G (Sun-like),0.13850576370611373
Kepler-374 c,1.1,966.591,G (Sun-like),0.16332596116983467
Kepler-374 d,1.31,548.099,G (Sun-like),0.1844766570641223
Kepler-375 b,1.45,64.444,G (Sun-like),0.3284115643877816
Kepler-375 c,2.65,33.152,G (Sun-like),0.31203616469115975
Kepler-376 b,1.07,689.912,G (Sun-like),0.1780278762185728
Kepler-376 c,1.79,168.29,G (Sun-like),0.19236935665422294
Kepler-377 b,1.39,139.112,G (Sun-like),0.26480494705909524
Kepler-377 c,2.06,49.855,G (Sun-like),0.28543462866033986
Kepler-378 b,0.75,17.819,K,0.4866886191837795
Kepler-378 c,0.7,8.166,K,0.6053491321657235
Kepler-379 b,1.66,90.346,F,0.2420033866932969
Kepler-379 c,2.29,19.793,F,0.3823685926507654
Kepler-38 b,4.3,14.4568,G (Sun-like),0.37029135147466685
Kepler-380 b,1.19,808.093,F,0.1692142083542728
Kepler-380 c,1.27,333.565,F,0.21073797801244715
Kepler-381 b,0.99,716.085,F,0.1274345611295395
Kepler-381 c,1.12,225.331,F,0.23792645096580123
Kepler-381 d,1.0667865,436.7,F,0.20027370889613938
Kepler-382 b,1.32,381.465,G (Sun-like),0.2024343619095807
Kepler-382 c,1.59,124.743,G (Sun-like),0.21804406917994693
Kepler-383 b,1.32,20.91,K,0.5147297017550562
Kepler-383 c,1.24,6.44,K,0.7113400309066753
Kepler-384 b,1.12,101.549,G (Sun-like),0.2979261443488446
Kepler-384 c,1.13,40.099,G (Sun-like),0.39097687093396993
Kepler-385 b,2.73,143.919,F,0.18699205962793106
Kepler-385 c,3.04,83.155,F,0.22108403621878867
Kepler-385 d,2.6186448,15.0,G (Sun-like),0.4078744075519628
Kepler-386 b,1.39,43.262,K,0.42151392230292895
Kepler-386 c,1.58,16.657,K,0.48393183219096547
Kepler-387 b,1.03,304.081,G (Sun-like),0.22138482682879407
Kepler-387 c,0.89,144.963,G (Sun-like),0.21900478896394618
Kepler-388 b,0.81,112.21,K,0.28592513224064375
Kepler-388 c,0.86,16.64,K,0.5064575695319923
Kepler-389 b,1.51,167.058,G (Sun-like),0.19876335549195848
Kepler-389 c,1.46,22.735,G (Sun-like),0.4465987208150623
Kepler-39 b,13.9,90.22,F,0.14817141796059283
Kepler-390 b,0.82,99.972,K,0.29603693834936057
Kepler-390 c,0.79,41.351,K,0.38152201251337414
Kepler-391 b,2.5,690.0,K,0.16022429710335004
Kepler-391 c,2.88,179.0,K,0.22139242700852285
Kepler-392 b,1.0,450.654,G (Sun-like),0.1500301167367373
Kepler-392 c,1.1,185.098,G (Sun-like),0.25179572019677243
Kepler-393 b,1.29,429.813,F,0.1967573478813332
Kepler-393 c,1.33,231.213,F,0.23129979979902188
Kepler-394 b,1.6,164.78,F,0.1977199061836504
Kepler-394 c,1.66,94.528,F,0.2382412949153345
Kepler-394 d,1.50066814,302.0,F,0.16188371038618643
Kepler-395 b,1.03,17.8,K,0.5545298705203205
Kepler-395 c,1.32,2.11,K,0.921341629307765
Kepler-396 b,3.5,13.731,G (Sun-like),0.3945546812443429
Kepler-396 c,5.3,5.244,G (Sun-like),0.48409430955662447
Kepler-397 b,2.46,20.01,G (Sun-like),0.3755504102588999
Kepler-397 c,6.18,1.8,G (Sun-like),0.6175231875294841
Kepler-398 b,0.93,81.287,K,0.3194150945252054
Kepler-398 c,1.01,20.556,K,0.5345045310404997
Kepler-398 d,0.88,40.831,K,0.38858852492157353
Kepler-399 b,0.96,35.63,G (Sun-like),0.35930680855845853
Kepler-399 c,1.43,15.69,G (Sun-like),0.500190723109523
Kepler-399 d,1.89,5.57,G (Sun-like),0.5938137952201992
Kepler-4 b,4.002,1245.431,G (Sun-like),0.08098679487395896
Kepler-40 b,13.11,1187.965,F,0.06126743147537593
Kepler-400 b,1.65,183.39,G (Sun-like),0.18946146697359437
Kepler-400 c,1.49,76.86,G (Sun-like),0.3107817488989611
Kepler-401 b,1.71,254.25,F,0.16800406368768997
Kepler-401 c,2.15,51.996,F,0.2790297162278789
Kepler-401 d,2.27,8.485,F,0.5041327023627071
Kepler-402 b,1.22,619.844,F,0.18028654836001168
Kepler-402 c,1.56,353.973,F,0.15213785709470273
Kepler-402 d,1.38,214.277,F,0.23504631587108654
Kepler-402 e,1.46,157.481,F,0.2540541917894722
Kepler-403 b,1.25,689.457,F,0.17505014701811683
Kepler-403 c,1.75,45.154,F,0.3044184417020512
Kepler-403 d,1.42,285.295,F,0.21667937018777383
Kepler-404 b,1.27,44.534,G (Sun-like),0.37304955476649526
Kepler-404 c,1.72,33.153,G (Sun-like),0.3393140237279802
Kepler-405 b,2.08,55.623,G (Sun-like),0.27439082574391493
Kepler-405 c,4.66,14.086,G (Sun-like),0.36652232108995264
Kepler-406 b,1.43,826.933,G (Sun-like),0.16480424363447432
Kepler-406 c,0.85,349.769,G (Sun-like),0.16000629786044204
Kepler-407 b,1.19,4102.008,G (Sun-like),0.11753698163106861
Kepler-407 c,12.3,0.0854,G (Sun-like),0.3050774785271471
Kepler-408 b,0.82,1503.581,F,0.09558179869433575
Kepler-409 b,1.199,6.15,G (Sun-like),0.6731789028159594
Kepler-41 b,14.46,2036.749,G (Sun-like),0.049434096574001773
Kepler-410 A b,2.838,159.5,F,0.17896490236216936
Kepler-411 b,2.401,201.3,K,0.22082349303853538
Kepler-411 c,4.421,56.0,K,0.28301571772001427
Kepler-411 d,3.319,3.9,K,0.6368149992657216
Kepler-411 e,3.28,7.6205,K,0.5327877182110264
Kepler-412 b,15.031269,2144.307,G (Sun-like),0.048052599634695485
Kepler-413 b,4.347,2.9436,K,0.6457720768825512
Kepler-414 b,1.71,241.171,G (Sun-like),0.17112562686913965
Kepler-414 c,3.01,137.086,G (Sun-like),0.18629685517873382
Kepler-415 b,1.21,69.834,K,0.37888016759135934
Kepler-415 c,2.01,26.237,K,0.4068262954929242
Kepler-416 b,2.48,224.089,G (Sun-like),0.16348577394917704
Kepler-416 c,2.352,93.072,G (Sun-like),0.22424939102074415
Kepler-416 d,1.61,583.25,G (Sun-like),0.12708724064764632
Kepler-417 b,2.31,43.624,K,0.34218242894558537
Kepler-417 c,2.69,30.968,K,0.3683472624458092
Kepler-418 b,13.45,8.877,G (Sun-like),0.32544150677580086
Kepler-418 c,5.22108654,107.6,G (Sun-like),0.17879761822181725
Kepler-419 b,10.8,37.416,F,0.2143326952170467
Kepler-419 c,12.6,1.8888,F,0.5091483514997956
Kepler-42 b,0.78,22.388,M (red dwarf),0.4072712265531319
Kepler-42 c,0.73,82.125,M (red dwarf),0.25849481876660074
Kepler-42 d,0.57,12.538,M (red dwarf),0.46741527591517545
Kepler-421 b,4.16,0.2,G (Sun-like),0.5196320678207472
Kepler-422 b,12.89,264.983,G (Sun-like),0.10394055924457266
Kepler-423 b,13.361,649.148,G (Sun-like),0.07530124071677712
Kepler-424 b,9.98,470.754,G (Sun-like),0.09094564835055273
Kepler-424 c,12.7,1.3285,G (Sun-like),0.5479134996177227
Kepler-425 b,10.962,229.036,K,0.16411728541877477
Kepler-426 b,12.22,410.723,G (Sun-like),0.09046722887317978
Kepler-427 b,13.79,208.721,G (Sun-like),0.11095284577182413
Kepler-428 b,12.11,195.088,K,0.16756537248538544
Kepler-43 b,13.663771,1138.115,F,0.06151420018189663
Kepler-430 b,3.25,40.844,G (Sun-like),0.2782861448594869
Kepler-430 c,1.75,9.096,G (Sun-like),0.5181934985231095
Kepler-431 b,0.764,577.545,F,0.13205825622733605
Kepler-431 c,0.668,415.545,F,0.1448797846712288
Kepler-431 d,1.11,272.838,F,0.2260397517713849
Kepler-432 b,12.834305,97.846,K,0.1971450032075639
Kepler-433 b,16.25,1682.66,F,0.051224781662029574
Kepler-434 b,12.67,158.285,G (Sun-like),0.12493922642753735
Kepler-435 b,22.31,677.917,F,0.06460537624896484
Kepler-436 b,2.73,1.69,K,0.8047510609483384
Kepler-436 c,2.33,14.52,K,0.47212914660906463
Kepler-437 b,2.14,2.15,K,0.8001021386819626
Kepler-438 b,1.12,1.4,K,1.022729472158637
Kepler-439 b,2.24,1.83,G (Sun-like),0.7718332201142649
Kepler-44 b,12.22,1109.223,G (Sun-like),0.0639307067365071
Kepler-440 b,1.86,1.2,K,0.9234575226047248
Kepler-441 b,1.64,0.21,K,0.6879678622913431
Kepler-442 b,1.34,0.66,K,0.9825312134688943
Kepler-443 b,2.33,0.86,K,0.8913997296856266
Kepler-444 b,0.403,225.735,K,0.2130508440464844
Kepler-444 c,0.497,165.73,K,0.23922241996689875
Kepler-444 d,0.53,109.638,K,0.2710900009449903
Kepler-444 e,0.546,81.344,K,0.29652334957516047
Kepler-444 f,0.741,59.915,K,0.3389156715480539
Kepler-445 b,1.58,17.657,M (red dwarf),0.42564525566136363
Kepler-445 c,2.51,9.177,M (red dwarf),0.48203058803139603
Kepler-445 d,1.25,4.314,M (red dwarf),0.7368857189672016
Kepler-446 b,1.5,16.213,M (red dwarf),0.49176504164588875
Kepler-446 c,1.11,6.705,M (red dwarf),0.6642753986152397
Kepler-446 d,1.35,3.307,M (red dwarf),0.7801944057887247
Kepler-447 b,18.49,119.039,G (Sun-like),0.12467944029929222
Kepler-448 c,12.0,0.2399,F,0.4207319058549074
Kepler-449 b,2.056,167.41,G (Sun-like),0.1877831353178156
Kepler-449 c,2.764,45.09,G (Sun-like),0.2785040783066952
Kepler-45 b,10.76,68.37,K,0.22445276912122253
Kepler-450 b,6.14,94.325,F,0.1799399817141895
Kepler-450 c,2.62,213.731,F,0.16434592622009397
Kepler-450 d,0.837,557.205,F,0.13566939565864025
Kepler-452 b,1.63,1.1,G (Sun-like),0.9092638097495583
Kepler-453 b,6.204,0.9636,G (Sun-like),0.6895104622867971
Kepler-454 b,2.37,117.7,G (Sun-like),0.20640574157491373
Kepler-454 c,12.9,0.6814,G (Sun-like),0.5346883348596985
Kepler-454 d,13.3,0.0434,G (Sun-like),0.23908200570843893
Kepler-457 d,2.98467257,244.47,F,0.15259584092860212
Kepler-458 c,4.2,279.787,F,0.1349463509617961
Kepler-46 b,9.057,10.9,K,0.3880719218547936
Kepler-46 c,13.5,7.0957,K,0.3985580557234704
Kepler-46 d,1.64,92.346,G (Sun-like),0.24069298263968342
Kepler-460 c,5.52,7.4,F,0.43211140824310285
Kepler-461 b,2.58,254.906,G (Sun-like),0.15504908964694697
Kepler-462 b,3.0,31.269,A (hot),0.31009304256430703
Kepler-462 c,4.0,9.97,A (hot),0.42449763632354504
Kepler-463 b,3.05,166.039,G (Sun-like),0.17379733277399018
Kepler-464 b,3.3,495.005,G (Sun-like),0.11673347614765932
Kepler-465 b,2.95,227.82,F,0.1567837260764135
Kepler-466 b,2.85,12.5,G (Sun-like),0.4252858374086225
Kepler-466 c,1.25,410.4,G (Sun-like),0.19989582232736314
Kepler-467 b,2.25,72.749,G (Sun-like),0.24635004265754423
Kepler-47 b,3.05,10.1419,G (Sun-like),0.4483256903790289
Kepler-47 c,4.65,0.9037,G (Sun-like),0.7304142878122137
Kepler-47 d,7.04,1.7171,G (Sun-like),0.6042534037929224
Kepler-472 b,3.22,139.236,K,0.2326161439774373
Kepler-473 b,4.08,243.376,G (Sun-like),0.14261407718616398
Kepler-474 b,3.06,671.064,G (Sun-like),0.10669164378818206
Kepler-475 b,2.49,215.462,K,0.21560186260030267
Kepler-476 b,3.08,100.09,G (Sun-like),0.20676071816209182
Kepler-477 b,2.07,38.71,G (Sun-like),0.3109600874537445
Kepler-478 b,2.71,39.56,G (Sun-like),0.292447694380996
Kepler-479 b,2.12,37.753,G (Sun-like),0.3121857842286518
Kepler-48 b,1.88,173.12,K,0.2387687751104584
Kepler-48 c,2.71,67.593,K,0.2933237795920414
Kepler-48 d,2.04,9.292,K,0.5502189655691868
Kepler-48 e,13.4,0.1426,K,0.40050933915438386
Kepler-48 f,13.8,0.0157,K,0.21742735962341048
Kepler-480 b,2.78,764.078,F,0.10405713981867004
Kepler-481 b,2.5,183.842,G (Sun-like),0.17486964322213358
Kepler-482 b,2.36,4.436,K,0.6578543743182287
Kepler-483 b,3.21,61.495,F,0.24248663375080304
Kepler-484 b,2.28,90.629,G (Sun-like),0.22772906884731736
Kepler-487 c,2.68,15.038,G (Sun-like),0.4055877651609583
Kepler-487 d,2.77513568,550.8,G (Sun-like),0.11670908725117757
Kepler-489 b,7.72,20.618,K,0.33570735436852794
Kepler-49 b,2.579,21.481,K,0.41324236468193914
Kepler-49 c,2.444,12.341,K,0.4908340348466812
Kepler-49 d,1.6,64.39,K,0.3238152769328777
Kepler-49 e,1.56,6.063,K,0.6493209164468722
Kepler-491 b,8.92,312.514,G (Sun-like),0.1080085888560978
Kepler-495 b,5.23,310.021,G (Sun-like),0.12366549900473413
Kepler-495 c,1.21936414,108.13,G (Sun-like),0.2894409638415355
Kepler-496 b,2.32,62.926,G (Sun-like),0.2574201610797026
Kepler-497 b,6.04,1129.272,G (Sun-like),0.07602944149722769
Kepler-498 b,3.03,202.775,G (Sun-like),0.16234514053905919
Kepler-499 b,2.17,148.456,G (Sun-like),0.19376372875115347
Kepler-5 b,15.984034,1822.758,F,0.050032693232875326
Kepler-50 b,1.71,494.705,F,0.13317712785890884
Kepler-50 c,2.17,388.444,F,0.13857867401377158
Kepler-500 b,2.58,193.68,G (Sun-like),0.17062195605037214
Kepler-501 b,4.3,324.856,G (Sun-like),0.127402051608069
Kepler-501 c,1.68119739,683.84,G (Sun-like),0.11929552455994821
Kepler-502 b,4.77,859.509,F,0.08852267815870254
Kepler-504 b,1.59,5.991,M (red dwarf),0.5994802209969626
Kepler-505 b,2.6,3.641,K,0.6799321666411453
Kepler-506 b,2.73,330.547,F,0.13996719017741802
Kepler-507 b,1.3,877.327,F,0.16423046175012415
Kepler-508 b,1.64,60.372,F,0.2787451575118334
Kepler-509 b,2.49,28.481,F,0.3327430757856068
Kepler-51 b,7.1,10.119,F,0.3682246103560603
Kepler-51 c,9.0,4.331,F,0.44850884109465083
Kepler-51 d,9.7,2.466,F,0.5114929771404175
Kepler-510 b,2.47,114.389,G (Sun-like),0.2067295710780444
Kepler-511 b,6.35,4.208,G (Sun-like),0.49365928988633784
Kepler-511 c,4.20964327,101.6,G (Sun-like),0.19185017291122378
Kepler-512 b,2.69,32.329,G (Sun-like),0.3137355510604323
Kepler-513 b,2.2,36.527,G (Sun-like),0.3134483275160868
Kepler-514 b,1.72,506.412,F,0.13195493975914765
Kepler-515 b,1.46,47.97,G (Sun-like),0.35779531516539187
Kepler-516 b,5.74,174.58,F,0.1477133375684165
Kepler-517 b,2.67,10.555,G (Sun-like),0.4552550128021095
Kepler-518 b,2.11,133.317,G (Sun-like),0.20224206558592686
Kepler-519 b,2.1,19.87,G (Sun-like),0.3884034754437547
Kepler-52 b,2.1,22.72,K,0.421386253625753
Kepler-52 c,1.84,8.55,K,0.5735487659744555
Kepler-52 d,1.95,2.945,K,0.7557295786779006
Kepler-520 b,1.66,59.77,F,0.2791075265765885
Kepler-520 c,1.07,351.69,F,0.21199995640337005
Kepler-521 b,3.18,160.612,F,0.17424207937959993
Kepler-522 b,6.91,63.855,F,0.19998321094573357
Kepler-523 b,1.96,149.135,G (Sun-like),0.19727280858010596
Kepler-524 b,1.91,434.237,F,0.1365810705672555
Kepler-524 c,0.96,2959.338,F,0.07723940388477116
Kepler-525 b,2.63,176.232,G (Sun-like),0.17562684946738766
Kepler-526 b,1.99,584.354,G (Sun-like),0.12217750494604356
Kepler-527 b,2.84,147.046,F,0.1840690670275621
Kepler-528 b,2.08,68.971,G (Sun-like),0.25479785335103744
Kepler-529 b,1.86,1808.41,F,0.08335886306579618
Kepler-529 c,2.0,149.42,F,0.1963891702050565
Kepler-529 d,2.79502603,37.92,F,0.29479312426942994
Kepler-53 b,2.89,60.997,G (Sun-like),0.24870738128467412
Kepler-53 c,3.17,23.176,G (Sun-like),0.3390242119447642
Kepler-53 d,2.12,144.852,F,0.19631371963275912
Kepler-530 b,3.01,14.238,G (Sun-like),0.4029332546621106
Kepler-531 b,2.78,10.007,K,0.5091818844457104
Kepler-532 b,2.57,34.089,K,0.36105254471406245
Kepler-533 b,3.38,8.769,K,0.5090779011092965
Kepler-534 b,2.24,63.95,G (Sun-like),0.2577780979968905
Kepler-534 c,1.227,178.68,G (Sun-like),0.2508995096663445
Kepler-535 b,2.36,601.891,F,0.11696711359673408
Kepler-536 b,3.1,892.812,G (Sun-like),0.09628851407353
Kepler-537 b,1.41,442.522,G (Sun-like),0.19317226040748636
Kepler-538 b,2.215,5.07,G (Sun-like),0.592231395873241
Kepler-539 b,8.373123,3.681,G (Sun-like),0.47813275084175233
Kepler-539 c,13.3,0.1486,G (Sun-like),0.3556565207908967
Kepler-54 b,2.1,12.357,K,0.5040648047816467
Kepler-54 c,1.23,3.07,K,0.8560127468643722
Kepler-54 d,1.53,3.425,K,0.7582638118492164
Kepler-540 b,2.71,4.525,G (Sun-like),0.5875788896212126
Kepler-541 b,3.36,1452.904,F,0.0798018375701714
Kepler-542 b,1.57,61.573,G (Sun-like),0.27898937569297494
Kepler-543 b,2.5,23.081,K,0.40686879416547733
Kepler-544 b,2.12,126.031,F,0.20604002174031646
Kepler-545 b,2.69,101.143,G (Sun-like),0.21199641641134404
Kepler-546 b,7.0,690.13,G (Sun-like),0.08708181861233708
Kepler-547 b,4.0,87.713,K,0.25424529124353606
Kepler-549 b,2.57,9.549,G (Sun-like),0.47371774506923753
Kepler-549 c,2.93,2.51,G (Sun-like),0.6774771932884386
Kepler-549 d,4.2,27.93,G (Sun-like),0.29896554681246956
Kepler-55 b,2.43,6.642,K,0.5863802290014424
Kepler-55 c,2.21,3.84,K,0.6913634938582456
Kepler-55 d,1.59,195.005,K,0.23666810210350342
Kepler-55 e,1.55,73.157,K,0.3134734404635343
Kepler-55 f,1.59,25.438,K,0.42634279423642985
Kepler-550 b,4.42,77.258,G (Sun-like),0.20855912204623145
Kepler-551 b,2.73,14.386,K,0.45994257556148677
Kepler-552 b,3.95,358.994,G (Sun-like),0.1254550719047919
Kepler-553 b,4.74139884,235.0,K,0.18941669937351674
Kepler-553 c,11.57887706,0.589,K,0.5832159141571529
Kepler-554 b,4.29,877.945,G (Sun-like),0.09007050251549954
Kepler-555 b,2.83,129.374,G (Sun-like),0.19258637119629105
Kepler-556 b,2.24,81.641,G (Sun-like),0.23693557429151996
Kepler-557 b,2.67,2885.663,F,0.06593038153047459
Kepler-558 b,2.37,15.227,G (Sun-like),0.41418669403347286
Kepler-559 b,3.61,42.543,G (Sun-like),0.2681500374080639
Kepler-56 b,6.51,819.245,K,0.13350575521811897
Kepler-56 c,9.8,317.206,K,0.1548770225859258
Kepler-56 d,12.8,1.7204,K,0.5678059535132499
Kepler-560 b,1.72,2.46,M (red dwarf),0.7561801538812257
Kepler-561 b,6.96,7.565,G (Sun-like),0.40545181081123655
Kepler-561 c,2.68,183.166,G (Sun-like),0.17260926747662186
Kepler-562 b,5.21,67.435,G (Sun-like),0.21026914372569738
Kepler-563 b,3.09,18.738,K,0.41597953738698196
Kepler-564 b,4.63,389.404,G (Sun-like),0.11755176767171954
Kepler-565 b,3.64,301.46,G (Sun-like),0.13581966065568463
Kepler-566 b,2.15,16.879,K,0.45814587434361354
Kepler-567 b,2.25,26.137,K,0.39955912795376736
Kepler-568 b,2.26,8.37,K,0.5567318175965514
Kepler-569 b,3.16,19.314,G (Sun-like),0.36056539324503817
Kepler-57 b,3.135,124.349,K,0.24103644160736676
Kepler-57 c,2.196,48.574,K,0.33444757181080104
Kepler-570 b,2.45,214.04,G (Sun-like),0.1665305311238048
Kepler-571 b,2.64,219.036,G (Sun-like),0.16269242907445397
Kepler-572 b,2.58,26.889,G (Sun-like),0.33681843596117345
Kepler-573 b,2.79,46.44,G (Sun-like),0.275163759370754
Kepler-574 b,2.39,120.47,G (Sun-like),0.20440097931587284
Kepler-575 b,2.39,141.987,G (Sun-like),0.1930604611547931
Kepler-576 b,3.27,16.817,G (Sun-like),0.3747054413875211
Kepler-577 b,2.55,5.688,K,0.6065257634323816
Kepler-578 b,2.0,496.898,G (Sun-like),0.12917407373135464
Kepler-579 b,2.0,60.609,G (Sun-like),0.26841021119110287
Kepler-58 b,2.78,112.992,G (Sun-like),0.20261092233994446
Kepler-58 c,2.86,64.389,G (Sun-like),0.24465270501272998
Kepler-58 d,2.94,18.244,F,0.373193655720425
Kepler-58 e,1.61,511.6,F,0.1330420695593539
Kepler-580 b,2.57,24.063,K,0.3999306929002118
Kepler-581 b,2.63,12.39,G (Sun-like),0.43371801069520066
Kepler-582 b,3.68,25.056,G (Sun-like),0.31957019537389764
Kepler-583 b,2.28,178.699,G (Sun-like),0.17990325481047073
Kepler-584 b,4.21,76.339,F,0.2117950485796416
Kepler-585 b,2.83,489.149,G (Sun-like),0.12115115373940845
Kepler-586 b,2.79,705.051,G (Sun-like),0.10694223273583896
Kepler-587 b,2.23,70.965,G (Sun-like),0.2489080044421241
Kepler-588 b,2.63,718.075,G (Sun-like),0.10757458829141409
Kepler-589 b,2.27,32.142,G (Sun-like),0.32536841237841024
Kepler-589 c,1.11727238,344.61,G (Sun-like),0.21210726311558853
Kepler-59 b,1.1,187.51,F,0.2508882384551801
Kepler-59 c,1.98,107.741,F,0.22042697925874047
Kepler-590 b,4.02,782.415,F,0.09518232936054674
Kepler-591 b,3.39,5.615,G (Sun-like),0.5258552473799626
Kepler-592 b,2.39,935.827,G (Sun-like),0.09999225063696883
Kepler-593 b,2.87,61.02,G (Sun-like),0.2490406869061042
Kepler-594 b,2.18,59.396,G (Sun-like),0.26583334513827145
Kepler-595 b,3.708,17.382,K,0.4104609236320042
Kepler-595 c,1.009,50.23,K,0.4209750245274081
Kepler-596 b,3.46,82.302,F,0.2157069869494698
Kepler-597 b,2.37,76.375,G (Sun-like),0.23975589477662843
Kepler-598 b,1.5,265.407,G (Sun-like),0.21935583855717616
Kepler-598 c,3.02420941,3.7,G (Sun-like),0.6075553281138055
Kepler-599 b,2.84,24.467,K,0.39082184443053014
Kepler-6 b,14.616536,792.218,G (Sun-like),0.06857960976670399
Kepler-600 b,2.9,20.182,G (Sun-like),0.3619196780791013
Kepler-601 b,1.9,110.619,K,0.27012140352922126
Kepler-602 b,2.09,128.783,F,0.20506410529053004
Kepler-603 b,2.65,97.8,G (Sun-like),0.2151471761586134
Kepler-603 c,6.5,8.8,G (Sun-like),0.39339828353715695
Kepler-603 d,1.32,497.4,G (Sun-like),0.18894331609818876
Kepler-604 b,2.59,46.982,G (Sun-like),0.27833941374176197
Kepler-605 b,1.44,316.718,G (Sun-like),0.21033683618757226
Kepler-605 c,0.86,513.03,G (Sun-like),0.1402261316677884
Kepler-606 b,3.31,71.843,F,0.22829283796887945
Kepler-607 b,0.87,2302.613,K,0.13309958293496163
Kepler-607 c,2.76001201,8.8,G (Sun-like),0.47895640965425096
Kepler-608 b,3.64,270.162,G (Sun-like),0.14111277513902426
Kepler-609 b,3.35,258.059,G (Sun-like),0.1460478168179088
Kepler-61 b,2.15,1.69,K,0.841994638177964
Kepler-610 b,4.19,139.072,G (Sun-like),0.17222983473694972
Kepler-610 c,3.3,2.297,G (Sun-like),0.6749535810796645
Kepler-611 b,1.65,1825.301,G (Sun-like),0.08491387267746653
Kepler-612 b,2.84,997.089,G (Sun-like),0.09438661344928197
Kepler-613 b,2.29,66.269,G (Sun-like),0.25352335663530756
Kepler-614 b,2.39,37.2,G (Sun-like),0.30642553727051974
Kepler-615 b,1.74,19.18,K,0.45707340526625895
Kepler-616 b,2.43,129.18,G (Sun-like),0.19884044642116766
Kepler-616 c,3.41,6.86,G (Sun-like),0.49441445337433815
Kepler-616 d,2.653,14.69,F,0.40957256731353464
Kepler-617 b,1.32,100.295,K,0.3426801018169232
Kepler-618 b,2.6,677.569,G (Sun-like),0.11003983466147918
Kepler-619 b,3.16,224.146,G (Sun-like),0.15536384671418668
Kepler-619 c,1.69,1652.907,G (Sun-like),0.08753782819094409
Kepler-619 d,4.17,112.07,F,0.18583934033714158
Kepler-62 b,1.31,80.326,K,0.362388223242358
Kepler-62 c,0.54,28.489,K,0.40242105540141804
Kepler-62 d,1.95,17.21,K,0.46318666006703657
Kepler-62 e,1.61,1.352,K,0.9258070595696402
Kepler-62 f,1.41,0.5,K,0.9227857301279478
Kepler-620 b,3.32,219.051,F,0.1549380222975718
Kepler-621 b,2.3,69.56,K,0.29910478743922886
Kepler-622 b,2.13,12.486,K,0.5012994525274322
Kepler-623 b,3.01,77.098,G (Sun-like),0.22742276311344614
Kepler-624 b,2.31,130.757,F,0.20002407688609597
Kepler-625 b,1.99,407.833,G (Sun-like),0.13853090718918587
Kepler-625 c,1.05,932.132,G (Sun-like),0.16556441303325187
Kepler-626 b,2.29,69.795,G (Sun-like),0.24903036848577903
Kepler-627 b,3.73,39.303,F,0.27349572421860757
Kepler-629 b,1.38,103.147,G (Sun-like),0.2885905547394782
Kepler-63 b,6.11,100.371,G (Sun-like),0.17631993021552353
Kepler-630 b,3.18,5.568,G (Sun-like),0.5345855389541273
Kepler-631 b,2.9,94.137,F,0.21393326822838657
Kepler-632 b,2.21,14.72,G (Sun-like),0.42466035983505396
Kepler-633 b,1.63,454.5,G (Sun-like),0.1383552761325989
Kepler-633 c,2.296,115.4,G (Sun-like),0.2091433938844768
Kepler-634 b,1.89,808.844,F,0.11011783973921695
Kepler-635 b,2.64,193.927,F,0.16974029526323384
Kepler-636 b,4.45,67.509,G (Sun-like),0.21815711123239037
Kepler-637 b,4.75,63.805,F,0.2190714240173068
Kepler-638 b,1.83,872.567,G (Sun-like),0.10788007413530146
Kepler-639 b,2.38,295.826,G (Sun-like),0.14963635091815305
Kepler-640 b,2.56,35.062,G (Sun-like),0.3083353827495483
Kepler-641 b,1.85,311.788,G (Sun-like),0.15423599270222746
Kepler-642 b,2.9,719.373,F,0.10533083689738242
Kepler-643 b,10.16,211.711,K,0.16963087232216056
Kepler-644 b,3.15,2381.77,F,0.0680818888858946
Kepler-645 b,2.1,1364.762,F,0.0898948279877061
Kepler-646 b,1.99,38.229,G (Sun-like),0.3146481810245529
Kepler-647 b,1.17,162.794,F,0.25905411808174517
Kepler-647 c,4.00135002,69.0,G (Sun-like),0.22188598261697426
Kepler-648 b,3.22,47.336,G (Sun-like),0.26512168480060877
Kepler-649 b,2.26,25.147,G (Sun-like),0.35382570266995433
Kepler-65 b,1.42,2316.095,F,0.13017451176781722
Kepler-65 c,2.58,609.992,F,0.11433651515920931
Kepler-65 d,1.52,394.549,F,0.14714136863361468
Kepler-65 e,13.9,4.0231,F,0.40874817092478405
Kepler-650 b,2.96,1218.88,G (Sun-like),0.0872167562386501
Kepler-651 b,2.37,27.223,G (Sun-like),0.34124666363878475
Kepler-652 b,2.49,211.884,G (Sun-like),0.16657075066273408
Kepler-653 b,1.95,90.384,G (Sun-like),0.2349363489998358
Kepler-653 c,0.78,3743.275,G (Sun-like),0.06892116343021792
Kepler-654 b,2.07,229.311,G (Sun-like),0.16807745826805806
Kepler-655 b,2.71,28.767,F,0.3258931329948933
Kepler-656 b,3.12,924.374,G (Sun-like),0.09499424340595851
Kepler-656 c,1.41,213.25,G (Sun-like),0.23469574886018874
Kepler-657 b,3.52,62.2,G (Sun-like),0.23669474495587642
Kepler-658 b,1.63,223.745,K,0.22716386465672356
Kepler-659 b,2.5,21.309,K,0.4165444249544443
Kepler-66 b,2.8,62.845,G (Sun-like),0.2478114165619037
Kepler-660 b,2.57,44.09,K,0.334915137133901
Kepler-661 b,3.07,45.528,K,0.3214686016869182
Kepler-662 b,2.18,23.824,K,0.4128751272624752
Kepler-663 b,2.6,167.979,G (Sun-like),0.17900550083395747
Kepler-664 b,2.66,652.435,G (Sun-like),0.11097907492273004
Kepler-665 b,2.6,20.719,K,0.41704042210301234
Kepler-666 b,2.4,575.644,G (Sun-like),0.11840358000634991
Kepler-667 b,4.73,71.817,G (Sun-like),0.21052249390755906
Kepler-668 b,2.7,77.619,G (Sun-like),0.23215707613163777
Kepler-669 b,4.83,826.765,F,0.08946868173977285
Kepler-67 b,2.94,30.6,G (Sun-like),0.31372356762606396
Kepler-671 b,2.69,331.438,G (Sun-like),0.14026612573592126
Kepler-672 b,2.5,16.36,G (Sun-like),0.4001771181128682
Kepler-673 b,6.54,253.456,G (Sun-like),0.12564313670856947
Kepler-674 b,1.69,146.511,K,0.2539793036931792
Kepler-675 b,2.44,308.547,K,0.1967170483657366
Kepler-676 b,3.04,8.241,K,0.5289980204395448
Kepler-677 b,5.38,683.274,G (Sun-like),0.09320723832612463
Kepler-678 b,5.14,113.64,G (Sun-like),0.17609961212049666
Kepler-679 b,3.01,56.002,G (Sun-like),0.25391968357916966
Kepler-68 b,2.357,441.0,G (Sun-like),0.1304247823694594
Kepler-68 c,0.979,204.0,G (Sun-like),0.19720876423508163
Kepler-68 d,13.9,0.7889,G (Sun-like),0.5399437555813857
Kepler-68 e,11.2,0.0805,G (Sun-like),0.30676187506473346
Kepler-680 b,2.42,706.62,G (Sun-like),0.11003391674653039
Kepler-681 b,3.08,14.151,K,0.45175514427668884
Kepler-682 b,7.37,306.102,G (Sun-like),0.1141900770616594
Kepler-683 b,1.97,702.281,G (Sun-like),0.11479509970498857
Kepler-684 b,3.36,102.87,G (Sun-like),0.20096889829907458
Kepler-685 b,10.58,1137.124,G (Sun-like),0.06581588936764904
Kepler-687 b,3.52,15.648,K,0.42753991160640703
Kepler-688 b,9.76,458.912,G (Sun-like),0.09228930818467478
Kepler-689 b,2.89,35.337,G (Sun-like),0.2998446033582766
Kepler-69 b,2.24,123.517,G (Sun-like),0.20526679072011342
Kepler-69 c,1.71,2.687,G (Sun-like),0.7403246350075235
Kepler-690 b,5.95,225.701,G (Sun-like),0.13389972201642972
Kepler-691 b,2.09,12.995,K,0.4971213054708735
Kepler-692 b,3.11,28.504,G (Sun-like),0.31750517865747024
Kepler-693 b,10.18,31.641,K,0.2804257044211937
Kepler-694 b,2.8,206.438,G (Sun-like),0.16406079488898792
Kepler-695 b,9.21,499.064,K,0.1409751445037445
Kepler-696 b,6.14,607.525,G (Sun-like),0.0940486591344003
Kepler-697 b,4.13,472.236,G (Sun-like),0.11284787280482729
Kepler-698 b,3.68,172.557,G (Sun-like),0.164561876894989
Kepler-7 b,18.180998,1375.11,G (Sun-like),0.05333436791124158
Kepler-700 b,5.99,12.071,G (Sun-like),0.36288579396148074
Kepler-701 b,2.84,75.623,G (Sun-like),0.23178959954821018
Kepler-702 b,9.17,88.906,G (Sun-like),0.1660510167143005
Kepler-703 b,8.2,373.108,F,0.10373506133989681
Kepler-704 b,2.61,514.124,G (Sun-like),0.12108640075252655
Kepler-705 b,2.11,0.729,K,0.8806990688207774
Kepler-707 b,1.33,336.673,K,0.2590317698005197
Kepler-708 b,2.93,684.765,G (Sun-like),0.1069278439161497
Kepler-709 b,2.92,28.216,K,0.3729239481192364
Kepler-710 b,1.88,710.872,G (Sun-like),0.11531519010841679
Kepler-711 b,3.41,15.569,G (Sun-like),0.3808336761543994
Kepler-712 b,3.41,15.801,K,0.4289847660612055
Kepler-712 c,4.85,0.662,K,0.7301333408046883
Kepler-713 b,2.48,228.283,G (Sun-like),0.16243283089140217
Kepler-714 b,9.67,484.006,G (Sun-like),0.09080624114526091
Kepler-715 b,3.75,181.408,G (Sun-like),0.1610389795649403
Kepler-716 b,2.9,42.493,K,0.3313544940824476
Kepler-716 c,1.39281536,151.8,K,0.3083155812054146
Kepler-717 b,2.42,398.0,G (Sun-like),0.13446711697181601
Kepler-719 b,8.52,234.28,G (Sun-like),0.12083361343935824
Kepler-720 b,8.41,384.561,G (Sun-like),0.10198784617856384
Kepler-721 b,2.64,138.751,K,0.2407066904618279
Kepler-722 b,2.63,414.601,G (Sun-like),0.13032983779822693
Kepler-722 c,2.82,5.48,G (Sun-like),0.5510801104295943
Kepler-724 b,3.29,339.401,G (Sun-like),0.13326218489158326
Kepler-725 b,10.8,12.1,G (Sun-like),0.3123364872992196
Kepler-725 c,3.08,1.4,G (Sun-like),0.7656705905991499
Kepler-726 b,3.26,25.296,G (Sun-like),0.32719821038523833
Kepler-727 b,2.53,176.685,G (Sun-like),0.17687257066282447
Kepler-728 b,3.34,484.51,G (Sun-like),0.11730056703798153
Kepler-729 b,3.58,1089.549,G (Sun-like),0.08702250321217224
Kepler-730 c,1.56926,903.77,G (Sun-like),0.10953940667308523
Kepler-732 b,2.18,8.559,M (red dwarf),0.5067782371709815
Kepler-732 c,1.27,199.846,M (red dwarf),0.24216954530349488
Kepler-733 b,2.82,24.507,G (Sun-like),0.34114201084699985
Kepler-734 b,3.56,89.25,G (Sun-like),0.20842151258110025
Kepler-735 b,2.95,32.679,K,0.35658306327279005
Kepler-736 b,2.93,233.031,G (Sun-like),0.15577812939631175
Kepler-737 b,1.96,2.297,K,0.8007481628172635
Kepler-738 b,2.5,27.644,G (Sun-like),0.335840348448809
Kepler-739 b,3.32,115.963,G (Sun-like),0.19329659541135277
Kepler-74 b,10.76,337.682,F,0.10015225219944508
Kepler-740 b,4.57,432.866,G (Sun-like),0.11363466876653185
Kepler-741 b,2.97,461.993,F,0.12233414868141625
Kepler-742 b,3.24,38.101,K,0.3351602754403482
Kepler-743 b,1.21,397.252,G (Sun-like),0.20238666386098836
Kepler-744 b,1.62,62.955,G (Sun-like),0.2753481120680769
Kepler-745 b,2.16,286.026,G (Sun-like),0.1543372633207499
Kepler-746 b,1.11,421.61,G (Sun-like),0.20123580705038552
Kepler-747 b,5.27,10.19,K,0.4452230522444388
Kepler-748 b,2.52,439.778,G (Sun-like),0.12879897879528676
Kepler-749 b,3.1,24.631,K,0.3837664698603451
Kepler-75 b,11.77,106.484,G (Sun-like),0.14619055148865515
Kepler-750 b,3.07,255.74,F,0.14931275290979773
Kepler-750 c,1.62,778.592,F,0.11475843008147517
Kepler-751 b,2.46,39.01,G (Sun-like),0.2997494301281414
Kepler-752 b,2.81,45.278,G (Sun-like),0.2771464535293692
Kepler-753 b,1.91,41.674,K,0.3578841783957186
Kepler-754 b,2.01,216.473,G (Sun-like),0.1724529886009246
Kepler-755 b,1.76,889.888,K,0.15790880190356107
Kepler-755 c,1.26,302.574,K,0.26651008461627984
Kepler-756 b,1.12,2174.33,G (Sun-like),0.13511665043356785
Kepler-757 b,1.36,3345.453,F,0.1210018183261418
Kepler-758 b,2.48,349.193,F,0.14005426911490024
Kepler-758 c,1.69,1211.822,F,0.09757659841778094
Kepler-758 d,2.12,173.171,F,0.1844923836840346
Kepler-758 e,1.53,588.402,F,0.12782642322913965
Kepler-759 b,2.27,19.02,G (Sun-like),0.38814635498835187
Kepler-76 b,15.24424,3583.673,F,0.039998838318867296
Kepler-760 b,3.06,84.406,G (Sun-like),0.2196358321880028
Kepler-760 c,1.48,453.648,G (Sun-like),0.19078259575321982
Kepler-761 b,2.03,95.447,G (Sun-like),0.22879253218925805
Kepler-763 b,1.22,974.089,K,0.2112443491614163
Kepler-763 c,1.42,182.9,K,0.2946090634869694
Kepler-763 d,1.67,98.81,K,0.2843621202127583
Kepler-764 b,1.64,160.457,G (Sun-like),0.19869046243428667
Kepler-765 b,2.43,48.947,G (Sun-like),0.27804617835070317
Kepler-766 b,3.39,227.15,G (Sun-like),0.1522910894063896
Kepler-767 b,6.64,9.365,G (Sun-like),0.3837277284754413
Kepler-768 b,1.79,40.589,K,0.36442305423830945
Kepler-769 b,2.92,241.128,F,0.15404647431043048
Kepler-769 c,1.79,86.761,F,0.2421036305990082
Kepler-77 b,10.761,432.871,G (Sun-like),0.09183351720517498
Kepler-770 b,2.3,27.736,G (Sun-like),0.34113663728647353
Kepler-770 c,1.2,833.588,G (Sun-like),0.1677737044679547
Kepler-770 d,1.4,209.752,G (Sun-like),0.23598321321870974
Kepler-771 b,1.82,339.296,G (Sun-like),0.15020457330075496
Kepler-772 b,1.82,264.576,G (Sun-like),0.16382001541770877
Kepler-773 b,1.43,490.707,G (Sun-like),0.1877713843904424
Kepler-774 b,3.17,451.177,F,0.12163464941583536
Kepler-775 b,1.19,1496.75,G (Sun-like),0.14610007124212301
Kepler-776 b,1.28,135.082,K,0.3199441304424216
Kepler-777 b,1.47,33.953,K,0.44595200793195444
Kepler-778 b,1.68,216.568,K,0.22822859114955735
Kepler-779 b,0.92,15.028,K,0.5268534851057588
Kepler-78 b,1.201,4070.0,K,0.16762572736284995
Kepler-780 b,0.89,4572.56,G (Sun-like),0.0655918003712154
Kepler-781 b,2.89,44.397,K,0.3273696298531942
Kepler-782 b,3.21,3.987,G (Sun-like),0.5874756508204533
Kepler-783 b,0.78,229.104,G (Sun-like),0.1829607152787095
Kepler-783 c,2.33153725,113.3,G (Sun-like),0.2098379982572682
Kepler-784 b,1.58,194.385,G (Sun-like),0.18708135394315584
Kepler-784 c,1.55,119.87,G (Sun-like),0.22206423248018795
Kepler-786 b,2.43,3.658,K,0.6878600514508705
Kepler-787 b,1.28,493.553,K,0.2400129227758837
Kepler-788 b,2.55,357.191,F,0.13816525163275445
Kepler-789 b,2.12,312.34,G (Sun-like),0.15021539504987466
Kepler-79 b,3.51,205.404,F,0.15651731694169727
Kepler-79 c,3.76,79.765,F,0.2140464092170905
Kepler-79 d,7.15,33.874,F,0.24637606331600037
Kepler-79 e,3.53,18.78,F,0.35521137034551725
Kepler-790 b,2.18,38.274,G (Sun-like),0.3090477033442108
Kepler-791 b,3.05,140.057,F,0.18439164576166958
Kepler-792 b,1.96,176.032,G (Sun-like),0.18621634066096554
Kepler-793 b,1.37,617.407,G (Sun-like),0.17805741468293818
Kepler-794 b,2.11,299.97,G (Sun-like),0.15248748917273208
Kepler-795 b,1.68,28.9,G (Sun-like),0.3569856140039129
Kepler-796 b,1.3,962.264,G (Sun-like),0.1605988849781727
Kepler-797 b,2.17,90.1,G (Sun-like),0.23042029355211158
Kepler-798 b,2.39,141.888,F,0.19310726731923866
Kepler-799 b,6.88,6.356,G (Sun-like),0.4288638826303955
Kepler-799 c,2.78068551,150.25,G (Sun-like),0.18350717753873258
Kepler-8 b,15.871944,1444.881,F,0.054370783800957265
Kepler-80 b,2.67,54.382,K,0.31305417354441717
Kepler-80 c,2.74,36.482,K,0.3499491778601463
Kepler-80 d,1.53,164.625,K,0.24932906828654022
Kepler-80 e,1.6,94.781,K,0.2895735479802172
Kepler-80 f,1.21,750.964,K,0.22199254228453424
Kepler-80 g,1.13,7.220119828161794,K,0.6989057853047552
Kepler-800 b,2.85,44.872,G (Sun-like),0.27717627431901626
Kepler-801 b,2.0,14.442,K,0.4856404999840914
Kepler-802 b,3.54,13.508,G (Sun-like),0.3956675991606171
Kepler-803 b,3.79,20.882,G (Sun-like),0.3374644049760975
Kepler-804 b,1.94,83.427,G (Sun-like),0.2417723228088193
Kepler-804 c,1.14,141.839,G (Sun-like),0.2701860200389242
Kepler-805 b,2.89,86.473,F,0.2204766001974483
Kepler-806 b,1.14,413.603,G (Sun-like),0.2016403463707243
Kepler-808 b,1.46,1428.3,K,0.19450272984992933
Kepler-809 b,3.01,13.155,G (Sun-like),0.4134656597965121
Kepler-81 b,2.42,39.95,K,0.3483099503968045
Kepler-81 c,2.37,15.62,K,0.4607321217876008
Kepler-81 d,1.21,7.507,K,0.685572263810564
Kepler-810 b,1.93,350.597,G (Sun-like),0.14688619105333311
Kepler-811 b,2.7,78.59,G (Sun-like),0.23116180622232055
Kepler-812 b,3.55,421.917,F,0.1214595028614964
Kepler-813 b,2.14,56.04,G (Sun-like),0.2721863029156166
Kepler-814 b,2.12,935.124,F,0.10241257951649983
Kepler-815 b,4.11,979.136,K,0.13755962065941113
Kepler-816 b,10.24,50.563,G (Sun-like),0.1960501985733675
Kepler-817 b,9.03,550.203,G (Sun-like),0.08837394269083883
Kepler-818 b,5.11,100.779,G (Sun-like),0.18384504934159743
Kepler-819 b,2.76,9.913,G (Sun-like),0.461259216663946
Kepler-82 b,4.07,19.558,G (Sun-like),0.33937783687322876
Kepler-82 c,5.34,8.035,G (Sun-like),0.4246036800008265
Kepler-82 d,1.77,484.351,G (Sun-like),0.13332995667706746
Kepler-82 e,2.47,144.337,G (Sun-like),0.19069024641182789
Kepler-82 f,4.84,5.6657,G (Sun-like),0.48348206519729514
Kepler-820 b,6.09,16.228,F,0.3281237513947482
Kepler-821 b,1.31,496.82,K,0.23917118137006613
Kepler-822 b,1.77,535.188,G (Sun-like),0.12876159018364894
Kepler-823 b,1.57,803.353,G (Sun-like),0.11413445438012534
Kepler-824 b,1.87,454.604,F,0.1349435315670957
Kepler-825 b,1.53,734.464,G (Sun-like),0.11829549391822941
Kepler-825 c,1.84,261.628,G (Sun-like),0.16413037474916758
Kepler-826 b,1.25,827.221,F,0.16733588308965175
Kepler-827 b,5.63,23.602,G (Sun-like),0.29524533662436026
Kepler-828 b,1.51,1835.159,K,0.1360752785140923
Kepler-829 b,2.11,247.47,G (Sun-like),0.16306901592999257
Kepler-83 b,2.83,15.412,K,0.44777352021249867
Kepler-83 c,2.36,5.9,K,0.6091781223285929
Kepler-83 d,1.94,28.81,K,0.3980553922574246
Kepler-830 b,1.7,160.18,F,0.19754064681340455
Kepler-831 b,1.27,266.249,G (Sun-like),0.22388657239043086
Kepler-832 b,2.06,256.828,G (Sun-like),0.16171783284336097
Kepler-833 b,2.02,8.313,K,0.569004002952279
Kepler-834 b,2.02,11.845,K,0.5137619681850819
Kepler-835 b,2.79,170.33,G (Sun-like),0.17554973458802844
Kepler-836 b,2.73,135.797,G (Sun-like),0.19080521019682983
Kepler-837 b,2.56,55.966,G (Sun-like),0.262739454496608
Kepler-838 b,2.73,61.089,G (Sun-like),0.2515717653621548
Kepler-839 b,2.57,46.303,F,0.2801770549362814
Kepler-84 b,2.23,222.19,F,0.16749242564339278
Kepler-84 c,2.36,132.23,F,0.1983977047065711
Kepler-84 d,1.38,584.24,F,0.1803955330063408
Kepler-84 e,2.6,48.29,F,0.2755130967098777
Kepler-84 f,2.2,25.3,F,0.3549782887408857
Kepler-841 b,5.23,1.648,G (Sun-like),0.655697700591432
Kepler-842 b,1.6,588.95,K,0.17679476442966635
Kepler-843 b,2.59,890.333,G (Sun-like),0.1001009350731256
Kepler-844 b,1.68,89.652,K,0.2921327555159712
Kepler-845 b,2.04,772.498,K,0.16029970670806126
Kepler-846 b,2.48,35.276,G (Sun-like),0.30969712598945776
Kepler-847 b,1.18,292.31,K,0.270266630688328
Kepler-848 b,1.7,794.778,G (Sun-like),0.11296351550760472
Kepler-849 b,8.08167508,2.86,G (Sun-like),0.5161443670862221
Kepler-85 b,1.778,107.028,G (Sun-like),0.22539934046338994
Kepler-85 c,1.978,61.929,G (Sun-like),0.2669855267531449
Kepler-85 d,1.2,38.39,G (Sun-like),0.3929086890318472
Kepler-85 e,1.27,24.318,G (Sun-like),0.4467220957408666
Kepler-850 b,1.78,329.283,G (Sun-like),0.15240215328112014
Kepler-851 b,1.68,103.828,G (Sun-like),0.23012752989871452
Kepler-852 b,2.54,92.131,F,0.22156702395820588
Kepler-853 b,1.69,499.301,F,0.13302818557755325
Kepler-855 b,8.35,405.183,G (Sun-like),0.10032753180415546
Kepler-856 b,9.3,153.497,G (Sun-like),0.13689053487851446
Kepler-857 b,6.8,5.747,G (Sun-like),0.4433210334028085
Kepler-858 b,4.87,6.338,G (Sun-like),0.4668098278792711
Kepler-859 b,3.09,14.897,K,0.4447776827250691
Kepler-860 b,3.24,233.621,G (Sun-like),0.15230928156728699
Kepler-861 b,2.28,197.29,K,0.2238099830910148
Kepler-862 b,2.21,547.293,G (Sun-like),0.12250270190317789
Kepler-863 b,2.9,117.828,G (Sun-like),0.1979151585524663
Kepler-864 b,2.4,464.765,G (Sun-like),0.12759220954785064
Kepler-864 c,1.62,1305.04,F,0.09579733153410784
Kepler-865 b,2.49,46.362,G (Sun-like),0.28186963223919725
Kepler-865 c,0.89,164.98,G (Sun-like),0.2093722252616319
Kepler-866 b,1.63,196.127,K,0.23548360132817975
Kepler-867 b,4.64,2.72,G (Sun-like),0.5988933263730114
Kepler-868 b,2.05,417.034,G (Sun-like),0.13667986180820857
Kepler-869 b,3.61,17.234,G (Sun-like),0.36365586887934526
Kepler-87 b,13.49,9.203,G (Sun-like),0.32151023069871193
Kepler-87 c,6.14,4.656,G (Sun-like),0.4835838256054221
Kepler-870 b,2.78,54.869,G (Sun-like),0.26005132445298274
Kepler-871 b,3.74,79.722,G (Sun-like),0.21434336778272567
Kepler-872 b,1.99,553.056,G (Sun-like),0.1245500702318772
Kepler-873 b,3.75,68.015,F,0.22629040837786354
Kepler-874 b,3.94,31.624,F,0.2908732904692551
Kepler-875 b,2.9,41.431,G (Sun-like),0.2837994116150489
Kepler-876 b,1.43,152.746,K,0.30695452202418244
Kepler-877 b,2.12,37.81,G (Sun-like),0.3120252307209818
Kepler-878 b,1.93,27.009,K,0.4060759274943141
Kepler-879 b,2.57,29.128,G (Sun-like),0.32809831478425744
Kepler-88 d,13.1,0.1124,G (Sun-like),0.32749408919999695
Kepler-880 b,2.66,586.169,F,0.11521123880541598
Kepler-880 c,2.87,926.72,F,0.09661854664443
Kepler-881 b,1.78,538.569,G (Sun-like),0.12834673757354848
Kepler-882 b,1.23,259.029,G (Sun-like),0.22645319898225613
Kepler-883 b,1.78,163.052,F,0.1946963210042118
Kepler-884 b,1.23,139.5,G (Sun-like),0.2688771614234752
Kepler-885 b,2.5,124.646,F,0.20016706492003788
Kepler-886 b,1.52,231.432,F,0.17723574756299101
Kepler-887 b,1.84,109.842,F,0.22197895196690962
Kepler-887 c,1.13,407.977,F,0.20257073926173014
Kepler-888 b,1.76,7.854,G (Sun-like),0.5419960577593383
Kepler-889 b,1.09,954.588,G (Sun-like),0.16397710325692816
Kepler-890 b,8.89,30.227,G (Sun-like),0.2423469241181535
Kepler-891 b,6.41,44.326,G (Sun-like),0.23095866998218836
Kepler-892 b,2.81,18.196,K,0.42710880239743815
Kepler-893 b,3.03,266.271,G (Sun-like),0.14764167566485908
Kepler-894 b,2.78,119.881,G (Sun-like),0.19849225647873747
Kepler-895 b,1.54,106.585,K,0.28155988997459913
Kepler-896 b,2.53,1.99,G (Sun-like),0.738845002788498
Kepler-896 c,3.15,16.56,G (Sun-like),0.37968790305260125
Kepler-897 b,2.39,354.221,G (Sun-like),0.14040177938499085
Kepler-898 b,1.49,37.11,K,0.4348679637062338
Kepler-899 b,2.68,62.198,G (Sun-like),0.250981234901222
Kepler-9 b,8.29,48.229,G (Sun-like),0.2103740723135432
Kepler-9 c,8.08,18.903,G (Sun-like),0.29072212899312033
Kepler-9 d,1.64,1339.658,G (Sun-like),0.09471867772679962
Kepler-90 i,1.32,128.579,F,0.27263982560363437
Kepler-900 b,2.08,54.109,K,0.3270060199785281
Kepler-901 b,1.37,68.723,K,0.37489645906463265
Kepler-902 b,2.54,24.875,G (Sun-like),0.34688058433199975
Kepler-903 b,2.01,274.845,G (Sun-like),0.158682781800357
Kepler-903 c,2.53,24.791,G (Sun-like),0.3475556818010296
Kepler-904 b,1.77,875.419,F,0.10841720042239644
Kepler-905 b,1.41,185.771,G (Sun-like),0.24378532457029473
Kepler-906 b,2.11,21.987,F,0.375144456119916
Kepler-907 b,1.2,137.66,F,0.27073981013258547
Kepler-908 b,1.22,3304.101,G (Sun-like),0.12256526608447839
Kepler-909 b,1.47,127.24,F,0.26949629164130845
Kepler-91 b,15.322703,3273.324,K,0.09123022709514919
Kepler-910 b,0.82,2108.073,F,0.08492559248474624
Kepler-911 b,2.6,198.725,F,0.1688326682210533
Kepler-912 b,2.8,519.95,G (Sun-like),0.11886037808595287
Kepler-913 b,2.06,58.9,K,0.31954051440528314
Kepler-913 c,3.8580709,122.82,F,0.1832462392769723
Kepler-914 b,1.38,568.378,G (Sun-like),0.18165561180329892
Kepler-915 b,1.5,844.751,F,0.1630332624699512
Kepler-916 b,1.76,14.683,G (Sun-like),0.44370544575287063
Kepler-917 b,1.91,228.11,G (Sun-like),0.17097362884880238
Kepler-918 b,1.74,258.702,F,0.16646724184406747
Kepler-919 b,2.25,153.915,F,0.18999167623078797
Kepler-92 b,3.51,257.776,G (Sun-like),0.1446073389606042
Kepler-92 c,2.6,106.207,G (Sun-like),0.20990835945497188
Kepler-92 d,2.067,46.844,G (Sun-like),0.29140768614015444
Kepler-920 b,2.42,153.138,G (Sun-like),0.18758072288477126
Kepler-920 c,3.8,3.986,G (Sun-like),0.565961642938437
Kepler-921 b,2.87,15.007,G (Sun-like),0.40008101329293144
Kepler-922 b,1.42,2142.634,G (Sun-like),0.1323879971094456
Kepler-923 b,1.38,390.636,G (Sun-like),0.2000792678289557
Kepler-924 b,3.07,19.997,F,0.3586448539794197
Kepler-925 b,2.34,5.833,K,0.6120465766811294
Kepler-926 b,2.31,17.883,G (Sun-like),0.39480097944581466
Kepler-927 b,1.72,129.534,G (Sun-like),0.21222602184382583
Kepler-928 b,1.59,111.11,K,0.27698026101103945
Kepler-929 b,1.11,8159.933,G (Sun-like),0.103656780803831
Kepler-93 b,1.478,275.0,G (Sun-like),0.21769379665587546
Kepler-930 b,2.13,16.851,F,0.4091118118006746
Kepler-931 b,1.33,72.44,G (Sun-like),0.32125713839413594
Kepler-932 b,1.37,562.217,G (Sun-like),0.18231657612917712
Kepler-933 b,2.46,61.323,G (Sun-like),0.2566790577821819
Kepler-934 b,2.09,4.716,K,0.6616931309266654
Kepler-935 b,1.35,94.607,K,0.34673361094114324
Kepler-936 b,1.45,133.56,G (Sun-like),0.2663321770184144
Kepler-937 b,3.72,20.627,F,0.3402764392310667
Kepler-937 c,2.67,6.93,F,0.5193720846849856
Kepler-938 b,2.22,8.57,G (Sun-like),0.5047728011115122
Kepler-939 b,1.75,54.19,G (Sun-like),0.28595196915570786
Kepler-94 b,3.51,216.094,K,0.20377544609847198
Kepler-94 c,12.5,0.0955,K,0.36488050235367764
Kepler-940 b,3.34,10.519,G (Sun-like),0.4344845141049279
Kepler-941 b,3.08,47.032,G (Sun-like),0.26827497685271434
Kepler-942 b,2.13,4.957,K,0.6507091553132122
Kepler-943 b,5.93,10.16,G (Sun-like),0.38447013242951716
Kepler-944 b,2.63,20.174,G (Sun-like),0.3694448705074839
Kepler-945 b,2.63,31.702,G (Sun-like),0.31730699716099225
Kepler-946 b,1.93,124.072,G (Sun-like),0.2109068776818663
Kepler-947 b,2.28,51.95,G (Sun-like),0.27591601834023854
Kepler-948 b,1.85,126.203,G (Sun-like),0.21132417795073086
Kepler-949 b,2.91,58.442,G (Sun-like),0.25202926721803887
Kepler-949 c,2.97,27.2,G (Sun-like),0.3257703578491322
Kepler-95 b,3.42,178.832,G (Sun-like),0.16519818042449055
Kepler-950 b,8.98,3.97,G (Sun-like),0.4599145051581795
Kepler-951 b,5.59,2.472,K,0.6369063431716955
Kepler-952 b,7.65,5.046,G (Sun-like),0.44729146023210237
Kepler-953 b,4.21,5.84,G (Sun-like),0.49497773099733733
Kepler-953 c,1.19,121.04,G (Sun-like),0.28112754423623587
Kepler-954 b,2.32,21.531,K,0.4208143477377458
Kepler-955 b,3.13,33.091,G (Sun-like),0.30142854227841404
Kepler-956 b,3.0,307.058,F,0.1407814965854892
Kepler-957 b,5.5,124.911,K,0.21766849071086586
Kepler-958 b,2.06,73.59,G (Sun-like),0.24962336205684402
Kepler-959 b,4.38,165.868,F,0.16034319290388724
Kepler-96 b,2.67,57.524,G (Sun-like),0.25802234525021406
Kepler-960 b,2.29,129.223,K,0.25119284073379444
Kepler-961 b,2.55,40.4,G (Sun-like),0.29402810657158834
Kepler-962 b,1.97,53.823,G (Sun-like),0.2804022409796257
Kepler-963 b,2.66,83.494,G (Sun-like),0.22707686160547513
Kepler-964 b,2.12,43.916,G (Sun-like),0.2964692210823557
Kepler-965 b,3.38,4.98,G (Sun-like),0.5451154752433917
Kepler-966 b,4.13,10.972,G (Sun-like),0.40870716404401025
Kepler-967 b,2.35,39.1,K,0.3522844081548604
Kepler-967 c,3.65,1.05,K,0.8294999726796712
Kepler-968 b,2.0,103.909,K,0.2727870937063629
Kepler-968 c,1.69,58.15,K,0.33086038401149326
Kepler-969 b,2.07,10.166,G (Sun-like),0.4847919971893273
Kepler-969 c,0.99,564.581,G (Sun-like),0.13847257455958362
Kepler-97 b,1.48,767.964,G (Sun-like),0.16713001942923847
Kepler-970 b,2.609,11.111,K,0.49997230486942384
Kepler-971 b,2.13,82.766,G (Sun-like),0.2381497823456214
Kepler-972 b,4.65,266.514,F,0.13404448772134336
Kepler-973 b,1.96,7.892,G (Sun-like),0.5305008702712322
Kepler-974 b,1.57,28.511,M (red dwarf),0.3629349006499703
Kepler-975 b,1.48,328.698,K,0.25754136671798517
Kepler-975 c,10.69,439.8,K,0.14148341256282237
Kepler-976 b,3.96,2.661,G (Sun-like),0.6247148999472685
Kepler-977 b,2.62,13.955,G (Sun-like),0.41758689277604183
Kepler-978 b,2.99,20.99,F,0.35489341545229397
Kepler-979 b,2.72,77.841,G (Sun-like),0.2315720103615166
Kepler-98 b,1.99,1107.389,G (Sun-like),0.09771145630200768
Kepler-980 b,2.67,170.137,G (Sun-like),0.17723677900289447
Kepler-981 b,2.31,337.471,G (Sun-like),0.14377075600467168
Kepler-982 b,2.25,185.203,F,0.17814430924611735
Kepler-983 b,2.36,30.997,F,0.3268579945396782
Kepler-984 b,2.12,13.991,G (Sun-like),0.43529058769683
Kepler-985 b,2.98,2.4,G (Sun-like),0.6826054489430724
Kepler-986 b,2.36,10.857,G (Sun-like),0.46265383477979205
Kepler-987 b,3.26,3.853,G (Sun-like),0.5911105485568392
Kepler-988 b,2.07,6.56,K,0.6056956303975278
Kepler-989 b,2.21,74.35,K,0.29536972331159167
Kepler-99 b,1.48,108.042,K,0.3320478159813358
Kepler-990 b,2.6,108.3,G (Sun-like),0.2084926636663196
Kepler-990 c,1.53,5272.4,G (Sun-like),0.05936533850373789
Kepler-991 b,2.54,1.371,K,0.8506857027030987
Kepler-992 b,1.62,15.291,K,0.4943820099311494
Kepler-993 b,2.97,3.954,K,0.6487756791717311
Kepler-994 b,1.6,243.984,K,0.22246002336476056
Kepler-995 b,2.7,11.92,G (Sun-like),0.4367920005978301
Kepler-996 b,1.98,723.081,F,0.11352118317236061
Kepler-997 b,1.36,1900.131,F,0.1365406018437006
Kepler-998 b,2.32,409.917,F,0.13421954286120483
Kepler-999 b,2.34,740.173,F,0.10899697564079745
L 168-9 b,1.63,149.3748,K,0.25391791735646785
L 363-38 b,2.0,5.6424,M (red dwarf),0.5852760205641745
L 98-59 b,0.837,24.5,M (red dwarf),0.39954953546861166
L 98-59 c,1.329,12.7,M (red dwarf),0.5382683170334718
L 98-59 d,1.627,4.97,M (red dwarf),0.630981913246473
L 98-59 e,1.49,2.4,M (red dwarf),0.8302245517289221
L 98-59 f,1.48,1.1,M (red dwarf),0.9746099550164208
LHS 1140 b,1.73,0.43,M (red dwarf),0.7659387455654674
LHS 1140 c,1.272,5.3,M (red dwarf),0.695369566613316
LHS 1478 b,1.242,23.3722,M (red dwarf),0.4534686008237918
LHS 1678 b,0.685,94.3,M (red dwarf),0.24381609537105753
LHS 1678 c,0.941,13.5,M (red dwarf),0.4955197986663949
LHS 1678 d,0.981,9.1,M (red dwarf),0.5657898576114536
LHS 1815 b,1.088,26.3712,M (red dwarf),0.4453466044184248
LHS 1903 b,1.382,66.66,M (red dwarf),0.327401911117166
LHS 1903 c,2.046,16.2,M (red dwarf),0.4176919156087611
LHS 1903 d,2.5,6.35,M (red dwarf),0.540622461934699
LHS 1903 e,1.732,2.05,M (red dwarf),0.7893181792245982
LHS 3154 b,3.69,3.7134,M (red dwarf),0.5810356542722829
LHS 3844 b,1.286,73.67,M (red dwarf),0.32115409641676257
LHS 475 b,0.991,20.8,M (red dwarf),0.43285252662788254
LP 714-47 b,4.7,38.5441,K,0.31106648380765656
LP 791-18 b,1.212,24.14,M (red dwarf),0.4506475041440803
LP 791-18 c,2.488,2.637,M (red dwarf),0.6922446311109222
LP 791-18 d,1.032,5.83,M (red dwarf),0.6976621920860899
LP 890-9 b,1.32,4.09,M (red dwarf),0.7412557354536266
LP 890-9 c,1.367,0.906,M (red dwarf),0.9863956752086268
LSPM J2116+0234 b,3.71,2.6063,M (red dwarf),0.6373403882111722
LTT 1445 A b,1.34,5.7,M (red dwarf),0.6763273072734618
LTT 1445 A c,1.147,10.9,M (red dwarf),0.574977243380911
LTT 3780 b,1.325,111.0,M (red dwarf),0.2841516359950618
LTT 3780 c,2.39,2.76,M (red dwarf),0.689813020406574
LTT 9779 b,4.72,1781.1556,G (Sun-like),0.06878048156163369
Lupus-TR-3 b,9.976,15.9599,K,0.3412925173273623
MASCARA-1 b,17.90074218,38711.5,F,0.016657493262252278
MASCARA-4 b,16.98160576,4913.69,A (hot),0.034793994263607915
NGC 2682 Sand 1429 b,13.4,37.2589,F,0.20279832761952182
NGTS-1 b,14.90797,65.3,K,0.21261631100931455
NGTS-10 b,13.506845,3716.1785,K,0.09078787266128228
NGTS-11 b,9.157753,9.242,K,0.40528923386561944
NGTS-12 b,11.747032,416.0,G (Sun-like),0.09100491352626755
NGTS-13 b,12.800678,1096.0,G (Sun-like),0.06341764448762226
NGTS-14 A b,4.976796,191.782,K,0.19794056581819824
NGTS-15 b,12.32987877,425.0,G (Sun-like),0.08918364548097849
NGTS-16 b,14.57167491,480.0,G (Sun-like),0.08176881461621885
NGTS-17 b,13.89913607,1160.0,G (Sun-like),0.060829165803437626
NGTS-18 b,13.56286665,845.0,G (Sun-like),0.068398891188214
NGTS-2 b,17.878355,1085.35,F,0.0581989093274901
NGTS-20 b,11.99360935,6.7645,G (Sun-like),0.3649230782531919
NGTS-21 b,14.90794433,514.2853,K,0.12933728343435627
NGTS-23 b,14.20177855,815.7013,F,0.06840565509859642
NGTS-24 b,13.60770257,391.83,G (Sun-like),0.08938745538965591
NGTS-25 b,11.46678726,339.4356,G (Sun-like),0.09832223946978623
NGTS-26 b,14.88552637,523.0,G (Sun-like),0.0789046573114237
NGTS-27 b,15.64773706,1680.0,G (Sun-like),0.051774881467643454
NGTS-3 A b,16.58932,1000.5679,G (Sun-like),0.061097006061212066
NGTS-30 b,10.40193409,172.857,G (Sun-like),0.1275991859790795
NGTS-31 b,18.04645893,643.0,G (Sun-like),0.06971029714764873
NGTS-32 b,15.91675259,1554.0,G (Sun-like),0.052963669301046276
NGTS-33 b,18.38272835,2620.0,F,0.04244019208034376
NGTS-34 b,3.65,36.0339,F,0.2830871449041411
NGTS-35 b,10.9,9.8437,K,0.3828978883748311
NGTS-38 b,12.11690814,10.1316,F,0.3208314388740504
NGTS-4 b,3.18,886.9841,K,0.1459791701456683
NGTS-5 b,12.733424,101.253,K,0.19571372501489165
NGTS-6 b,14.863134,983.4246,K,0.11330373344698938
NGTS-8 b,12.21781,503.0,G (Sun-like),0.08428938801133523
NGTS-9 b,11.99363,729.0,F,0.07440084274828147
NSVS 14256825 b,12.3,9.6678,A (hot),0.3243621174454783
NY Vir b,13.3,2.178,A (hot),0.48543313132341187
OGLE-TR-10 b,14.011,818.5035,G (Sun-like),0.06857005845239206
OGLE-TR-111 b,11.421971,204.9529,K,0.16735213158933898
OGLE-TR-113 b,12.251,528.4147,K,0.13279127717637246
OGLE-TR-132 b,13.45,2550.8364,F,0.046579328251047894
OGLE-TR-182 b,12.666,669.0373,G (Sun-like),0.07557211914671362
OGLE-TR-211 b,15.244,710.2804,F,0.07045182589959106
OGLE-TR-56 b,15.278,3942.3204,F,0.03866304248982983
OGLE2-TR-L9 b,18.046,4135.4482,F,0.03635719030312802
Oph 11 b,12.3,0.0,M (red dwarf),0.0
PDS 70 b,21.96960217,0.0008,K,0.10238238267627302
PH1 b,6.18,10.7524,F,0.37377847092715616
PH2 b,9.33708092,1.2,G (Sun-like),0.6056234779074028
POTS-1 b,10.548,58.7159,K,0.23480261937524527
PZ Tel b,11.9,0.0014,K,0.12508758504231382
Pr0201 b,14.2,487.9693,F,0.0818615695515578
Pr0211 b,13.4,457.3078,G (Sun-like),0.08503852133322916
Pr0211 c,12.6,0.0152,G (Sun-like),0.16960851470301888
Proxima Cen b,1.02,0.641,M (red dwarf),0.9646210952194633
Proxima Cen d,0.692,1.814,M (red dwarf),0.8379666784447727
Qatar-1 b,12.811887,382.328,K,0.14160775652428703
Qatar-10 b,17.295487,1816.48,F,0.049042391553751015
Qatar-3 b,12.285064,1330.0,F,0.059914658366592995
Qatar-4 b,12.722215,614.0,G (Sun-like),0.07778249220751902
Qatar-5 b,12.408363,669.0,G (Sun-like),0.07598463383981549
Qatar-6 b,11.903958,174.9015,K,0.17267432276228717
Qatar-7 b,19.0553,2886.2922,F,0.04063001453377251
Qatar-8 b,14.403565,698.148,G (Sun-like),0.07195861575862511
Qatar-9 b,11.309881,210.669,K,0.16653373290746257
RR Cae b,13.0,0.0003,K,0.0928010479151279
Ross 128 b,1.11,1.38,M (red dwarf),0.9766838888320639
Ross 176 b,1.84,36.2,K,0.37528818656810925
Ross 508 b,1.83,1.2464,M (red dwarf),0.8697099355295478
TAP 26 b,13.5,60.0135,K,0.2218957297571274
TIC 139270665 b,7.22979255,40.3,G (Sun-like),0.2315718131523919
TIC 139270665 c,12.9,0.21,G (Sun-like),0.39737148809956396
TIC 147027702 b,10.92875618,90.5749,F,0.15765315541671437
TIC 150070085 b,3.62,188.6586862350801,G (Sun-like),0.16011817297594472
TIC 172900988 b,11.25,5.7522,F,0.38969910449102935
TIC 183374187 b,14.03364384,855.2564201136968,G (Sun-like),0.06749621036397747
TIC 231949697 b,1.52831855,154.97,M (red dwarf),0.20360226804132994
TIC 237913194 b,12.520453,83.3856,G (Sun-like),0.15654082673427336
TIC 241249530 b,13.29385111,6.2305,F,0.36410579760049944
TIC 245076932 b,10.87271128,85.6018,F,0.1609803629489193
TIC 257060897 b,17.26183028,1804.5549,G (Sun-like),0.04918131954101918
TIC 270471727 b,2.75029559,283.9789,G (Sun-like),0.14735366187723342
TIC 279401253 b,11.2089807,9.1803,G (Sun-like),0.3378580059404062
TIC 279401253 c,12.6,3.5788,G (Sun-like),0.4333435855375536
TIC 365102760 b,6.21,1316.4951,K,0.12156988901880376
TIC 393818343 b,12.18416202,2.28,G (Sun-like),0.4913412546645271
TIC 434398831 b,3.51,333.6313,G (Sun-like),0.13216468846780496
TIC 434398831 c,5.63,166.3776,G (Sun-like),0.15091368504926753
TIC 46432937 b,13.31626907,115.1312,M (red dwarf),0.1377242511227794
TIC 4672985 b,11.5004142,11.9376,G (Sun-like),0.3085899587250945
TIC 52059926 b,10.71,4.4802,K,0.4746553395688392
TIC 77552382 b,5.69176189,701.7449,K,0.14109526735357425
TIC 87422071 b,10.8615023,140.925,F,0.1354576751198311
TIC 88785435 b,5.03,28.3253,K,0.3352520347530396
TIC 9344899 b,9.16,149.861,G (Sun-like),0.13857580072274475
TOI-1011 b,1.45,575.597,G (Sun-like),0.1799979131769917
TOI-1036 b,6.28499593,466.528,G (Sun-like),0.1025484319250838
TOI-1052 b,2.87,246.0,F,0.15353680132087644
TOI-1052 c,6.48,39.7,F,0.23918505967295925
TOI-1054.01,2.43432,88.0718,F,0.2270023487847449
TOI-1062 b,2.265,232.0,G (Sun-like),0.16448366222831906
TOI-1062 c,3.1,95.0,G (Sun-like),0.21024017845605353
TOI-1064 b,2.587,62.9,K,0.3018432438051248
TOI-1064 c,2.651,26.8,K,0.38531346714556236
TOI-1075 b,1.791,509.2,K,0.18073845092419072
TOI-1080 b,1.2,4.35,M (red dwarf),0.739667498087012
TOI-1105 b,3.05823658,20.7383,K,0.404608341234408
TOI-1107 b,14.57167491,532.0,F,0.07888309746485005
TOI-1117 b,2.46,928.0,G (Sun-like),0.09970383405718147
TOI-1117 c,2.91,355.0,G (Sun-like),0.13470266005949832
TOI-1117 d,3.27,152.0,G (Sun-like),0.17653877230886691
TOI-1130 b,3.66,78.1,K,0.2669213465947059
TOI-1130 c,13.0,30.0,K,0.27005485982940725
TOI-1135 b,9.91994792,310.0,F,0.1053889431673273
TOI-1136 b,1.9,360.5506,G (Sun-like),0.14588526799770135
TOI-1136 c,2.879,232.392,G (Sun-like),0.15650882180567796
TOI-1136 d,4.627,626.362,G (Sun-like),0.09958495996628776
TOI-1136 e,2.639,48.4771,G (Sun-like),0.27430433978701413
TOI-1136 f,3.73591482,26.4328,G (Sun-like),0.31280190742735914
TOI-1136 g,2.53,17.9249,G (Sun-like),0.38732586419398474
TOI-1173 b,9.19,132.0,G (Sun-like),0.14470259864154886
TOI-1174 b,2.562,52.02,K,0.3193812589445792
TOI-1180 b,3.072,36.97,K,0.34144366790225067
TOI-1181 b,17.02644168,14140.0,F,0.02401881915407887
TOI-1184 b,2.39,57.54,K,0.31389956960301524
TOI-1194 b,8.71664516,203.685,G (Sun-like),0.12613388817744714
TOI-1199 b,10.5140239,324.114,G (Sun-like),0.10220963353810013
TOI-1201 b,2.415,40.6,M (red dwarf),0.2967939403821726
TOI-1203 b,1.52,572.2,G (Sun-like),0.12922535369416105
TOI-1203.01,2.918,51.0,G (Sun-like),0.26395476956698927
TOI-122 b,2.72,8.8,M (red dwarf),0.48041900883550925
TOI-1221 b,2.91,6.06,G (Sun-like),0.5312537712418808
TOI-1224 b,2.104,13.9295,M (red dwarf),0.43655655844432695
TOI-1224 c,2.884,1.9952,M (red dwarf),0.7185556849671669
TOI-1226 b,2.4101112,376.4613,G (Sun-like),0.13721755040589506
TOI-1227 b,9.57246952,3.21,M (red dwarf),0.47947396218331156
TOI-1230.01,3.23968384,53.1389,G (Sun-like),0.2544694834179598
TOI-1231 b,3.65,1.93,M (red dwarf),0.6879015508446459
TOI-1232 b,10.92875618,90.0659,G (Sun-like),0.15796100991192213
TOI-1232 c,8.88,31.4327,G (Sun-like),0.2392237154935658
TOI-1233.01,2.539,53.8795,G (Sun-like),0.2666426002442389
TOI-1235 b,1.69,60.3,K,0.32737255139292304
TOI-1238 b,1.21,442.0,K,0.24681179380080837
TOI-1238 c,2.11,63.0,K,0.31215270631393666
TOI-1243 b,2.33,17.2664,M (red dwarf),0.3987299914571408
TOI-1244 b,2.467,56.63,K,0.3136575338388674
TOI-1246 b,3.01,196.0,K,0.21451091651611015
TOI-1246 c,2.45109846,129.0,G (Sun-like),0.19858938424284525
TOI-1246 d,3.43139739,28.0,G (Sun-like),0.31264439643698155
TOI-1246 e,3.5141875,11.0,G (Sun-like),0.423531217696705
TOI-1248 b,6.8084859,202.0739,G (Sun-like),0.13461503308359202
TOI-1249 b,3.2710301,48.6058,G (Sun-like),0.261827878500822
TOI-125 b,2.726,185.0,G (Sun-like),0.17140374412019452
TOI-125 c,2.759,77.59,G (Sun-like),0.23114254104628673
TOI-125 d,2.93,26.7,G (Sun-like),0.32876399655039457
TOI-1259 A b,11.6,153.1389,K,0.17935378841217614
TOI-1260 b,2.41,95.58,K,0.27111007345685634
TOI-1260 c,2.76,29.81,K,0.37076237248649274
TOI-1260 d,3.12,10.32,K,0.4936720713943137
TOI-1266 b,2.52,4.72,M (red dwarf),0.5892516103608815
TOI-1266 c,1.98,2.42,M (red dwarf),0.7397641395937353
TOI-1266 d,1.74,1.3,M (red dwarf),0.8705433337748081
TOI-1268 b,9.1,91.0972,G (Sun-like),0.16498186412565644
TOI-1269 b,2.40144286,231.2034,G (Sun-like),0.16277062831991618
TOI-1269 c,2.22999162,54.6767,G (Sun-like),0.27229892654076104
TOI-1272 b,4.26,120.595,K,0.23028210038215874
TOI-1273 b,11.09689089,225.013,G (Sun-like),0.11445778250419163
TOI-1278 b,12.21778896,6.5402,K,0.4168933012710399
TOI-1279 b,2.66146528,74.7359,G (Sun-like),0.2359156589520263
TOI-128.01,2.21898,182.406,F,0.17958067481699527
TOI-1288 b,4.96846551,1198.41,G (Sun-like),0.07805388030998965
TOI-1288 c,11.1,0.6114,G (Sun-like),0.5435668250003683
TOI-1291 b,5.63826391,1230.42,F,0.07502851308765315
TOI-1294 b,10.12369881,311.498,G (Sun-like),0.1046589767755645
TOI-1294 c,14.3,6.2779,G (Sun-like),0.3562992105335626
TOI-1295 b,15.69257298,1800.0,F,0.05050159699923214
TOI-1296 b,14.11645916,1078.5987,G (Sun-like),0.06213967139839048
TOI-1298 b,9.65807033,732.0077,G (Sun-like),0.07860997598182094
TOI-1301.01,2.477,72.55,K,0.2918837948013374
TOI-132 b,3.42,860.0,G (Sun-like),0.09548993494653768
TOI-1333 b,15.647764,1112.85,F,0.05979684419298095
TOI-1338 b,7.661,0.9938,G (Sun-like),0.6578293503891008
TOI-1338 c,10.3,3.3833,G (Sun-like),0.46386998532952944
TOI-1346 b,2.39,468.5415,K,0.17733894258896132
TOI-1346 c,2.23,102.6644,K,0.26905892643735646
TOI-1347 b,1.8,1876.1315,G (Sun-like),0.08279247472384815
TOI-1347 c,1.6,183.6642,G (Sun-like),0.1903937531244393
TOI-1386 b,6.2163865,34.68,G (Sun-like),0.2530371063086087
TOI-1386 c,10.3,1.771,G (Sun-like),0.5446329430388924
TOI-139 b,2.4566,22.4219,K,0.41163570578043035
TOI-1408 b,25.0,465.179,F,0.07143206349571517
TOI-1408 c,2.22,2005.35,F,0.07772715649168241
TOI-1410 c,5.63,4.1841,K,0.5591983785124687
TOI-1410.01,3.10083009,565.5415,K,0.1629417431552847
TOI-1411 b,1.19880592,266.85,K,0.2753350347202914
TOI-1416 b,1.62,883.0,K,0.15981960731716255
TOI-1420 b,11.89,139.0,G (Sun-like),0.1329190269503386
TOI-1422 b,3.83,90.5151,G (Sun-like),0.2040359288718482
TOI-1422 c,2.61,26.5556,G (Sun-like),0.3374357088646347
TOI-1431 b,16.70138124,5300.0,A (hot),0.03403664745893162
TOI-1437 b,2.24,82.0,F,0.23657638267145142
TOI-1438 b,3.04,145.0,G (Sun-like),0.1823105740972982
TOI-1438 c,2.75,65.0,G (Sun-like),0.24587521829388906
TOI-1439 b,4.2427861,68.4355,G (Sun-like),0.21954587872829837
TOI-1442 b,1.17,207.0242,M (red dwarf),0.24227515579310155
TOI-1443 b,2.30381001,16.8576,G (Sun-like),0.4028066873381291
TOI-1444 b,1.41792246,5028.6263,G (Sun-like),0.11114141290926713
TOI-1448 b,2.749,5.45,M (red dwarf),0.554935165828263
TOI-1450 A b,1.13,44.9493,M (red dwarf),0.37792025678229674
TOI-1450 A c,1.13,19.08745887573777,M (red dwarf),0.48806858509168877
TOI-1451 b,2.61143902,53.0216,G (Sun-like),0.2665732462368665
TOI-1452 b,1.672,1.8,M (red dwarf),0.8184654419782825
TOI-1453 b,1.173,132.6,K,0.3244190734058261
TOI-1453 c,2.224,75.3,K,0.29399328519268325
TOI-1466 b,2.46741991,167.099,K,0.23126101885045103
TOI-1467 b,1.92,18.13,K,0.4573049565189352
TOI-1468 b,1.401,36.4,M (red dwarf),0.39059417866740787
TOI-1468 c,2.126,2.13,M (red dwarf),0.7527342402619057
TOI-1470 b,2.18,46.3,K,0.3395749025028035
TOI-1470 c,2.47,3.35,K,0.7011617879796811
TOI-1472 b,4.058,110.0201,K,0.2382042893406241
TOI-1472 c,3.334,32.7735,K,0.348290268052615
TOI-1478 b,11.99360935,261.013,G (Sun-like),0.10649471575799345
TOI-150.01,14.067295,750.922,F,0.07059167908660967
TOI-1516 b,15.24421375,1899.83,F,0.04994301674801719
TOI-1518 b,21.05046575,7010.0,F,0.028990586073791673
TOI-157 b,14.414774,1062.0,G (Sun-like),0.06213056650947437
TOI-159 b,18.18,1797.8272,F,0.0485619244952504
TOI-1601 b,14.19902343,1071.42,G (Sun-like),0.062188325138815684
TOI-163 b,16.690201,1489.1126,F,0.053079097265450036
TOI-1630.01,2.417,55.58,G (Sun-like),0.2664607206971993
TOI-1634 b,1.759,121.0,M (red dwarf),0.2164282121468121
TOI-1648 b,2.54,27.4026,K,0.38574749679245124
TOI-1659.01,2.255,268.44,G (Sun-like),0.1564643102114114
TOI-1669 b,14.1,0.571,G (Sun-like),0.5026973437102363
TOI-1669 c,2.2963977,342.997,G (Sun-like),0.14312603203905763
TOI-1670 b,2.06,196.694,F,0.1774703147957797
TOI-1670 c,11.06326395,14.5514,F,0.29229221496646246
TOI-1680 b,1.466,4.41,M (red dwarf),0.7149928546997701
TOI-1683.01,2.6382,163.056,K,0.23032424955529768
TOI-1685 b,1.421,213.0,M (red dwarf),0.23453158480104902
TOI-169 b,12.172974,1443.0,G (Sun-like),0.05837079881395947
TOI-1691 b,3.66,59.13,G (Sun-like),0.23877130862187604
TOI-1693 b,1.41,57.0208,M (red dwarf),0.3417594225105449
TOI-1694 b,5.27,195.2882,K,0.1950173052677025
TOI-1694 c,13.8,0.4016,K,0.51519905487371
TOI-1695 b,1.9,39.0,M (red dwarf),0.31524602623888304
TOI-1696 b,3.09,13.5,M (red dwarf),0.4076937969111035
TOI-1710 b,5.258,33.0,G (Sun-like),0.2680107981025862
TOI-1716.01,3.143,254.83,G (Sun-like),0.148742910928747
TOI-1718 b,4.10824994,134.155,G (Sun-like),0.1751883599145288
TOI-172 b,10.816685,299.0,G (Sun-like),0.10435189626383665
TOI-1722 b,4.38298108,136.86,G (Sun-like),0.1713993371623065
TOI-1723 b,3.435,92.36,G (Sun-like),0.20760273433037946
TOI-1728 b,5.05,57.78,K,0.2734207019009596
TOI-1732 b,2.49549787,44.2458,K,0.3362869655323816
TOI-1736 b,3.18175535,329.6,G (Sun-like),0.1356159726071651
TOI-1736 c,12.5,0.9,G (Sun-like),0.5694164916580171
TOI-1739 b,1.946,53.91,K,0.3308954537922576
TOI-1742 b,2.36507598,58.618,G (Sun-like),0.2627715949043388
TOI-1743 b,1.83,10.8837,M (red dwarf),0.48546936030689536
TOI-1744.01,2.68,63.31,F,0.2494536946082977
TOI-1749 b,1.39,83.8379,K,0.35603785315195924
TOI-1749 c,2.12,36.1539,K,0.36682427169544174
TOI-1749 d,2.52,14.2074,K,0.4684756078727293
TOI-1750 b,2.78943837,33.352,K,0.3580895770656467
TOI-1751 b,2.9507845,192.521,G (Sun-like),0.16624341825414937
TOI-1752 b,1.693,194.1729,K,0.23487996753495932
TOI-1752 c,2.29,1.6973,K,0.8314981926878414
TOI-1753 b,2.47852533,237.996,G (Sun-like),0.16011045895468118
TOI-1756 b,1.94225664,55.5824,K,0.32806198097002864
TOI-1758 b,3.62,21.05,K,0.3900463177551413
TOI-1759 b,3.14,6.39,K,0.5643791975417652
TOI-1768.01,3.453,240.87,G (Sun-like),0.14860530983139175
TOI-1772.01,2.905,140.93,G (Sun-like),0.18591570610208513
TOI-1774.01,2.78,73.7609,G (Sun-like),0.2348458023418507
TOI-1775 b,8.04728896,55.4426,G (Sun-like),0.20206162060512448
TOI-1776 b,1.21612741,560.3349,G (Sun-like),0.18503048729757765
TOI-1777.01,2.246,71.34,G (Sun-like),0.24810598671660278
TOI-178 b,1.2,200.1045,K,0.2938054372840957
TOI-178 c,1.754,97.6159,K,0.28328289468567025
TOI-178 d,2.695,24.9125,K,0.3924961317291332
TOI-178 e,2.301,21.8202,K,0.4197670994676553
TOI-178 f,2.417,0.6071,K,0.82820012174767
TOI-178 g,2.939,19.4978,K,0.4150660987093367
TOI-1782.01,2.368,56.25,K,0.31645972895310653
TOI-1782.02,1.839,214.17,K,0.22600633854941143
TOI-1789 b,16.14093221,2300.0,G (Sun-like),0.04600270995038819
TOI-1794 b,3.29701268,228.913,G (Sun-like),0.1528108956796795
TOI-1798.01,2.448,69.26,K,0.2963766399324532
TOI-1798.02,1.464,3345.44,K,0.17013460926705676
TOI-1799 b,1.642,164.26,G (Sun-like),0.19703550145895865
TOI-1801 b,2.079,10.7276,K,0.5261393614976583
TOI-1803 b,2.99,58.0,K,0.30123408961774856
TOI-1803 c,4.29,22.0,K,0.37237728847989837
TOI-1806.01,3.4095367,2.1473,M (red dwarf),0.6811201109839174
TOI-1807 b,1.49681583,1407.22,K,0.194594135895667
TOI-181 b,6.9559,102.43,K,0.219563084682035
TOI-1811 b,11.14172682,55.9743,K,0.23520233913628757
TOI-1820 b,12.778238,292.245,G (Sun-like),0.10068230096421095
TOI-1823 b,7.5406241,9.2972,K,0.4225870939364
TOI-1824 b,2.7438269,14.6287,K,0.4572734095172487
TOI-1836 b,8.00321222,153.5185,F,0.14223536583729443
TOI-1836 c,2.59987579,2981.98,F,0.06553668735984829
TOI-1839 b,2.21895097,921.8467,G (Sun-like),0.10201407756117786
TOI-1842 b,12.3485023,354.639,F,0.09496257666285088
TOI-1846 b,1.792,17.35,M (red dwarf),0.4185964397610515
TOI-1853 b,3.46,435.33,K,0.1708254264356527
TOI-1855 b,18.49481816,852.162,G (Sun-like),0.0627575603243366
TOI-1859 b,9.75181321,23.786,F,0.2565721442802843
TOI-1860 b,1.31,876.703,G (Sun-like),0.1641176918475688
TOI-1873 b,2.86356397,171.8936,G (Sun-like),0.17403628955932351
TOI-1883 b,5.65,14.7,M (red dwarf),0.345211297380989
TOI-1898 b,9.39553231,51.0074,F,0.19986186170344758
TOI-1899 b,11.09689089,3.4,K,0.5043427348627512
TOI-1937 A b,13.97759893,3230.0,G (Sun-like),0.0424507224621074
TOI-198 b,1.36,7.2,K,0.6821558662004937
TOI-199 b,9.07927437,8.5419,G (Sun-like),0.3650097831513806
TOI-199 c,11.4,0.7048,G (Sun-like),0.5562451374541143
TOI-1994 b,13.67495645,1910.26,A (hot),0.05131185714462122
TOI-2000 b,2.7,628.0,G (Sun-like),0.11212148211237738
TOI-2000 c,8.14,149.0,G (Sun-like),0.14310421997873074
TOI-2005 b,11.99360935,525.9409,F,0.08339199900796734
TOI-2010 b,11.81426566,4.09,G (Sun-like),0.4247272368600031
TOI-2015 b,3.309,13.185,M (red dwarf),0.4047776058943825
TOI-2015 c,2.93,6.68,M (red dwarf),0.51508125285643
TOI-2018 b,2.268,26.0758,K,0.39928522051426624
TOI-2019 b,5.33275337,126.052,G (Sun-like),0.1683862543327087
TOI-2025 b,11.89272852,343.7178,G (Sun-like),0.09696019274643636
TOI-2031 A b,14.20177855,567.0,F,0.07767696085296724
TOI-2046 b,16.14093221,2643.655,F,0.04381522776728322
TOI-2048 b,2.61,29.035,K,0.3774121728524281
TOI-205 b,2.50121142,1740.9224,F,0.07974284757087302
TOI-206 b,1.3,117.7582,M (red dwarf),0.28010674638999966
TOI-2068 b,1.821,12.23,K,0.5179971649815838
TOI-2071 b,2.56484195,265.3025,G (Sun-like),0.15308802924159048
TOI-2076 b,2.59,49.4,K,0.32359076995864894
TOI-2076 c,3.54,32.7,K,0.34459316332617196
TOI-2076 d,3.27,16.5,K,0.4270672258850915
TOI-2076 e,1.301,253.1032,K,0.276300792255868
TOI-2081 b,2.04,8.1,K,0.5722405481824899
TOI-2084 b,2.47,12.8,M (red dwarf),0.4347128386661627
TOI-2088 b,3.6831179,1.7338,K,0.753368941647072
TOI-209 b,2.3947209,120.936,K,0.25404629133109174
TOI-2092 b,2.94892961,195.793,G (Sun-like),0.1652928409706237
TOI-2093 b,3.25,19.5345,K,0.40702099481182547
TOI-2093 c,2.3,3.0647,K,0.7264218069871234
TOI-2094 b,1.9,0.98,M (red dwarf),0.8963279264749063
TOI-2095 b,1.25,3.43,K,0.8320499670259739
TOI-2095 c,1.33,1.84,K,0.9468299136170683
TOI-2096 b,1.243,9.4,M (red dwarf),0.5935081183725929
TOI-2096 c,1.914,3.7,M (red dwarf),0.6661012918706665
TOI-2104 b,1.52898127,85.3357,K,0.30040782871309635
TOI-2107 b,13.57407563,508.468,G (Sun-like),0.08166623574550208
TOI-2109 b,15.098497,14429.0,F,0.02463071460084577
TOI-2120 b,2.122,3.61,M (red dwarf),0.6575750811450621
TOI-2128 b,2.08874836,86.2315,G (Sun-like),0.2356841396258695
TOI-2133 b,2.37,81.1072,K,0.2848259514948475
TOI-2134 b,2.69,32.0,K,0.3648267701675938
TOI-2134 c,7.27,1.4,K,0.6760240854305923
TOI-2136 b,2.19,4.0,M (red dwarf),0.6352346816381415
TOI-2141 b,3.147,47.3,G (Sun-like),0.2665129714412504
TOI-2141 c,2.35,241.0,G (Sun-like),0.16113166663000175
TOI-2141 d,3.97,9.8,G (Sun-like),0.42755713871625595
TOI-2145 b,12.24020692,515.939,F,0.08350457743878108
TOI-2147 b,10.5,68.2928,G (Sun-like),0.17563631796043838
TOI-2152 A b,14.35870428,2195.7879,F,0.048241093954119914
TOI-2154 b,16.28664896,1005.8946,F,0.06128611072340341
TOI-2158 b,10.76062147,81.4989,G (Sun-like),0.16418163054613588
TOI-216.01,10.1,10.1,K,0.38680145244889413
TOI-216.02,8.0,25.9,K,0.3122899401777542
TOI-2169 A b,12.50922246,577.0,F,0.07984535443695692
TOI-2180 b,11.32107051,2.71,G (Sun-like),0.4797758379754974
TOI-2184 b,11.39953337,1429.0,G (Sun-like),0.059588974537105203
TOI-2193 A b,19.83989584,1600.0,G (Sun-like),0.04940055760758548
TOI-2194 b,1.9892,14.2526,K,0.4879762102913236
TOI-2196 b,3.51,2000.0,G (Sun-like),0.07067686084085417
TOI-220 b,3.03,137.7252,G (Sun-like),0.18573242676793578
TOI-2200 b,6.96310517,288.087,K,0.16830021986068827
TOI-2202 b,10.95117414,42.7254,K,0.2540963352594707
TOI-2202 c,13.4,16.431,K,0.3170286935699866
TOI-2207 b,11.1529358,406.0,F,0.09303832027168028
TOI-2211.01,1.561,296.13,G (Sun-like),0.16189224342430775
TOI-2227 b,3.09885187,305.107,G (Sun-like),0.14011662638572792
TOI-2236 b,14.36991326,1356.0,F,0.05708864653822384
TOI-2257 b,2.194,0.6703,M (red dwarf),0.810279321536591
TOI-2260 b,1.62,1844.98,G (Sun-like),0.08487088526848303
TOI-2266 b,1.54,13.0,M (red dwarf),0.47275009579812555
TOI-2267 b,1.0,8.4,M (red dwarf),0.5817893269015169
TOI-2267 c,1.14,4.7,M (red dwarf),0.7298763314860306
TOI-2267 d,1.77,5.3,M (red dwarf),0.6099273676743946
TOI-2274 b,2.45,83.7078,K,0.2807291224321202
TOI-2285 b,1.77,3.91,M (red dwarf),0.6655317683431581
TOI-2295 b,16.47720163,42.0912,G (Sun-like),0.18408294377034093
TOI-2295 c,12.8,0.5059,G (Sun-like),0.501744359291246
TOI-2322 b,0.994,22.04,K,0.4747355687456402
TOI-2322 c,1.874,10.15,K,0.5442413941136742
TOI-2328 b,9.97599282,20.0982,G (Sun-like),0.2698619588570763
TOI-2337 b,10.08808263,619.5809,K,0.1323930379514473
TOI-2338 b,11.2089807,13.8485,G (Sun-like),0.29604757773970863
TOI-2345 b,1.504,791.0,K,0.16560841611253435
TOI-2345 c,2.451,14.57,K,0.46738680885558403
TOI-2346 b,16.11851425,1360.0,F,0.05530518811182947
TOI-2364 b,8.60849718,237.0,G (Sun-like),0.12003151956467874
TOI-2368 b,10.83908434,162.7267,G (Sun-like),0.12891888973801052
TOI-237 b,1.44,3.7,M (red dwarf),0.7506702797451748
TOI-237 c,1.206,16.0,M (red dwarf),0.5098004108094233
TOI-2373 b,10.42435205,69.8726,G (Sun-like),0.17458407237850712
TOI-2374 b,7.48759911,122.9,K,0.20626992557539214
TOI-2379 b,11.72459381,25.3,K,0.2895223344887524
TOI-238 b,1.559,753.1,K,0.16688368266356984
TOI-238 c,2.18,58.3,K,0.31754274299017854
TOI-2382 b,12.25141591,689.0,F,0.07545918569333956
TOI-2384 b,11.48920522,104.3,K,0.19818071936236964
TOI-2406 b,2.86,6.69,M (red dwarf),0.5174905774334484
TOI-2407 b,4.26,41.0,M (red dwarf),0.2615386384620111
TOI-2411 b,1.68,1051.1379,K,0.15266211288173476
TOI-2416 b,9.86390302,130.93,G (Sun-like),0.14248784708689277
TOI-2420 b,15.02003414,1017.0,G (Sun-like),0.062389749991291384
TOI-2421 b,10.36830715,923.6,G (Sun-like),0.07115360088022428
TOI-2427 b,1.8,62.7136,K,0.3205407923800241
TOI-244 b,1.52,7.3,M (red dwarf),0.5689545315452865
TOI-2443 b,2.363,13.2931,K,0.48325405763873197
TOI-2445 b,1.25,204.4874,M (red dwarf),0.2411204725701515
TOI-2447 b,9.60609646,44.5933,G (Sun-like),0.20809198335541265
TOI-2449 b,11.24,362.642,F,0.09658294194008958
TOI-2453 b,3.24380341,21.749,K,0.39459342775906636
TOI-2458 b,2.83,865.0,F,0.09926842570239258
TOI-2458 c,3.18,131.8551,F,0.18661065026401522
TOI-2459 b,2.9531,8.5187,K,0.5270068330247228
TOI-2485 b,12.1393261,275.6,F,0.10416275419898485
TOI-2497 b,11.14172682,997.8085,F,0.06796969741412308
TOI-2498 b,6.06,790.4759,G (Sun-like),0.08605805256414778
TOI-251 b,2.74,277.7462,G (Sun-like),0.14861495220947557
TOI-2518 b,2.26838675,239.133,G (Sun-like),0.162708735595233
TOI-2524 b,11.2089807,210.609,G (Sun-like),0.11681899589694822
TOI-2525 b,8.67575106,16.3643,K,0.3494703729958532
TOI-2525 c,10.13291855,6.0478,K,0.4445042836210865
TOI-2529 b,11.54525012,70.9731,G (Sun-like),0.16907440458180914
TOI-2537 b,11.25381662,7.4445,K,0.4103261869004708
TOI-2537 c,12.7,0.0389,K,0.2832760940277147
TOI-2545 b,2.75,258.8217,G (Sun-like),0.15220143213675283
TOI-2567 b,10.92875618,558.0,G (Sun-like),0.08370093190866627
TOI-257 b,7.16253867,186.0,F,0.13681675579741123
TOI-2570 b,13.64132951,699.0,G (Sun-like),0.07297587089038025
TOI-2580 b,17.37392009,1730.0,F,0.04982560191408455
TOI-2583 A b,14.4595851,750.9,G (Sun-like),0.0700771828842161
TOI-2587 A b,12.07207221,728.0,G (Sun-like),0.07430897100387193
TOI-2589 b,12.10569916,21.7464,G (Sun-like),0.24989551206145255
TOI-260 b,1.71,10.1838,K,0.5520552491828244
TOI-261.01,3.0449863,874.7956,G (Sun-like),0.09735129228695374
TOI-261.02,3.34822227,243.5261,G (Sun-like),0.14904636029442644
TOI-262 b,2.07,56.9133,G (Sun-like),0.27248788679182334
TOI-2641 b,18.10250383,602.0,F,0.07127418398638634
TOI-2654 b,7.94454164,75.0167,K,0.2326593202956388
TOI-2669 b,19.72780603,375.554,K,0.13211014208792998
TOI-269 b,2.77,19.0,M (red dwarf),0.3728518170844004
TOI-270 b,1.28,131.7935,M (red dwarf),0.2718353379845119
TOI-270 c,2.33,47.0639,M (red dwarf),0.28419785000210684
TOI-270 d,2.0,9.2135,M (red dwarf),0.5034581574123255
TOI-2714 b,13.72,945.55,G (Sun-like),0.06556168026282257
TOI-2719 b,5.98,874.29,G (Sun-like),0.08334932046302912
TOI-2768 b,2.63,89.0458,K,0.27259655965781643
TOI-277 b,2.65,28.236,K,0.37948018203244543
TOI-2796 b,17.26183028,352.0,G (Sun-like),0.08707485786465718
TOI-2803 A b,18.11371281,2150.0,F,0.045661120281434514
TOI-2818 b,15.27784069,598.0,G (Sun-like),0.07477382086088193
TOI-283 b,2.34,30.4,G (Sun-like),0.3295800591739165
TOI-2842 b,12.84549188,781.8,G (Sun-like),0.0713022722925798
TOI-286 b,1.42,889.5827,K,0.2120419551868164
TOI-286 c,1.88,22.4437,K,0.430818496346895
TOI-2876 b,9.6397234,124.2,G (Sun-like),0.1459880763027717
TOI-2886 b,18.6405349,2560.0,F,0.04262476533272195
TOI-2969 b,12.32987877,382.0,K,0.1425676011769202
TOI-2981 b,13.4,556.616,G (Sun-like),0.07939687470322845
TOI-2986 b,9.292245,1156.0,G (Sun-like),0.06767402206237937
TOI-2989 b,12.55405838,124.0,K,0.18633136322728
TOI-2992 b,13.75341932,1484.0,F,0.05596485371940033
TOI-3023 b,16.43236571,1084.0,G (Sun-like),0.059561700068207074
TOI-3071 b,7.16,2579.61,F,0.05460337920582043
TOI-3082 b,3.6621,131.648,K,0.23099352918227822
TOI-3135 b,13.65253849,464.0,G (Sun-like),0.08418996821067994
TOI-3160 A b,13.7646283,933.0,F,0.06581186875102112
TOI-3235 b,11.39953337,13.8883,M (red dwarf),0.2944677486148597
TOI-3261 b,3.82,1466.0,K,0.1273098982181641
TOI-3288 b,12.24020692,213.8,K,0.16355389621830174
TOI-329 b,4.94057819,576.8749,G (Sun-like),0.10091855468684748
TOI-332 b,3.2,4180.32,G (Sun-like),0.05572733920955271
TOI-3321 b,15.55806521,967.919,G (Sun-like),0.06288335423773289
TOI-333 b,4.26,650.4959,F,0.10018530386025684
TOI-3331 A b,12.97999965,818.5,G (Sun-like),0.06997491365212073
TOI-3353.01,2.6667555,313.0426,F,0.14334669800211006
TOI-3362 b,12.80065596,37.2117,F,0.20535907457317207
TOI-3364 b,12.22899794,425.0,G (Sun-like),0.0893769452508083
TOI-3457 b,10.64,17.4858,F,0.2779483244548309
TOI-3464 b,13.7646283,1370.0,F,0.05753902790620017
TOI-3474 b,14.67255574,740.0,F,0.07016213967537584
TOI-3486 b,10.5700688,334.0,K,0.15100377865151077
TOI-3493 b,3.22,245.0,G (Sun-like),0.1500074095037161
TOI-3523 A b,15.9727975,2590.0,F,0.04425483493502728
TOI-3568 b,5.3,130.1481,K,0.21677282658251396
TOI-3593 b,11.02963701,308.0,G (Sun-like),0.10275349684179201
TOI-3629 b,8.29464572,39.0,K,0.27619692189052214
TOI-3664 b,13.69737442,349.544,G (Sun-like),0.09286045940043422
TOI-3682 b,12.80065596,1258.0,G (Sun-like),0.060432925541752745
TOI-3688 A b,13.08088048,924.3,G (Sun-like),0.06692612096133194
TOI-3693 b,12.59889431,68.6,G (Sun-like),0.16718306686458198
TOI-3714 b,11.32107051,54.0,M (red dwarf),0.18672062813665008
TOI-375 b,10.77183045,593.3,G (Sun-like),0.0822359099181703
TOI-375 c,13.4,21.07,G (Sun-like),0.24586115663354224
TOI-375 d,13.6,5.96,G (Sun-like),0.36677544229688247
TOI-3757 b,12.0,55.4,K,0.23227726580028796
TOI-3785 b,5.14,19.1,M (red dwarf),0.3238973847358255
TOI-3807 b,18.49481816,1230.0,G (Sun-like),0.05519970540676565
TOI-3819 b,13.13692538,1186.0,G (Sun-like),0.06126961204342353
TOI-3837 b,10.87271128,138.065,G (Sun-like),0.1363895447501855
TOI-3856 b,13.59649359,949.0,G (Sun-like),0.06563567429517041
TOI-3862 b,5.53,358.839,G (Sun-like),0.11594870691901216
TOI-3877 b,11.67975789,729.0,G (Sun-like),0.07492114781639485
TOI-3884 b,6.43,6.29,M (red dwarf),0.43748946599957916
TOI-3894 b,15.27784069,546.903,F,0.07714409233897158
TOI-3896 b,3.14949237,144.988,K,0.2309316213978631
TOI-3912 b,14.28024141,872.2,G (Sun-like),0.06672477704824957
TOI-3919 b,12.31866979,184.322,F,0.11937359197776745
TOI-3976 A b,12.27383387,469.0,G (Sun-like),0.08627119807693084
TOI-3980 b,14.4595851,1153.0,G (Sun-like),0.06031990257188151
TOI-3984 A b,7.9,16.7,M (red dwarf),0.3046402282703167
TOI-4010 b,3.02,714.0,K,0.15469899368795667
TOI-4010 c,5.93,112.0,K,0.22098878256671095
TOI-4010 d,6.18,30.0,K,0.3161840250013902
TOI-4010 e,13.3,0.15,K,0.4066736064644697
TOI-4029 b,6.73756618,282.509,G (Sun-like),0.12008904810452513
TOI-4030 b,5.8462559,609.961,G (Sun-like),0.09504848189680688
TOI-4034 b,17.71018951,1870.78,G (Sun-like),0.048230590956756754
TOI-406 c,1.32,19.0,M (red dwarf),0.4781830516741139
TOI-406.01,2.08,3.0,M (red dwarf),0.6937389778182473
TOI-4087 b,13.04725353,753.9,F,0.07191660767727098
TOI-411 b,1.362,495.139,F,0.18845482633549004
TOI-411 c,2.328,156.75,F,0.18751781028704292
TOI-4127 b,12.07,22.3,F,0.24799386229824485
TOI-4137 b,13.57407563,1013.0,F,0.06418302362621822
TOI-4145 A b,13.30506009,223.0,G (Sun-like),0.10945930345818898
TOI-4153 b,16.11851425,1212.0072,F,0.057578989009295714
TOI-4155 b,3.21,586.762,G (Sun-like),0.11066572239374683
TOI-4156 b,2.53823825,459.495,G (Sun-like),0.12665461227276356
TOI-4156 c,2.92303762,101.3929,G (Sun-like),0.20815037484136323
TOI-4184 b,2.43,4.8,M (red dwarf),0.5907387031908424
TOI-4201 b,13.67495645,45.2,K,0.23882302974514974
TOI-421 b,2.64,154.57,G (Sun-like),0.18368179076970037
TOI-421 c,5.09,34.32,G (Sun-like),0.26652065727781205
TOI-4214 b,10.68215861,1210.0,F,0.06424058898718392
TOI-4308 b,2.4189,55.3616,G (Sun-like),0.2667793831614858
TOI-431 b,1.28,2120.4475,K,0.18410490310734723
TOI-431 c,1.49,100.6717,K,0.3375293079920749
TOI-431 d,3.29,28.3588,K,0.36419213821315377
TOI-4311 b,1.376,1273.0,K,0.19936387346400597
TOI-4311 c,2.47,33.8,K,0.36449041350861594
TOI-4329 b,16.81347105,3990.5716,F,0.03752237646522866
TOI-4336 A b,2.137,1.53,M (red dwarf),0.8101309553371138
TOI-4336 A c,1.251,4.24,M (red dwarf),0.7401779508149241
TOI-4342 b,2.329,27.8,K,0.39002217801510985
TOI-4342 c,2.349,11.6,K,0.5033394771541907
TOI-4363 b,1.76689273,144.7854,K,0.25318251134981057
TOI-4364 b,2.01,13.3328,M (red dwarf),0.446731659587101
TOI-4377 b,15.10970598,430.9826,K,0.13408545688578782
TOI-4379 b,16.69017226,2886.0903,F,0.042110391681314106
TOI-4405 b,2.55505441,48.1559,K,0.3267651397580716
TOI-4406 b,11.2089807,58.0054,F,0.1826578328373811
TOI-4438 b,2.52,6.0,M (red dwarf),0.5490413758021393
TOI-444 b,2.77,23.4694,G (Sun-like),0.3474390271444287
TOI-4443.01,1.7193265,1194.2104,G (Sun-like),0.09777482197591893
TOI-4463 A b,13.26022417,633.0,G (Sun-like),0.07611965241136762
TOI-4465 b,14.01122587,130.528,G (Sun-like),0.13008255725732493
TOI-4479 b,2.82,92.5,M (red dwarf),0.2165119766881686
TOI-4487 A b,14.60530185,1203.0,F,0.05927235833832958
TOI-4495 b,2.483,1001.28,F,0.09690610420353352
TOI-4495 c,4.03,346.626,F,0.12642061059707363
TOI-4504 b,2.691,548.0544,G (Sun-like),0.11766643962553154
TOI-4504 c,11.09689089,0.2639,G (Sun-like),0.4410586678221302
TOI-4504 d,13.6,12.5915,G (Sun-like),0.29018161740827086
TOI-4507 b,8.2,23.5778,F,0.26901993560653426
TOI-451 b,1.84,786.0,G (Sun-like),0.11178078726715689
TOI-451 c,2.93,93.0,G (Sun-like),0.2143667489822735
TOI-451 d,3.93,43.2,G (Sun-like),0.2616946721894476
TOI-4511 b,2.75304932,938.995,G (Sun-like),0.09701984793510404
TOI-4513 b,2.34587608,30.3621,G (Sun-like),0.32955426918980085
TOI-4515 b,12.17,42.2987,G (Sun-like),0.1992075991239362
TOI-4527.01,0.9086617,571.5072,K,0.18616565955506992
TOI-4529 b,1.77,14.6089,M (red dwarf),0.44398368215003203
TOI-4551 b,11.85910158,1247.74,K,0.1118391925648756
TOI-4552 b,1.11,263.0,M (red dwarf),0.22830855194260685
TOI-4559 b,1.415,15.77,M (red dwarf),0.500231723019071
TOI-4561 b,1.77789214,91.9624,G (Sun-like),0.23756781300336327
TOI-4562 b,12.53,3.2011,F,0.4472569712107113
TOI-4562 c,12.8,0.0657,F,0.2771814414569466
TOI-4578 b,2.26974262,119.0248,G (Sun-like),0.20738284756667302
TOI-4582 b,10.53644186,33.7343,K,0.2734591117542649
TOI-4588 b,2.92922558,2310.43,A (hot),0.06989052485309714
TOI-4600 b,6.8,3.3159,K,0.5683607442790126
TOI-4600 c,9.42,48.3867,K,0.25337531782135175
TOI-4602.01,2.45,664.0,G (Sun-like),0.11217292104619979
TOI-4603 b,11.67975789,1192.0,F,0.06308749278078767
TOI-4633 c,3.2,1.56,G (Sun-like),0.742410339466583
TOI-4638.01,2.933,87.81,G (Sun-like),0.2186231099887341
TOI-4640 b,2.84326517,854.2741,G (Sun-like),0.09960418476971097
TOI-4641 b,8.18255591,192.5802,F,0.13070978478714887
TOI-4662 b,2.87998299,50.104,K,0.3163043956557107
TOI-4666 b,12.53164042,55.6,K,0.22998380067412638
TOI-469.01,3.41,74.7,G (Sun-like),0.22377187013237887
TOI-470 b,4.34,44.7551,K,0.30272660359046943
TOI-4734 b,10.9175472,775.0,F,0.07464301682084401
TOI-4747 b,3.95803201,190.795,G (Sun-like),0.156313987124985
TOI-4773 b,15.22179579,3879.8071,F,0.038918234678915545
TOI-4791 b,12.44196858,783.2,F,0.07186091360616745
TOI-4794 b,14.35870428,1310.0,F,0.05779390640572157
TOI-480 b,2.85372018,531.521,F,0.11747902625474296
TOI-481 b,11.09691,253.126,G (Sun-like),0.10985621808666052
TOI-4860 b,8.7,42.5,M (red dwarf),0.21699656695564556
TOI-4898 b,3.7197954,33.0144,K,0.3404049120318986
TOI-4914 b,12.87,18.1082,G (Sun-like),0.26135772036507976
TOI-4930 b,6.93277225,310.079,G (Sun-like),0.11542853489568428
TOI-4940 b,6.61,40.4612,G (Sun-like),0.23647474531713006
TOI-4961 b,12.34108775,115.0,G (Sun-like),0.14057699237571564
TOI-4994 b,8.54124329,40.0,G (Sun-like),0.2225831483047405
TOI-500 b,1.166,1138.0,K,0.20609821684175783
TOI-5005 b,6.25,226.0,G (Sun-like),0.13223568380702025
TOI-5007 b,11.07447293,85.3,K,0.21040497607631936
TOI-5027 b,10.76062147,190.912,G (Sun-like),0.12217874892047881
TOI-5076 b,3.48935569,12.8373,K,0.45356512429878804
TOI-5082.01,2.54811,254.588,G (Sun-like),0.15551264923563443
TOI-5108 b,6.6,122.785,G (Sun-like),0.16132005674336775
TOI-5110 b,11.98240037,15.1027,F,0.28276999686984616
TOI-512 b,1.54,127.0,G (Sun-like),0.21789785178277285
TOI-5126 b,4.74,467.0,F,0.10971805732065552
TOI-5126 c,3.86,96.0,F,0.1995687805066121
TOI-5153 b,11.88151954,49.5559,F,0.18988614537782955
TOI-5159 b,1.54732112,133.1006,K,0.26419998763671454
TOI-5160 b,2.39729851,177.537,G (Sun-like),0.1785155526532249
TOI-5174 b,5.351,100.9112,G (Sun-like),0.18174663331902768
TOI-5181 A b,13.34989601,1053.0,F,0.06360012051522482
TOI-519 b,11.54525012,54.0,M (red dwarf),0.1857635484929984
TOI-5205 b,11.6,49.0,M (red dwarf),0.1918266490683473
TOI-521 b,1.98,66.0,M (red dwarf),0.26114170243558377
TOI-5210 b,10.72699453,456.0,G (Sun-like),0.09025373038369118
TOI-5218 b,9.86,62.0,K,0.23457520299962564
TOI-5232 b,12.778238,1193.86,F,0.06157761867247889
TOI-5238 b,5.22,195.925,G (Sun-like),0.1451839100985822
TOI-5261 b,11.60129502,159.592,G (Sun-like),0.12750650852761075
TOI-5292 A b,12.64373023,102.0,K,0.19561465256559257
TOI-5293 A b,11.9,34.6,M (red dwarf),0.21459938870226303
TOI-530 b,9.30345398,14.259,M (red dwarf),0.30776541424237824
TOI-5300 b,9.86390302,198.0,K,0.17339554903730453
TOI-5301 b,13.09208946,429.794,F,0.08743829582106728
TOI-5319 b,2.83,38.7885,M (red dwarf),0.2917610063381183
TOI-532 b,5.82,94.1,K,0.23245775190569218
TOI-5322 b,16.6117094,554.0,G (Sun-like),0.0750927609776115
TOI-5335 b,4.02422162,200.83,G (Sun-like),0.15296935680134022
TOI-5340 b,15.07607904,1004.0,G (Sun-like),0.06260868580734903
TOI-5344 b,10.60369574,38.0,K,0.2642256552998281
TOI-5349 b,10.2,44.5,K,0.2550326014047547
TOI-5350 b,12.41955062,321.879,F,0.09808097968408923
TOI-5380 b,3.48093238,796.305,F,0.09771145613799713
TOI-5386 A b,14.70618268,817.0,F,0.0677345511557151
TOI-5388.01,0.99,3.3023,M (red dwarf),0.763733268861996
TOI-5398 b,10.3,118.413,F,0.14590112063527869
TOI-5398 c,3.52,370.603,F,0.12732446772977593
TOI-540 b,0.903,23.4,M (red dwarf),0.4104862008577606
TOI-5422 b,9.10169233,580.0,G (Sun-like),0.08658448375344983
TOI-544 b,2.018,240.195,K,0.21619010412905537
TOI-5486 b,3.96824928,53.3297,K,0.29292545621601424
TOI-5489 b,1.4,25.1137,M (red dwarf),0.4362690395002547
TOI-5489 c,1.28,13.8663,M (red dwarf),0.5273881158744131
TOI-5502 b,4.1287378,95.1955,F,0.1971046594599236
TOI-5515 b,2.65362762,86.6267,G (Sun-like),0.22431321869879173
TOI-5532 b,2.52763693,34.3229,K,0.36138767454087645
TOI-5542 b,11.30986153,9.6,G (Sun-like),0.3323340511274407
TOI-5573 b,9.75,12.92,K,0.3639994610065122
TOI-558 b,12.17295304,248.8554,F,0.10785823080456874
TOI-559 b,12.22899794,404.915,G (Sun-like),0.09090056480937846
TOI-5592 b,17.14974047,1712.0,F,0.05018349459550736
TOI-5595 b,4.73740402,24.7628,K,0.35274193122956615
TOI-5599 b,7.1888212,833.218,F,0.08099125092201066
TOI-5605 b,2.52611303,33.3499,K,0.36448555694965956
TOI-561 b,1.397,4709.0,G (Sun-like),0.1127178756994146
TOI-561 c,2.865,67.5,G (Sun-like),0.2406161315369742
TOI-561 d,2.615,21.2,G (Sun-like),0.3638058181533999
TOI-561 e,2.517,4.89,G (Sun-like),0.5833840741421951
TOI-5614 b,3.21759316,74.1594,K,0.27720425251476427
TOI-5616 b,10.78,137.0,K,0.1870629134991198
TOI-5624 b,2.314,251.103,G (Sun-like),0.15933136572877307
TOI-5624 c,2.474,96.429,G (Sun-like),0.21926871146077928
TOI-5624 d,3.584,157.055,G (Sun-like),0.1710473893316128
TOI-5624 e,3.247,21.9904,G (Sun-like),0.34324902971523485
TOI-5624 f,3.66,8.6817,G (Sun-like),0.4524608359113672
TOI-5630 b,2.37117553,937.884,G (Sun-like),0.10007421212530612
TOI-5634 A b,10.42,77.0,K,0.2188441805600581
TOI-564 b,11.43318,1423.0,G (Sun-like),0.059630660242204814
TOI-5678 b,4.91,3.8369,G (Sun-like),0.5390798851237508
TOI-5688 A b,10.3,50.3,K,0.24610362108735812
TOI-5704 b,3.2274,125.0643,K,0.23945928921321652
TOI-5713 b,1.77,2.2554,M (red dwarf),0.7684856943603474
TOI-5716 b,0.96,3.4093,M (red dwarf),0.7538396759102824
TOI-5720 b,1.09,41.7,M (red dwarf),0.3882693114809752
TOI-5726.01,2.554,338.95,G (Sun-like),0.14067091606064977
TOI-5728 b,1.31,3.512,M (red dwarf),0.7719306012907518
TOI-5734 b,2.1,56.3778,K,0.3226186746865922
TOI-5736 b,1.56,493.4827,K,0.1854730072518206
TOI-5777 b,3.09551273,21.9209,K,0.39718831824141804
TOI-5786 b,8.54,374.462,F,0.10253795796059552
TOI-5788 b,1.528,175.1,G (Sun-like),0.19514022788287436
TOI-5788 c,2.272,49.8,G (Sun-like),0.28014311853057294
TOI-5789 b,1.26,360.2797,K,0.25667074054062
TOI-5789 c,2.86,8.7194,K,0.526763342515109
TOI-5789 d,1.91,15.2098,K,0.48203841648435036
TOI-5789 e,3.43,5.5729,K,0.5756710094756456
TOI-5795 b,5.62,240.6761,G (Sun-like),0.13276320372104367
TOI-5799 b,1.733,11.91,M (red dwarf),0.4763076616570994
TOI-5799 c,1.76,2.4202,M (red dwarf),0.7560959868109032
TOI-5800 b,2.46,274.163,K,0.20263736023336398
TOI-5803 b,3.2732,73.722,K,0.27682055509381825
TOI-5817 b,3.08,126.8632,G (Sun-like),0.19043858746855194
TOI-5882 b,11.46678726,4792.5,G (Sun-like),0.03896148888978071
TOI-5916 b,11.35469745,51.7,M (red dwarf),0.18938613422799325
TOI-5926 b,7.56807148,157.644,G (Sun-like),0.14293352065848522
TOI-5938 b,3.82,249.273,K,0.19356241041246075
TOI-6000 b,0.94,258.7482,M (red dwarf),0.180459022741355
TOI-6002 b,1.65,1.6823,M (red dwarf),0.8328204884128189
TOI-6008 b,1.03,41.5,M (red dwarf),0.391650099015303
TOI-6016 b,13.67495645,940.0,F,0.06575416771377059
TOI-6019 b,12.3,249.6501,G (Sun-like),0.10744409960694042
TOI-6029 b,14.39233122,806.794,F,0.0684253574989688
TOI-6034 b,11.92,43.0,M (red dwarf),0.1991754440549554
TOI-6038 A b,6.41,716.0,F,0.08786666712926842
TOI-6041 b,4.55,22.4,G (Sun-like),0.31608580811697295
TOI-6041 c,10.5,4.42,G (Sun-like),0.42850452503171316
TOI-6054.01,2.64,570.0,F,0.11652457162335866
TOI-6054.02,2.82,285.0,F,0.14639892145720582
TOI-6080 b,3.32424168,168.812,G (Sun-like),0.16960192495498636
TOI-6086 b,1.18,26.8,M (red dwarf),0.43839914749728615
TOI-6109 b,4.8704,39.9451,G (Sun-like),0.2557484891057507
TOI-6109 c,4.8326,63.3913,G (Sun-like),0.21867231590661879
TOI-6130 b,14.3474953,1150.0,F,0.06050022557135891
TOI-615 b,18.97680433,1286.0,F,0.053969903475166524
TOI-620 b,3.76,20.8,K,0.38851373370012227
TOI-622 b,9.2362001,602.0,F,0.08514388045946869
TOI-6223 b,5.07,41.8646,K,0.2992933530027681
TOI-6255 b,1.079,588.9944,M (red dwarf),0.18513528330694784
TOI-628 b,11.88154,1052.9,F,0.0655893665420815
TOI-6281 b,1.92416074,4181.02,K,0.1117815153649222
TOI-6303 b,11.59,14.28,K,0.3405383997648539
TOI-6324 b,1.059,284.211,M (red dwarf),0.22476473126008417
TOI-6330 b,10.89,9.97,M (red dwarf),0.33163083089061424
TOI-6383 A b,11.29,51.3,M (red dwarf),0.19017620184510323
TOI-6393 b,2.75958542,39.0679,K,0.3425905910015028
TOI-640 b,19.2794468,1150.12,F,0.05587928594309892
TOI-6420 b,11.93756445,106.619,F,0.14558443453886444
TOI-6448 b,8.47398941,28.1152,G (Sun-like),0.2514202477338617
TOI-6478 b,4.6,0.0003,M (red dwarf),0.055573443089306805
TOI-654.01,2.378,65.0,M (red dwarf),0.2533061131351443
TOI-6564 b,16.39873876,1257.4271,G (Sun-like),0.056580484474168344
TOI-6628 b,10.98480109,20.0861,G (Sun-like),0.26323617338614735
TOI-663 b,2.27,49.1,M (red dwarf),0.2815559656589602
TOI-663 c,2.26,22.3,M (red dwarf),0.36839392416652494
TOI-663 d,1.92,12.9,M (red dwarf),0.4554752202214293
TOI-6651 b,5.09,817.0,G (Sun-like),0.08873081336402282
TOI-6677 b,5.83507112,2.09,F,0.6050159354879839
TOI-669 b,2.58606487,388.2,G (Sun-like),0.13382195983530756
TOI-6692 b,11.67975789,182.3533,G (Sun-like),0.12151121615066984
TOI-6695 b,9.52763359,85.9385,F,0.16636636603632296
TOI-6695 c,13.6,4.9413,F,0.38766354653503915
TOI-6699 b,2.32645266,150.91,K,0.2400352366308181
TOI-6707 b,5.72673066,1226.7862,F,0.0748233131159672
TOI-6716 b,0.982,4.4,M (red dwarf),0.7045202248556389
TOI-672 b,5.31,39.8,K,0.30085029886192993
TOI-674 b,5.25,38.4,M (red dwarf),0.25462706532677654
TOI-677 b,13.11450742,37.6345,F,0.20326282705225726
TOI-682.01,3.74186,234.46,K,0.1973457660460487
TOI-6894 b,9.5836785,5.54,M (red dwarf),0.4108472584101381
TOI-6954 b,3.63524486,124.569,K,0.23480532492091166
TOI-697 b,2.35859364,117.5495,G (Sun-like),0.20669704433467842
TOI-700 b,0.914,4.98,M (red dwarf),0.6727052973046456
TOI-700 c,2.6,2.64,M (red dwarf),0.6858392728271998
TOI-700 d,1.073,0.85,M (red dwarf),1.010969856908103
TOI-700 e,0.953,1.27,M (red dwarf),0.9500278451570209
TOI-7008 b,4.94735276,1679.35,K,0.11943555008629146
TOI-7009 b,3.71,42.4124,K,0.31679535257228575
TOI-7041 b,11.43316031,143.259,K,0.182891832205399
TOI-707 b,2.416,10.9718,G (Sun-like),0.4589291544421601
TOI-712 b,2.049,22.6,K,0.4238091952280615
TOI-712 c,2.701,3.08,K,0.7038107408335013
TOI-712 d,2.474,1.6,K,0.8294295707203392
TOI-7149 b,13.2,20.6,M (red dwarf),0.2487098904419896
TOI-715 b,1.55,0.67,M (red dwarf),0.8639040537309283
TOI-7155 b,2.40821473,116.253,K,0.2566286220974853
TOI-7166 b,2.01,1.07,M (red dwarf),0.8793726923253252
TOI-733 b,1.992,207.1,G (Sun-like),0.17543238443879505
TOI-7333 b,2.09469416,53.9635,K,0.32688661347633036
TOI-7384 b,3.56,4.9,M (red dwarf),0.5414406557577749
TOI-7510 b,7.31,1678.5119,G (Sun-like),0.0631326000415504
TOI-7510 c,10.81,92.4087,G (Sun-like),0.15700998122375334
TOI-7510 d,10.52,20.6036,G (Sun-like),0.2639708349243111
TOI-756 b,2.81,127.0,M (red dwarf),0.19411850583000692
TOI-756 c,13.0,0.24,M (red dwarf),0.41198736951283965
TOI-757 b,2.5,24.3644,G (Sun-like),0.35044191662626806
TOI-762 A b,8.33948164,17.0012,M (red dwarf),0.2987146669308076
TOI-763 b,2.28,182.935,G (Sun-like),0.17844215931192345
TOI-763 c,2.63,64.3196,G (Sun-like),0.24906656332833596
TOI-771 b,1.36,14.0,M (red dwarf),0.521240041680387
TOI-771 c,1.5,3.0,M (red dwarf),0.7862412524417565
TOI-776 b,1.798,11.5,K,0.5285022070899129
TOI-776 c,2.047,4.9,K,0.6573684012657521
TOI-778 b,15.4,734.672,F,0.06943590033697826
TOI-782 b,2.734,5.91,M (red dwarf),0.542334273742782
TOI-784 b,1.93,413.894,G (Sun-like),0.1386177264445463
TOI-799 b,2.06631784,199.6326,G (Sun-like),0.17645242384503357
TOI-808 b,2.20344362,60.3881,K,0.31376897451423763
TOI-813 b,6.71,23.1,G (Sun-like),0.2848640107141789
TOI-815 b,2.94,36.9,K,0.34438379561271176
TOI-815 c,2.62,8.03,K,0.5482317412562675
TOI-824 b,2.926,412.0,K,0.17773081846174427
TOI-833 b,1.27,270.0682,K,0.2730251274376123
TOI-836 b,1.704,78.838,K,0.30249847775393646
TOI-836.01,2.587,26.707,K,0.3874032629577926
TOI-837 b,9.16894621,164.0,G (Sun-like),0.1342644450077097
TOI-849 b,3.64,2314.06,G (Sun-like),0.06661923401133599
TOI-858 B b,14.06727078,908.9,G (Sun-like),0.06603381754499288
TOI-871 b,1.664,24.78,K,0.42664115663446145
TOI-880 c,4.95,73.9967,K,0.2561351046570045
TOI-880.02,2.19,301.8661,K,0.2010553007006588
TOI-883 b,7.17166228,91.5488,G (Sun-like),0.17495074785025236
TOI-892 b,11.99363,571.007,F,0.08103084833509765
TOI-904 b,2.426,8.3169,K,0.5506043834220916
TOI-904 c,2.167,0.5449,K,0.8263634858614617
TOI-905 b,13.125739,337.0,G (Sun-like),0.09512179050583552
TOI-907.01,9.6158851,1729.6714,F,0.05826146644973672
TOI-908 b,3.186,80.884,G (Sun-like),0.22096403964477185
TOI-912 b,1.93,15.0,M (red dwarf),0.4331664197084946
TOI-913 b,2.4528,35.2422,K,0.36049177368285057
TOI-921 b,3.53409617,426.7683,F,0.12109638556482717
TOI-929 b,2.68983343,59.7261,K,0.30431720013839897
TOI-938 b,4.82401567,220.735,G (Sun-like),0.14191347585320452
TOI-941 b,6.51165317,166.575,G (Sun-like),0.14557814867224808
TOI-942 b,3.89,261.858,K,0.1905395642614267
TOI-942 c,4.67,59.2488,K,0.27563212573104806
TOI-954 b,9.550068,1393.0,G (Sun-like),0.06295559424658201
TOI-969 b,2.765,188.0,K,0.21994148007077613
TOI-969 c,12.4,0.0208,K,0.2397239314349799
TRAPPIST-1 b,1.116,4.153,M (red dwarf),0.7565795003847132
TRAPPIST-1 c,1.097,2.214,M (red dwarf),0.885665435137266
TRAPPIST-1 d,0.788,1.115,M (red dwarf),0.9459771528972044
TRAPPIST-1 e,0.92,0.646,M (red dwarf),0.9076609855570869
TRAPPIST-1 f,1.045,0.373,M (red dwarf),0.852638257366817
TRAPPIST-1 g,1.129,0.252,M (red dwarf),0.7644184436447365
TRAPPIST-1 h,0.755,0.144,M (red dwarf),0.5911908621765171
TYC 0434-04538-1 b,12.7,107.3772,K,0.1928763711768473
TYC 1422-614-1 b,13.3,47.0221,K,0.2376630951187303
TYC 1422-614-1 c,12.5,11.9278,K,0.3519780000815668
TYC 2187-512-1 b,12.5,0.0279,K,0.2593088498446585
TYC 3318-01333-1 b,13.1,8.1115,K,0.3871088408879972
TYC 3667-1280-1 b,12.8,543.953,K,0.13101451584073065
TYC 4282-00605-1 b,12.4,456.431,K,0.13685907939868436
Teegarden's Star b,1.05,1.08,M (red dwarf),1.029449456562919
Teegarden's Star c,1.02,0.35,M (red dwarf),0.8423843757125944
Teegarden's Star d,0.954,0.12,M (red dwarf),0.57929390989666
TrES-1 b,12.66617,318.4582,G (Sun-like),0.09793767498932095
TrES-2 b,15.24424,903.864,G (Sun-like),0.06475906361709606
TrES-3 b,14.975,1025.5022,G (Sun-like),0.06225832620395857
TrES-4 b,18.04649,2276.295,F,0.04480330309050108
TrES-5 b,13.383546,442.993,K,0.13601626955633134
V0391 Peg b,13.1,9.375,A (hot),0.32212969638152933
V1298 Tau b,9.41,33.2,K,0.28135103791061816
V1298 Tau c,5.08,146.0,K,0.21187525292302017
V1298 Tau d,6.53,85.0,K,0.233735476962872
V1298 Tau e,10.17,10.0,K,0.38726513893321596
V830 Tau b,14.0,370.0414,K,0.1405045073996123
WASP-1 b,16.623,2121.5175,F,0.046948675501154793
WASP-10 b,12.106,174.0323,K,0.1723442831781956
WASP-100 b,14.90797,5502.8822,F,0.03463057034442124
WASP-101 b,16.02887,1089.171,F,0.059860862069560206
WASP-102 b,14.90794433,1293.0,G (Sun-like),0.05748003748964911
WASP-103 b,17.127,6568.6932,F,0.031361034105379056
WASP-104 b,12.745,867.7365,G (Sun-like),0.0688925041525935
WASP-105 b,10.76064,166.5368,K,0.17812758755400232
WASP-106 b,12.10569916,327.8307,F,0.09811548768408093
WASP-108 b,15.13212395,1360.1641,F,0.05624621275019816
WASP-110 b,13.19297028,279.0,G (Sun-like),0.10146303470001387
WASP-113 b,15.793481,821.405,G (Sun-like),0.06632983703117613
WASP-114 b,15.008851,2978.2048,G (Sun-like),0.042852511020196674
WASP-116 b,13.67495645,663.0,F,0.07428836933048784
WASP-117 b,11.88154,706.3929,F,0.0754105284745377
WASP-118 b,16.14096,6586.47,F,0.03183482774561224
WASP-119 b,15.6926,907.8624,G (Sun-like),0.06415941023139526
WASP-12 b,22.02564708,8220.584,F,0.02708253090027378
WASP-120 b,15.58048317,1818.5489,F,0.05041752754777928
WASP-121 b,19.52604438,6216.41,F,0.030859132952663102
WASP-123 b,15.13212395,758.324,G (Sun-like),0.06899418057732751
WASP-124 b,13.89916,748.0,F,0.07091437875441421
WASP-126 b,10.51358773,759.3374,G (Sun-like),0.07592010172472671
WASP-127 b,14.694999,703.971,G (Sun-like),0.07136777229548191
WASP-129 b,10.42437,345.7201,G (Sun-like),0.10015651310058712
WASP-13 b,13.67498,617.309,G (Sun-like),0.07616536116475053
WASP-130 b,9.97601,56.355,G (Sun-like),0.19016361162746648
WASP-131 b,13.74221034,995.3724,G (Sun-like),0.06436742181823753
WASP-132 b,10.09929161,58.5,K,0.23713885143148783
WASP-132 c,1.841,791.0,K,0.16152209828771003
WASP-132 d,12.8,0.0363,K,0.27742379486476776
WASP-133 b,13.56289,2054.7956,G (Sun-like),0.05012859284893796
WASP-135 b,14.5717,917.4101,G (Sun-like),0.06520418205506805
WASP-136 b,16.81347105,1843.4633,F,0.0491627540241945
WASP-138 b,12.21781,1133.73,F,0.06344701585681671
WASP-139 b,8.9672,120.7076,G (Sun-like),0.15021022564807587
WASP-14 b,15.46842,1356.33,F,0.05597167955919056
WASP-140 b,14.23540549,491.326,G (Sun-like),0.0816116544717053
WASP-141 b,13.56289,1061.5542,G (Sun-like),0.06315469000610316
WASP-142 b,17.14977,3140.9238,F,0.040584228971734145
WASP-144 b,9.52765,775.8849,G (Sun-like),0.07729737565067805
WASP-145 A b,10.0881,313.4012,K,0.15453224936254206
WASP-147 b,12.498035,639.4923,G (Sun-like),0.07704546328165474
WASP-148 b,8.47398941,72.699,G (Sun-like),0.18164799723910788
WASP-148 c,13.9,17.377,G (Sun-like),0.2595971052598833
WASP-149 b,15.24421375,1966.0,G (Sun-like),0.04934843599082907
WASP-15 b,15.80469,1237.7366,F,0.05745974758929769
WASP-150 b,11.99363,854.7074,F,0.07037639316993664
WASP-153 b,17.37395,1400.0,G (Sun-like),0.05365410795908084
WASP-154 b,10.76062147,162.0,K,0.179364691809954
WASP-155 b,13.45077684,771.0,G (Sun-like),0.07078137609807861
WASP-156 b,6.02802815,150.0,K,0.20387376149074254
WASP-158 b,11.99363,903.013,F,0.06903665163598727
WASP-159 b,15.46842,1599.92,F,0.052829788905250925
WASP-16 b,13.67498,481.917,G (Sun-like),0.08304702545833484
WASP-160 B b,12.21781,210.575,G (Sun-like),0.11421182363847092
WASP-161 b,12.811887,990.0,F,0.06569860656008046
WASP-162 b,11.209,121.918,G (Sun-like),0.14128133848058347
WASP-163 b,13.473218,1200.0,G (Sun-like),0.060611208056067796
WASP-164 b,12.643752,1043.2122,G (Sun-like),0.06473241987627447
WASP-165 b,14.12334,1373.5324,G (Sun-like),0.05709527968544022
WASP-166 b,7.06167,440.0,F,0.10168793104329321
WASP-167 b,17.71022,3208.41,F,0.03993583247950115
WASP-168 b,16.8135,278.886,F,0.09511458060427173
WASP-169 b,14.616536,1486.8579,F,0.05502827468635813
WASP-17 b,20.96083,1292.19,F,0.05244478813595451
WASP-170 b,12.285064,680.0,G (Sun-like),0.07575196755959822
WASP-171 b,10.98482,1200.24,G (Sun-like),0.06395487293212582
WASP-172 b,17.59813,1506.5,F,0.05211529979746879
WASP-173 A b,13.4508,1920.0,G (Sun-like),0.051445842140030236
WASP-174 b,16.10730527,901.9,F,0.06385919082812527
WASP-175 b,13.540472,649.429,F,0.0750238262713479
WASP-176 b,16.869545,1703.2413,G (Sun-like),0.050497028331078705
WASP-177 b,17.71022,279.7736,K,0.143688625562835
WASP-178 b,20.28829,5550.0,A (hot),0.03177634894984937
WASP-18 b,13.89913607,5805.0,F,0.034629496457220015
WASP-180 A b,13.89916,918.3877,F,0.06600523742262225
WASP-181 b,13.271456,382.4492,G (Sun-like),0.09074711855666931
WASP-182 b,9.52765,756.261,G (Sun-like),0.07799264170750111
WASP-183 b,16.47723,268.7176,G (Sun-like),0.09687932528176015
WASP-184 b,14.90797,669.018,F,0.07237083361591545
WASP-185 b,14.01125,662.3252,G (Sun-like),0.07383647736674098
WASP-186 b,12.44199,853.1355,F,0.06974411374522413
WASP-187 b,18.38276,1594.76,F,0.050489601727001066
WASP-188 b,14.81827249,1278.0,F,0.0578081440866114
WASP-189 b,18.14733975,8083.7169,A (hot),0.028712463421128695
WASP-19 b,15.86070769,3320.0,G (Sun-like),0.04064904417519557
WASP-190 b,12.89035,747.132,F,0.07237497178702858
WASP-192 b,13.78707,471.142,G (Sun-like),0.08352417952453402
WASP-193 b,14.78464554,402.0,F,0.08665634222444979
WASP-194 b,15.47960235,1365.0,F,0.05583628110050495
WASP-195 b,10.31226224,890.0,F,0.07218305412849511
WASP-197 b,14.44837612,1276.0,F,0.058231184635402555
WASP-2 b,12.116929,492.0,K,0.13512859343571304
WASP-20 b,15.46839337,259.864,G (Sun-like),0.09969273111902752
WASP-21 b,11.99,705.0438,G (Sun-like),0.07528082396563494
WASP-22 b,13.78707,837.7034,F,0.06830849223127444
WASP-23 b,10.783,317.4314,K,0.1522799629231938
WASP-24 b,15.46842,934.465,F,0.0637600436653723
WASP-25 b,13.80946422,341.0,G (Sun-like),0.09346331835050166
WASP-26 b,13.56289,1225.5264,F,0.060060863926858006
WASP-29 b,8.63093,121.7724,K,0.20122491245440965
WASP-3 b,15.91678,1845.3,F,0.049874402742797745
WASP-31 b,17.363,970.9417,F,0.060989635256072754
WASP-32 b,10.76064,616.33,F,0.08117085878672184
WASP-33 b,17.855937,9392.0471,F,0.02736333695717785
WASP-34 b,11.209,229.962,G (Sun-like),0.11329507583738764
WASP-35 b,14.5717,758.1026,G (Sun-like),0.06970005352447255
WASP-36 b,14.874343,1422.6075,G (Sun-like),0.05562488960726141
WASP-37 b,13.002,545.3338,G (Sun-like),0.08060826098173321
WASP-38 b,13.78707,501.5014,F,0.08172211426776048
WASP-39 b,14.336311,316.269,G (Sun-like),0.09500006772108159
WASP-41 b,12.3299,344.149,G (Sun-like),0.09600106841097691
WASP-41 c,13.1,0.5573,G (Sun-like),0.5098324403795635
WASP-42 b,12.576498,137.118,G (Sun-like),0.13158971227077046
WASP-43 b,10.424,680.8953,K,0.12904504806297346
WASP-44 b,12.3299,533.0,G (Sun-like),0.08240222589173925
WASP-45 b,10.603714,294.0,K,0.15551305363752588
WASP-46 b,13.159366,1281.2408,G (Sun-like),0.05960973689125471
WASP-47 b,12.86,409.0,G (Sun-like),0.08938757938924517
WASP-47 d,3.65,145.0,G (Sun-like),0.17514851365021578
WASP-47 e,1.83,3740.0,G (Sun-like),0.06484092701935251
WASP-48 b,16.8135,3410.2601,G (Sun-like),0.03964334724791361
WASP-49 b,12.44199,615.4709,G (Sun-like),0.07817583471132902
WASP-5 b,12.184,1559.4762,G (Sun-like),0.05679375643462781
WASP-52 b,14.24,605.7625,K,0.12584846139330458
WASP-53 b,12.038466,241.6656,K,0.15928526749460498
WASP-54 b,17.71022,1639.1072,F,0.05051336263633766
WASP-55 b,14.72860064,504.0,F,0.08015772643536268
WASP-56 b,10.53646,447.82,G (Sun-like),0.09125109735621488
WASP-57 b,11.76945,702.385,G (Sun-like),0.07574908420515562
WASP-58 b,16.02887,404.7112,G (Sun-like),0.08460385198181529
WASP-59 b,8.687,38.0328,K,0.2754704853033452
WASP-6 b,12.5428494,288.0,G (Sun-like),0.1016956644717445
WASP-60 b,9.86392,925.4935,G (Sun-like),0.07202828032000637
WASP-61 b,15.80469,1062.0298,F,0.060619932642097175
WASP-62 b,14.79588,1817.8874,F,0.05112543566107797
WASP-63 b,15.80469,1103.2708,G (Sun-like),0.05981772575251978
WASP-64 b,14.247,1563.6374,G (Sun-like),0.05443794163964352
WASP-65 b,12.464,957.0053,G (Sun-like),0.06696697147696398
WASP-66 b,15.6926,1434.7739,F,0.05467069464270809
WASP-67 b,12.89035,188.1062,G (Sun-like),0.1171207297426829
WASP-68 b,14.79588,843.4794,G (Sun-like),0.066874860008869
WASP-69 b,11.21,180.5564,K,0.17324974689004957
WASP-7 b,14.90797,612.686,F,0.07462986639949876
WASP-70 A b,13.047,649.1548,G (Sun-like),0.07577690368539139
WASP-71 b,13.22662,3384.6097,F,0.04237865237330726
WASP-72 b,14.45961,6233.7915,F,0.03342295067268843
WASP-73 b,15.91678,2242.3605,F,0.04658743805233034
WASP-74 b,15.24424,531.159,G (Sun-like),0.0779812558487649
WASP-75 b,14.235,1657.0,F,0.05335674924733016
WASP-76 b,20.78145022,4104.0,F,0.03508647229250187
WASP-77 A b,13.56,1440.0,G (Sun-like),0.0567702310921909
WASP-78 b,21.63337,4812.6238,F,0.032823528661670216
WASP-79 b,17.14974047,1645.9887,F,0.05087849554534892
WASP-8 b,12.66617,209.118,G (Sun-like),0.11340509414725546
WASP-8 c,12.5,0.0314,G (Sun-like),0.21788874908706454
WASP-80 b,11.197791,72.442,K,0.2192323305945837
WASP-81 b,16.017661,1034.0911,G (Sun-like),0.06096844013173646
WASP-82 b,18.15858,3557.29,F,0.038260094019631215
WASP-83 b,11.65736,238.875,G (Sun-like),0.11066021477644267
WASP-84 b,10.72,34.6952,G (Sun-like),0.22034146926635423
WASP-84 c,1.95,1452.18,G (Sun-like),0.0892160473966216
WASP-87 b,15.524465,4170.0965,F,0.037748539466859375
WASP-88 b,16.36514,1489.5543,F,0.053354862406883044
WASP-89 b,11.65736,278.8533,K,0.1548481092515524
WASP-90 b,18.27067,1704.4939,F,0.04940954965260876
WASP-91 b,11.54527,332.5562,K,0.1488503218072651
WASP-92 b,16.376349,1622.2528,F,0.05177626397038427
WASP-93 b,17.900773,2531.1336,F,0.04326503458647441
WASP-94 A b,17.71022,1009.38,F,0.05984693358468474
WASP-94 B b,14.1,2000.0146,F,0.050085040256681
WASP-95 b,13.78707,2841.0562,G (Sun-like),0.0445621574713488
WASP-96 b,13.45,517.0,G (Sun-like),0.0813909832263397
WASP-97 b,12.77826,1414.87,G (Sun-like),0.05802637858882351
WASP-98 b,12.823096,269.8828,G (Sun-like),0.10342083250746895
WASP-99 b,11.43318,2005.426,F,0.052887131556450084
WD 1856+534 b,10.4,0.181,K,0.4525651743585498
WTS-1 b,16.7,554.9183,F,0.07494243960943917
WTS-2 b,15.277867,2544.6509,K,0.0950629028805058
Wendelstein-1 b,11.5609626,113.6142,K,0.19361475601406397
Wendelstein-2 b,12.9934728,282.3101,K,0.1514550238720015
Wolf 1061 b,1.21,7.34,M (red dwarf),0.6396497673513036
Wolf 1061 c,1.66,1.3,M (red dwarf),0.8779262572246509
Wolf 1061 d,2.69,0.06,M (red dwarf),0.39178465109406496
Wolf 1069 b,1.08,0.652,M (red dwarf),0.9603096366362741
Wolf 327 b,1.24,233.9,M (red dwarf),0.2326098947452656
Wolf 503 b,2.043,69.6,K,0.3048774100985977
XO-1 b,12.77826,321.85,G (Sun-like),0.09734942112572412
XO-2 N b,11.130537,428.036,G (Sun-like),0.09138510861854704
XO-2 S b,10.9,41.519,G (Sun-like),0.20635694920235026
XO-2 S c,13.6,3.3572,G (Sun-like),0.43210656053210433
XO-2 S d,13.0,0.0253,G (Sun-like),0.20035579321107758
XO-3 b,14.79585452,1161.72,F,0.05979335971279716
XO-4 b,14.01125,1112.27,F,0.061597780751542354
XO-5 b,12.78,397.4799,G (Sun-like),0.09043275742993341
XO-6 b,23.20263,580.386,F,0.06748241523619072
XO-7 b,15.389957,1540.0,F,0.0536127947199968
YZ Cet b,0.913,8.21,M (red dwarf),0.5782406003981257
YZ Cet c,1.05,4.72,M (red dwarf),0.7374095901816029
YZ Cet d,1.03,2.7,M (red dwarf),0.8528734064246759
alf Ari b,13.4,59.6537,K,0.22259200834892023
alf Tau b,12.7,220.442,K,0.16126221133335555
bet Cnc b,12.6,274.8541,K,0.1532422957620933
bet Pic b,18.49485,0.0885,A (hot),0.27673689855062344
bet Pic c,12.5,1.2305,A (hot),0.5585578291463471
bet Pic d,14.12331568,0.0133,A (hot),0.15714277084445835
bet UMi b,12.7,273.9958,K,0.1531393913694835
eps CrB b,12.7,101.7001,K,0.1955924593953925
eps Eri b,13.8,0.0306,K,0.2604022643006167
eps Ind A b,12.7,0.001,K,0.11562008044929627
eps Tau b,12.7,22.147,K,0.2952536822010463
gam Cep b,12.7,2.6076,K,0.5200696947071525
gam Lib b,13.7,45.374,K,0.23848314149252403
gam Lib c,12.8,14.6916,K,0.3304174124402962
gam Psc b,13.6,33.5227,K,0.25940006846928165
gam1 Leo b,12.5,228.5105,K,0.16033874184549904
iot Dra b,12.4,24.9999,K,0.28696766684265657
iot Dra c,12.2,0.1402,K,0.4074447467718467
kap CrB b,13.4,1.7376,K,0.5604359330556627
mu Leo b,13.3,51.7863,K,0.23155192118771156
nu Oct A b,13.3,8.5848,K,0.3798596602036975
nu Oph b,12.0,25.1924,K,0.2884069099446614
nu Oph c,12.0,2.3098,K,0.5417558995016436
ome Ser b,14.0,77.1527,K,0.20611248724703157
omi CrB b,13.7,135.8368,K,0.17906176157778492
omi UMa b,13.0,8.4795,K,0.3831445065343274
psi1 Dra B b,13.5,0.1079,F,0.32073508921266153
rho CrB b,13.7,34.7,G (Sun-like),0.20655453340735958
rho CrB c,5.68,9.85,G (Sun-like),0.39236688538790643
rho CrB e,1.75,151.5473,G (Sun-like),0.20033306965084452
tau Boo b,12.8,1333.7826,F,0.05920996710479891
tau Cet f,1.81,0.2782,G (Sun-like),0.6784036180539552
tau Cet g,1.18,27.9835,G (Sun-like),0.4327728770082095
tau Cet h,1.19,8.3829,G (Sun-like),0.6172957027337889
tau Gem b,12.1,241.3109,K,0.15919460842567695
ups And b,14.0,955.9835,F,0.06496081739658867
ups And c,12.3,4.8931,F,0.3992417916056299
ups And d,12.5,0.5308,F,0.51052061583495
ups Leo b,14.2,45.3174,K,0.23677475022371208
xi Aql b,13.4,149.8624,K,0.17546349536582784
