toi,pl_orbper,st_teff,sy_dist,predicted_score
7347.01,60.8344877,3736.0,227.337,0.8817420379420032
5311.01,39.0536929,3793.0,243.32,0.8798168338804789
7390.01,81.3716681,3861.0,61.7605,0.8702839124313442
7125.01,21.7276636,3437.0,115.061,0.8628228910256545
2094.01,18.7931749,3457.0,50.0248,0.8494286581281885
7622.01,40.8216519,3919.0,250.961,0.8437388401254893
4632.01,63.1448519,4152.0,65.4707,0.843048119755327
450.01,10.7148661,3054.0,53.5063,0.8370585335012269
798.01,95.2391755,4270.0,121.052,0.8355940485047081
7522.01,21.7262508,3318.0,162.646,0.8352831493217358
5738.02,28.5462089,3717.0,91.2062,0.8237211109640761
5987.01,48.7130843,3943.0,122.896,0.8183715621216808
6714.01,4.7674421,2824.0,26.741,0.8139577420768935
7026.01,65.5580424,4340.0,228.15,0.813064435716892
454.01,18.082622,3321.0,78.7806,0.8097614169724855
1433.01,12.4379715,3275.0,67.9631,0.784534388828652
687.01,36.2995129,4253.9,42.4467,0.7802065096037173
7709.01,20.9202791,3508.0,121.6466,0.7581428121838236
7694.01,13.6715652,3366.0,69.0634,0.7466310788965614
3494.01,7.748612,3230.0,33.7173,0.7371077595789677
4567.02,23.5422422,3830.0,91.313,0.7357396382090816
7274.01,8.908871,3267.0,107.811,0.7340713292857753
5579.01,19.8628449,3595.0,115.906,0.7319864396534297
7464.01,20.0417055,3560.0,113.903,0.7319763168229074
5722.01,61.3191144,4911.0,315.535,0.7303808423054221
210.01,9.0105414,3275.0,42.8091,0.7292748033519589
5728.01,11.4974559,3444.0,54.7045,0.7254932511571708
785.01,18.6286102,3783.0,65.5548,0.7233131797451554
1764.01,47.3860753,4415.0,87.2876,0.7216671215686346
6225.01,8.555965,3376.0,83.7373,0.7193558897399215
3761.01,25.8944827,4375.0,215.482,0.7155031101030239
7840.01,20.400339,3817.0,165.908,0.7128705132299988
573.01,13.5773431,3404.0,88.3935,0.7113259013105956
6857.01,10.0512067,3428.0,145.095,0.7101570247016313
5836.01,8.4498763,3330.0,145.911,0.709869510339805
6998.01,27.035894,4225.0,160.932,0.7073913202484314
218.02,8.3522143,3146.0,52.3428,0.7072678263772539
713.01,35.9993588,4316.7,69.3653,0.7025064108500199
7620.01,145.1966742,5156.0,340.284,0.7018499347345794
711.02,35.9432773,4356.0,118.28,0.6968767749178568
789.02,12.9707041,3471.0,43.407,0.6959538306446211
5207.01,24.6951647,3850.0,156.815,0.6957710610402533
698.01,15.0867738,3570.0,63.3731,0.6940597836914063
2495.01,7.795385,3356.0,43.0789,0.6938722904039015
1806.02,8.1960758,3272.0,55.5211,0.6921467350677943
5554.01,26.694279,3997.0,39.4478,0.6912733760592658
870.01,22.0379547,3927.0,53.8027,0.6897432890495045
3275.01,20.5020769,4511.0,311.738,0.6883145578889498
5723.01,170.6465146,5695.0,575.831,0.688019549980096
6716.01,4.718569,3190.0,18.8873,0.68699616352833
7440.01,34.0796886,4517.4,268.804,0.6765526372698326
5711.01,16.303675,3729.0,85.34439,0.6756945825722828
2605.01,20.6006151,3821.0,36.2852,0.6693058364871899
7614.01,21.7456169,3944.0,339.305,0.6624731283668999
7296.01,170.3363911,5621.0,485.38,0.6621761891491691
2441.01,12.8900899,3478.0,84.5243,0.6565445630750604
2083.01,17.969639,4410.0,146.594,0.6541413040602013
2142.01,9.3004351,3472.0,27.7525,0.650342571531586
6505.01,15.8951857,3792.0,231.356,0.6467493533139799
2540.02,22.0819969,4036.3,19.1419,0.6450691752181309
806.01,21.9166429,4130.0,104.44,0.6447368987155768
7738.01,22.539834,4588.0,255.176,0.6437676428768155
7015.01,7.0687489,3368.0,164.557,0.6434921687864811
876.01,29.4829022,3955.0,78.1864,0.6433839764051467
1802.01,16.7961107,3859.0,60.6931,0.6415666891695893
722.01,15.3004892,4082.0,57.6851,0.6377062600487018
7384.01,6.2335155,3211.0,66.7902,0.637270533842258
7249.01,6.0387706,3374.0,186.949,0.6343754176884072
4310.01,29.5667355,4159.0,40.0268,0.6328866709042714
5112.01,15.532806,3973.0,43.8372,0.6327585534601573
7405.01,15.4474502,3635.0,274.983,0.6287806811101975
4572.01,13.4755461,3710.0,61.7358,0.6263209186017169
789.03,8.0432343,3471.0,43.407,0.6240826191133834
5655.01,29.120986,4248.0,71.811,0.6238674921433461
7309.01,7.7561532,3462.0,146.612,0.6222863965293866
1754.01,16.2143217,3849.0,81.5511,0.6179847161127622
6569.01,5.9337178,3322.0,233.338,0.6168415266215308
1083.01,12.9802953,3614.0,68.9109,0.6151229496923989
4807.01,17.6868627,4496.0,153.227,0.6136034312206994
5737.01,19.4480946,3966.0,118.505,0.6120159169668449
5151.01,92.1950434,5643.0,485.421,0.6116550825617649
5176.01,20.3550739,3728.0,268.685,0.6101051634482089
2411.03,19.8889892,4099.0,59.5362,0.6077070120908921
6898.01,18.1070683,4024.0,57.17,0.6028987543675655
6852.01,16.7382238,4551.0,182.425,0.6017800373291871
5584.01,18.6300789,4092.4,69.0641,0.5955365078386542
4049.01,31.4001189,4953.0,353.826,0.5909942110509797
711.01,18.3841259,4356.0,118.28,0.5879355296710311
5519.01,5.8512587,3443.0,37.4763,0.5873973812446259
6525.01,731.3548427,5794.0,703.497,0.5871773717979629
5741.01,24.0004143,4579.0,86.8854,0.5864449756043288
6904.01,16.8267434,3944.0,80.8057,0.5818954462733544
6758.01,12.6136992,3719.0,72.9383,0.5815625291781227
3750.01,12.4844641,3815.0,156.504,0.5788830667290585
7544.01,4.8744903,3394.0,99.9963,0.576179795372337
5757.01,32.6116713,4626.0,316.349,0.5734554497404125
7481.01,12.3832847,3894.0,64.6096,0.572725265417769
6245.01,3.2149937,3106.0,22.1852,0.5722869773723026
5611.02,26.7159918,4741.1,191.341,0.5700717075022922
2457.01,14.1993538,4045.0,61.425,0.5691364269764851
5538.01,23.899595,4736.5,310.197,0.5678952081632305
5416.01,13.0086903,3799.0,117.782,0.5673091690846875
213.01,23.5199045,4566.4,54.3256,0.5641253511075986
5663.01,45.0854117,5013.0,383.712,0.5640242203486985
7610.01,22.1441161,4658.27,155.052,0.5629077470656637
4555.01,522.6272677,6199.0,96.7153,0.5621566072567807
4643.02,10.7387039,3782.0,40.1036,0.5619257567252552
7494.01,11.4212059,3555.0,148.033,0.5612000044312678
4629.01,714.6970956,6324.0,92.0015,0.5604567864749127
5981.01,7.0142458,3721.0,70.6891,0.558889996734995
6992.01,15.1389808,4448.2,82.7081,0.5579441175642156
5033.01,5.4695364,3465.0,37.3076,0.556375732352306
6783.01,6.0368213,3445.0,161.561,0.5541801834516312
4356.01,579.6472035,6855.0,204.982,0.5534978331097692
714.02,10.1775475,3782.0,53.8473,0.5532256643084821
7686.01,14.0016382,4002.0,332.5,0.5529846919385581
2952.01,10.7844934,3558.0,88.6944,0.5523904904736398
4630.01,721.5621758,6294.0,85.3751,0.5522142363226757
288.01,711.7473963,6530.0,215.387,0.5515855679289171
4191.01,742.8561164,5816.0,83.9132,0.5510229383141337
1895.01,748.0739416,6762.0,206.229,0.548622169978156
1894.01,739.2389832,5611.0,178.372,0.548528570306252
4344.01,731.4808779,5854.0,232.265,0.5484102009424834
5414.01,10.7833596,3892.0,357.23,0.5479098315390031
240.01,19.4723016,4333.0,74.881,0.5471730698732951
4503.01,710.6982018,5334.0,62.505,0.546981932534338
699.03,672.6366236,6138.6,193.29,0.5461470999037563
1782.03,18.7559765,4336.0,95.2649,0.5447731306709767
6559.01,733.3796728,5878.0,177.911,0.543780209282385
6076.01,720.5742399,6665.4,221.682,0.5437785164745832
1082.01,16.3469053,4310.0,100.248,0.5425301398626314
5990.01,700.9622566,5626.0,102.798,0.5420326394343562
4185.01,16.5414219,4395.6,99.0303,0.5412807066478665
6403.01,742.682809,5931.0,517.363,0.5403882758089275
6599.01,2.2059167,3087.0,16.9227,0.5402523830342633
706.01,719.0381327,5709.6,94.697,0.5398900992147161
2080.01,63.5809449,4868.0,141.436,0.5368770283241338
6668.01,718.652003,6002.0,98.2118,0.536129757688323
5389.01,10.4014008,3526.0,190.568,0.5359040085585852
2269.03,10.4029111,3872.0,82.1896,0.5355856980243663
4554.01,703.9376608,5490.0,88.0207,0.5353811096089344
7580.01,19.5099226,4617.0,109.996,0.533605414625374
7049.01,40.3833862,3236.0,20.0182,0.5335044577902249
4298.01,722.2619756,5857.0,125.077,0.5327686618805696
2079.02,9.3174113,3577.0,37.066,0.5326450857384699
5571.01,731.4778512,6250.4,303.081,0.5320481365290618
4614.01,13.8338893,4225.95,101.255,0.531887200627486
6690.01,761.7092276,5599.17,159.053,0.5318275546169124
5721.01,729.4823472,5881.4,140.084,0.5316912519350985
932.01,19.3106015,4444.0,85.3837,0.5314984387212222
5581.01,33.5386891,4947.0,191.145,0.531055973345377
4563.01,743.4843888,5342.0,156.348,0.5298000035285119
4361.01,741.4238314,5944.0,98.2063,0.5277676304087041
5724.01,697.4037698,6060.54,50.4126,0.527680826777648
2321.01,716.3497402,5645.84,120.535,0.5272194890772477
6160.01,40.7401072,5081.0,286.532,0.526961394716188
2291.01,9.405877,3869.0,69.3787,0.5268900558630514
5564.01,760.0530038,5722.0,251.487,0.5261452906650982
4305.02,374.3644315,6200.0,159.007,0.5247476127664662
6267.01,733.9910938,5699.6,118.021,0.5244914739501491
233.01,11.6700285,3644.0,33.773,0.5241094377194665
7032.01,17.7456043,4526.0,26.6423,0.5240750203460834
5626.01,716.2159783,5699.0,122.745,0.5235388539442181
6665.01,735.797917,5972.63,109.972,0.5222281754934938
563.01,731.9380939,5383.0,157.152,0.51917377184171
5341.01,20.6875239,4660.7,273.76,0.5184401217569857
2089.01,49.9950015,5274.27,187.927,0.5180319322530031
316.01,13.32379,4312.0,275.027,0.5175125937448493
4324.01,6.2509468,3479.0,17.038,0.5166744431987533
789.01,5.4470648,3471.0,43.407,0.5163575545684123
6848.01,7.5954765,3768.0,181.602,0.5163032230572516
7391.01,7.4108495,3578.0,73.2382,0.5162628233174054
6408.01,8.0924283,3821.0,268.499,0.5160393235476309
6303.01,9.4852479,3848.0,152.219,0.5155471082829098
5968.01,753.822332,5940.0,122.831,0.5148021875699201
1812.03,48.3320223,5059.36,172.534,0.5122151233820966
4348.01,602.2450921,6128.0,136.786,0.5121230306243536
5610.01,7.9454767,3714.0,274.922,0.5107052677270548
1861.01,742.5142746,5490.0,135.758,0.5097261387114653
5578.01,13.4659853,4340.0,158.202,0.5094793928315976
2411.02,13.0512115,4099.0,59.5362,0.5093876445273103
2540.01,12.7187255,4036.3,19.1419,0.5083419984906112
4828.01,19.0286016,4733.0,332.884,0.5074929143931263
6900.01,13.9223368,4468.0,121.118,0.5074069161523697
705.01,47.0196372,5249.18,191.058,0.5069396346768381
913.02,1469.8512039,4948.0,65.1769,0.5064465555836485
3868.01,18.565813,4671.0,215.045,0.5062444977245926
6499.01,9.0441543,3642.0,260.803,0.506096797380895
2294.01,340.3877311,6424.0,191.396,0.5052370243211786
6851.01,12.0101118,4073.0,137.666,0.5036273467573478
4642.01,3.6022377,3266.0,23.651,0.5019179479049558
6644.01,42.7305626,5247.0,308.178,0.5017324875825858
233.02,7.2011383,3644.0,33.773,0.500845702648534
1873.02,900.1930987,5699.0,182.014,0.5004727546427234
6498.01,22.5095172,4952.0,332.357,0.5003275769390934
4109.01,12.320331,4103.0,153.444,0.5003126769326579
4706.01,735.982363,5309.0,217.627,0.49919327329447527
5527.01,346.1614828,5862.0,144.866,0.49913998123050396
1656.01,1112.7562924,6324.0,106.477,0.4988370303578222
7269.01,11.656295,4004.0,141.905,0.498799780530181
533.01,19.5715862,4666.1,123.391,0.49786294108471835
2425.01,50.6939885,5216.0,159.676,0.4971739487538017
2105.01,15.9152686,4718.0,72.9091,0.4964558448695148
3848.01,15.9544918,4798.0,362.075,0.49523867432873936
6527.01,5.389491,3493.0,336.274,0.4928688443952499
2441.02,5.5514857,3478.0,84.5243,0.49243377413602446
6985.01,748.7146251,5235.0,46.2206,0.49133924646107274
5735.01,2.1208156,3222.0,22.914,0.4909881317613344
7430.01,21.4930896,4734.0,149.191,0.4907043559766644
4054.01,17.356719,4697.0,287.646,0.4898627436597182
5975.01,373.0381637,6508.0,349.787,0.4897636570393032
5489.02,4.9212788,3547.0,45.0907,0.48927885114244435
7371.01,18.9104241,4801.0,349.236,0.4883069584044409
6640.01,16.9356875,4758.0,201.413,0.4851704349776344
6924.01,91.9283414,6118.4,468.308,0.4840366376058931
809.01,183.458919,5804.3,195.029,0.482901382073703
6690.02,904.5347981,5599.17,159.053,0.48280534079833026
7281.01,4.3095502,3195.0,84.8926,0.482358410034346
4508.01,3.4672779,3383.0,33.4412,0.4821144342764784
6905.01,1083.5575987,6002.0,445.903,0.48136180821545954
6041.01,1094.062167,5359.0,72.4731,0.4806328679135603
5879.01,4.0331416,3355.0,167.333,0.47980982644366604
1379.01,1132.0244686,5984.0,366.242,0.4761135157942502
1892.01,1837.8897313,5256.0,97.4697,0.474711785883739
6337.01,6.8793455,3993.0,228.091,0.47428255504185707
279.01,11.4707838,4140.0,74.3761,0.4725700794343875
1745.01,5.984871,3759.0,84.0287,0.47209549081242164
2913.01,7.0317936,4269.0,265.527,0.47170707882711915
7413.01,3.8037696,3326.0,114.604,0.4712095532592866
5256.01,21.1968768,4934.0,352.109,0.47116483244361
7212.01,75.6979471,5422.0,368.476,0.47066749701918476
5310.01,11.2036244,4329.8,188.541,0.47060465735367146
873.01,5.9312003,3797.0,76.9563,0.4700280518222178
4360.01,3.0749507,3246.0,43.2301,0.4686833268894809
6295.01,1106.220834,6199.0,420.683,0.46782436101542124
5312.01,46.1965072,5397.7,321.637,0.46768917432235896
5498.01,18.2050594,4880.9,285.229,0.4652346558390208
4958.01,748.8277169,6713.0,477.519,0.4646101285384851
5778.01,6.0962241,3769.0,236.52,0.4643567819277801
5139.01,5.9471027,3859.0,131.219,0.46414336063022077
5010.01,6.7107895,3980.0,420.252,0.46401493353966466
1565.01,1099.2560385,8494.0,328.658,0.4635410059635962
1643.01,20.0795217,4763.0,40.6988,0.46344294676918757
4556.01,3.792456,3319.0,36.6717,0.4620772635050243
707.01,52.7993058,5409.22,130.959,0.4616372674494604
5560.01,702.469227,6781.59,408.274,0.4609896190850046
6480.01,750.2395535,7459.0,564.158,0.4606654489269739
5667.01,19.511064,4951.8,390.189,0.45993269049795216
7054.01,14.7595601,4708.0,129.214,0.4583490894890947
805.01,4.1177649,3376.0,51.8767,0.45717026702048424
7060.02,1064.700399,6009.6,191.394,0.4566303303622688
772.02,744.2007603,5184.0,135.371,0.4562619260098394
6957.01,160.6760208,5389.7,176.682,0.4560960416195231
6250.01,1076.6094165,5848.0,121.523,0.4552707708523003
6482.01,1483.5175058,5782.0,910.154,0.45517118492599556
1746.02,3.8776815,3340.0,62.55347,0.45495393833719533
4728.01,6.0879495,3971.0,196.016,0.4538809818396439
5715.01,6.2822993,3827.0,56.1495,0.4535615914473763
5998.01,9.3380252,4066.0,95.6465,0.4524499100286836
6708.01,4.2290856,3264.0,49.5741,0.4520945922502072
7006.01,51.9120896,5437.0,339.348,0.45159213009384586
6936.01,10.298566,4201.6,134.941,0.4493468800272694
4459.01,5.7475343,3750.0,254.968,0.4493418853059163
1697.01,10.716524,4067.0,83.7441,0.44915719355031974
5525.01,2.7521595,3288.0,42.753,0.4488331106456593
1274.01,19.3203478,4968.1,178.141,0.44804788978019855
2009.01,1071.0898448,4755.33,20.5272,0.4471187090473557
7723.01,6.3340388,3800.0,163.382,0.44674996043179677
3485.01,11.8413467,4554.0,56.8792,0.4465776987352089
936.01,7.936533,4320.0,238.321,0.44618213739485363
6249.01,1092.002299,4813.0,47.9491,0.44480888739707064
1027.02,11.02875,4272.0,56.3449,0.44434616666372295
7618.01,6.7722112,4001.0,93.54,0.44391769788704916
4573.01,10.7155521,4207.0,72.8333,0.443633060862047
5131.01,9.4813433,4427.0,215.18,0.44344754749910437
2293.01,6.0683318,3668.0,62.7576,0.44306633209103985
6330.01,6.8498533,3522.0,139.042,0.4429722176334084
7581.01,226.2820777,6067.0,207.419,0.44244445279812644
7378.01,7.0814677,4024.0,59.9538,0.44229583857612226
5671.01,3.3079817,3380.0,167.245,0.4412673786757342
292.01,10.3688702,4463.0,295.784,0.44093090229360465
7715.02,6.8896201,4006.0,56.9967,0.4399593368131645
7673.01,27.4839254,5065.5,628.945,0.4382170993350643
1741.01,10.9406641,4324.0,61.9251,0.4380734638090062
2296.01,139.2632286,5373.01,135.723,0.43724194659958115
7185.01,2.6881318,3244.0,59.6029,0.4341948949113089
7288.01,7.9871247,4254.0,132.076,0.43220786224098845
2455.01,4.720489,3553.0,143.9793,0.4318049457473556
7644.01,14.0580067,4788.0,395.576,0.4316044060789178
4576.01,10.4834062,4271.0,54.9588,0.4314525061033314
6558.01,9.5327064,4504.0,70.5122,0.43056242555989144
278.01,0.299039,2955.0,44.397,0.4298143025627389
2091.01,177.2188871,5809.0,70.2105,0.42955783603969244
6449.01,2.4404127,3356.0,215.005,0.42857828193755415
5696.01,1637.265104,5271.0,66.4522,0.4282591027804715
7665.01,24.303103,4867.0,65.4252,0.4276209134498016
6284.01,3.4475935,3548.0,21.0197,0.4273174076772029
6526.01,14.7478214,5167.0,355.397,0.4271384074482365
875.01,11.020153,4407.0,106.12,0.4267785855331582
133.01,8.1995368,4028.0,48.6326,0.4263103921340978
7082.01,2.253174,3340.0,101.892,0.4253074372192879
810.02,90.8479191,5704.59,232.47,0.4247879041470915
2086.01,41.7540004,5337.0,202.265,0.4243815931466427
5023.01,2.2749988,3199.0,119.693,0.4239007233418432
5053.01,9.8830331,4456.0,216.915,0.42324678266018045
4326.01,1826.0790324,6034.49,57.7233,0.42274215765789963
7550.01,4.9843963,3775.0,103.36,0.4225219814478494
2331.01,4.7150942,3798.0,163.356,0.42216908381312224
6528.01,1484.1934287,5602.0,449.808,0.42187955671543576
4622.01,1.2969404,3003.0,297.693,0.4214956881652971
6762.01,5.1778752,3599.0,325.609,0.4213004604340287
4590.01,25.9213509,5011.0,72.1096,0.4209521195553295
5598.01,6.2948747,3584.0,248.266,0.4207289448020856
709.02,777.0516742,50000.0,1350.32,0.4207032293687232
6925.01,5.9785287,3674.0,324.628,0.41969653526864653
4113.01,22.1575175,5174.0,148.616,0.41942158155867076
6165.01,4.3172876,3744.0,262.682,0.41906320164681055
5575.01,32.0736228,3176.0,56.6893,0.41767744563319936
6929.01,719.5740937,4854.0,267.625,0.417132956876401
761.01,10.5557332,4368.0,66.8154,0.41662070393372047
1746.01,2.5253323,3340.0,62.55347,0.41660863465585835
4643.01,5.0256637,3782.0,40.1036,0.4162343403484911
302.01,6.70145,4130.0,195.124,0.4153574424396524
3893.01,9.0576962,4485.0,222.228,0.41524969036917037
6601.01,32.5444769,3230.0,168.1966,0.4152122027779858
7357.01,60.3541599,5658.0,307.53,0.41444876679591613
2072.01,3.167981,3546.0,39.1185,0.41424402736130383
5489.01,3.1522131,3547.0,45.0907,0.41415158560058174
2276.01,76.8663962,5482.02,68.1461,0.4140244637168184
6703.01,49.6178223,5494.7,151.189,0.41384109572195604
5777.01,6.9171675,4208.0,114.277,0.41378169871961257
7753.01,10.6780539,4376.25,125.95,0.41349234810930013
5532.01,5.6539689,3975.0,90.9985,0.413235560492873
2016.03,25.3369848,5175.0,115.834,0.4126211634898788
2081.02,5.1097197,3742.0,62.3446,0.41244948876862253
2090.01,230.92212,6395.0,203.217,0.4124455240850397
2137.01,14.1502269,4882.0,244.755,0.4114412252693081
6446.01,4.2240015,3724.0,230.066,0.41132639367307355
7516.01,6.2494565,3544.0,203.362,0.41063134686361175
900.01,4.8495236,3861.0,121.037,0.41048636817179135
2275.01,20.1546939,4863.0,138.034,0.4104770765579181
7437.01,2.5726086,3163.0,84.913,0.41022967515101305
727.01,4.7244442,3653.0,42.972,0.41000373927466277
1763.01,3.797872,3520.0,88.0677,0.4091524526697337
6484.01,18.2457829,5057.0,212.659,0.40860739041782024
6091.01,5.1855507,3921.0,94.6679,0.407166112840635
5696.02,32.429738,5271.0,66.4522,0.4066362168438849
2640.01,0.9112206,2999.0,131.444,0.40659255570281666
932.02,7.9856481,4444.0,85.3837,0.40489630231048956
2398.01,19.4061437,5099.0,195.153,0.4046247535185955
3713.01,10.4401778,4571.1,224.513,0.4045502759710907
3361.01,10.5634342,4688.0,136.169,0.40445478448810745
5197.01,20.5773388,5062.0,232.248,0.40433846215685615
3312.01,5.3890264,3930.3,450.91,0.4042227673770089
249.01,6.6153188,4157.0,70.6272,0.404084468105966
2295.01,60.06632,5660.0,126.279,0.403960818036971
2892.01,14.9502738,5068.0,374.866,0.403644840931847
2710.01,10.7448417,4701.0,278.402,0.40362047342539115
4719.01,14.3953055,4850.0,239.104,0.40358231714371795
5952.01,45.7138545,5513.0,219.386,0.40352645591855224
4646.01,8.9299483,4379.0,169.637,0.4024618865329777
5941.01,11.0771916,4738.0,161.365,0.4024007371781096
7654.01,26.9701399,4819.0,297.836,0.4003775964149722
6317.01,4.244335,3518.0,170.038,0.40026853139449614
6629.01,4.3664669,3598.0,233.304,0.39974124934729516
3086.01,10.9506335,4530.0,116.69,0.3991529362599765
7580.03,12.2971298,4617.0,109.996,0.3984800373145422
2104.03,15.1808746,4907.0,76.7418,0.3982034243843362
1958.01,14.6483913,4851.6,496.731,0.39768103342763195
5031.01,4.5314275,3605.0,3154.91,0.3974975991508601
7758.01,4.1757292,3565.0,180.562,0.39746736419545087
6577.01,729.9391752,5136.9,214.986,0.39735315623508316
5307.01,5.2976347,4031.0,105.824,0.39712090055000393
1245.01,4.8204512,3692.0,80.0982,0.39701562188348644
5628.01,4.3415097,3427.0,110.03,0.39688745490277777
797.02,4.1400062,3704.0,56.1927,0.3968275360197085
3456.01,17.0298529,5022.0,222.115,0.39647203449448626
2288.01,8.9172211,4066.0,132.907,0.3961351496586746
5511.01,4.7174703,3628.0,106.339,0.39481787682918323
880.03,14.3318853,4935.0,60.6679,0.3945705932202188
4510.01,194.2432864,7923.0,373.289,0.39450440014607013
7482.01,5.8767209,4111.0,282.602,0.3940445680525188
3223.01,4.633735,3905.6,2825.07,0.39374683029393887
6909.01,4.4284676,3893.0,299.837,0.3926204427582241
6293.01,13.3673993,4831.0,322.06,0.39151642255631036
1105.01,10.8680523,4664.0,79.5225,0.3914415736827727
7342.01,14.1532848,5063.0,341.908,0.39123195870928984
2454.01,8.5063687,4431.2,91.9976,0.3911272357981867
5733.01,8.2751966,4388.89,102.462,0.39059798918290034
933.01,88.9350637,5546.9,300.423,0.3905822142075332
2297.01,22.048775,4836.0,168.911,0.39006200300046145
7291.01,23.9712428,5238.0,282.083,0.38986968076019785
7460.01,46.1578388,5801.93,660.138,0.38986423374237605
4328.01,703.79367,4709.0,25.0039,0.38963863569351753
475.01,8.2617663,4105.0,58.7502,0.388969678585598
5611.01,11.3630224,4741.1,191.341,0.38858189189032805
5996.01,109.0502946,8953.0,547.169,0.38819394038490673
4358.01,97.6087634,5830.0,66.1798,0.3877394441997556
1805.01,24.0510453,5232.43,142.849,0.38738278679827315
1750.01,11.3373614,4765.0,162.46,0.3872249288848282
6832.01,5.1392756,4014.0,139.371,0.38623294559040255
6841.01,13.9285074,5103.41,344.681,0.38614742703113675
4424.01,17.7424733,4926.2,67.266,0.38536674786583314
1057.01,51.1701501,5599.0,98.2855,0.38517186867591674
6078.02,25.0882806,5212.0,68.6994,0.3847007026340141
714.01,4.3239329,3782.0,53.8473,0.3840528676303351
5595.01,5.9900508,4119.0,136.955,0.3829751964045011
2501.01,5.3262922,4066.0,93.8832,0.382253773324831
6815.01,17.9217736,5144.1,364.427,0.3811326419146877
6249.02,15.5739143,4813.0,47.9491,0.38046814869269224
2479.01,36.8382429,5363.1,104.896,0.3791466975472422
2596.01,16.2709828,4811.0,127.734,0.3789165638887237
7833.01,13.8615779,5009.0,369.017,0.37874571063020723
6293.02,405.0756576,4831.0,322.06,0.37800214032911716
5601.01,9.5197732,4541.0,313.795,0.37629532318469794
2619.01,12.4724734,4966.0,377.66,0.3753200162218552
7597.01,50.6660684,5815.0,625.863,0.37510001591163494
5274.01,6.1313492,4310.0,245.857,0.3748100739418665
7821.01,13.6915593,4885.47,820.972,0.3745507496202917
2453.01,4.4414275,3609.0,81.9043,0.37364831126981185
553.03,40.8905117,5465.0,108.159,0.3735498488660429
4297.01,16.5272651,5030.0,132.887,0.3734435604582574
5285.01,4.3852176,4076.0,187.506,0.37294785143319176
6724.01,42.8614655,5703.4,250.491,0.3724402236534322
4305.01,183.0019106,6200.0,159.007,0.3708144418730116
5115.01,13.8240078,5129.0,207.618,0.37060602074624355
7489.01,15.1458746,5018.0,80.721,0.3700264213828218
5295.01,4.3023572,3504.0,140.9938,0.3698451997404801
458.01,17.5288347,5164.0,76.6986,0.3696337750471627
7062.01,10.5137924,4942.0,47.6049,0.3691234164546625
7740.01,10.1963799,4808.0,286.598,0.3688509833776284
2281.01,210.668358,6683.0,179.493,0.3686954967303827
2075.01,4.7981694,4065.0,74.1469,0.3681984633980751
6677.01,5.4496736,6760.0,340.52,0.36808096165079507
7090.01,60.6825768,5918.0,420.478,0.3673398276065523
1642.01,37.4590076,5730.0,338.948,0.36713276305149883
5570.01,23.1678315,5120.0,454.675,0.3670679422105107
5564.02,45.4964928,5722.0,251.487,0.36491642247704964
314.01,10.18108,4822.0,131.567,0.3641367534978361
5359.01,1.6817287,3174.0,175.567,0.3640818986238997
783.01,8.1125147,4498.94,55.3043,0.36352950347581264
5161.01,5.7519475,4181.8,157.656,0.36299729242452466
5526.01,10.864728,4788.0,106.204,0.3625498671632147
4676.01,13.291966,5042.0,428.86,0.36185889967223916
2808.01,9.4453763,4853.0,64.4886,0.3618523872449995
1803.01,12.8858629,4868.61,119.24,0.3618240627661599
2210.01,12.7846809,5077.7,483.235,0.361404923557641
4189.01,46.9621053,5744.0,69.6026,0.3607302637442166
7552.01,13.1742812,4906.0,117.353,0.3607016701001717
5433.01,4.1459886,3981.0,465.477,0.36006954181295997
6806.01,23.2490769,4849.0,127.824,0.3597994511580822
6405.01,6.7392054,4557.0,190.315,0.359532226782044
7079.01,12.1252851,4951.0,602.863,0.3592271599744104
7043.01,17.3840061,5228.2,64.2031,0.3584528472924775
204.01,43.8297863,5605.0,95.3428,0.3580813174428931
6850.01,6.0803777,4275.7,80.8163,0.35803362220777446
5333.01,11.4420309,4932.0,208.746,0.3577893661750352
4190.01,15.6062307,5067.0,121.494,0.3577616597889099
6578.01,2.7543175,3573.0,75.4617,0.3572890044314637
7812.01,3.4662325,3490.0,132.923,0.3561241126366852
6372.01,6.5587386,4337.0,93.6289,0.35507420735510203
6622.01,37.8575614,5980.0,750.839,0.35500853890465267
375.01,9.4546478,5001.6,396.213,0.3546332759472491
2073.01,53.1991439,5729.0,123.946,0.35381952379393866
6855.01,26.3333899,5309.0,295.36,0.3532512877844177
6844.01,3.8068712,3913.0,293.966,0.35324872470457097
2617.01,6.3187442,4961.0,467.32,0.3531725280611987
2023.01,11.1900486,4958.0,36.9284,0.353169827293647
7251.01,11.5588657,5029.0,260.179,0.3531200840188593
5956.01,0.9292334,3207.0,303.767,0.3529937025209544
2905.01,11.8790678,5163.2,804.13,0.3529597174662754
3459.01,8.4893234,5030.7,595.948,0.3508593891359852
1732.01,4.1192231,3876.0,74.7599,0.3506722475816993
3586.01,11.3201226,4971.0,232.183,0.35041255996865706
7040.01,21.0562422,5376.0,237.004,0.3500437905979032
5835.01,6.4226101,4977.0,407.252,0.3499142690499536
4418.02,25.7086236,5343.0,101.606,0.34958830237975247
1434.01,29.871853,5393.86,37.7873,0.34939483509991315
2286.01,179.4031712,6863.0,233.507,0.349012579931734
1847.02,12.7645811,5076.0,190.422,0.34886300398115017
5761.01,19.5422056,5221.0,192.846,0.34869796158816746
4302.01,38.7619532,5653.0,132.802,0.3469947585418538
2112.02,155.8237,7184.0,86.1058,0.34695814052968993
6430.01,3.6024986,3967.0,333.252,0.3466375132682692
5709.01,3.3810227,3600.0,44.6467,0.34635884833686376
7688.01,2.5395614,3444.0,102.613,0.34633600461520814
790.01,199.5779073,6988.0,167.218,0.3462816076304484
516.01,1.04855,3109.0,150.5,0.3461767795376109
1262.01,20.8774413,5396.0,93.2276,0.34576989225160404
5343.01,12.836391,5156.0,120.861,0.3453825314803158
2219.01,10.1688722,5161.7,687.409,0.34528794747005376
5641.01,2.1808015,3379.0,215.996,0.34504762106582926
4460.01,28.6648749,4818.0,82.2168,0.3449232370700219
6958.01,5.9815745,4403.0,338.369,0.3448476027989418
5600.01,10.717359,5047.0,378.06,0.3446778777042516
6521.01,3.581253,3873.0,358.254,0.3445935592060218
4066.01,6.7201811,4914.0,415.005,0.34442566534559155
7587.01,36.9078303,5689.56,433.746,0.3443104281734953
6227.01,3.0922512,3661.0,313.996,0.3443090430114853
6519.01,10.397262,4953.5,521.207,0.3442598957753053
7360.01,30.7331484,5607.0,706.661,0.34421054185791156
5937.01,21.0685273,5403.0,609.717,0.3441372348671717
6067.01,87.2129046,6236.0,173.577,0.34404165574413687
4296.03,12.4911003,4985.0,115.716,0.3438603323363232
2144.01,37.3415931,5452.0,105.806,0.3437347938282647
1106.01,11.1149,5042.0,523.425,0.34364461701305227
296.01,25.2580075,5290.0,471.798,0.34285581293898637
345.01,11.2237372,5136.0,516.33,0.34256235269099866
4114.01,4.8038539,4080.0,132.393,0.3422535744103537
2991.01,5.5809252,4455.0,213.888,0.3420370878686697
4295.01,11.3929129,5217.0,575.978,0.3417410835690165
3855.01,3.4952497,4304.8,321.733,0.3417303617421164
6626.01,1.2864856,3172.0,158.097,0.34171040634401584
4409.01,92.4918048,4930.5,179.419,0.34154742635618296
1814.01,6.3684627,4971.0,362.522,0.3415188115962547
4931.01,6.7635161,4847.4,330.511,0.34124807193612633
7084.01,21.8153374,5399.0,217.285,0.34117527113380786
703.02,22.5682711,5384.0,120.984,0.34106866544397024
6530.01,5.332805,4189.0,86.8636,0.34104469726229014
1812.02,11.6098182,5059.36,172.534,0.34103945295142524
6070.01,9.5128916,4998.0,140.442,0.3409763037409593
7379.01,10.9911631,4915.3,452.675,0.34031529887713835
7025.01,66.9954225,6078.0,429.239,0.34021766780473767
3690.01,10.0755592,4798.6,219.829,0.34002344075141727
6661.01,10.5789534,5164.0,190.991,0.33991064230555795
2074.01,177.5830512,6594.0,131.275,0.3395748749721467
4405.01,5.9214231,4361.0,155.501,0.3391770048029767
5059.01,8.7876771,4676.0,156.693,0.3390956754498689
5608.01,6.4424263,4661.0,250.177,0.3389325436177854
6294.01,9.288704,4753.0,217.443,0.3380364183384467
3913.01,4.0384773,4180.4,186.628,0.3380109434087571
1220.01,70.3607265,6308.0,273.698,0.3379582319555546
4898.01,2.7652293,3830.0,98.5958,0.3379538137540947
5036.01,17.7481897,5393.0,567.804,0.33771011670554285
4096.01,10.1045108,5053.0,306.261,0.33759721694947
2104.05,9.56111,4907.0,76.7418,0.3375620409758789
7665.02,9.0270152,4867.0,65.4252,0.33726925523591034
3276.01,7.0327412,5021.0,297.407,0.3372448771709846
5605.01,5.9133875,4374.8,95.0735,0.33623933061822575
4679.01,6.8170909,4955.0,320.502,0.33593902191780706
6529.01,7.4476397,4526.0,92.6712,0.3359255375709332
4117.01,25.0930011,5775.0,632.646,0.3355901483025178
6858.01,3.3024845,3634.0,61.1486,0.33548301244305145
3940.01,3.4895723,4315.0,250.357,0.335437660813518
493.01,5.944441,4383.0,107.355,0.3353979763640815
4913.01,6.5430693,4689.0,203.601,0.3344771455031774
6788.01,24.092358,5388.0,527.181,0.33439610005950615
1851.01,6.0179742,4567.0,274.942,0.3341066973932157
6288.01,18.0370154,5400.0,307.157,0.33393291400256053
4468.02,7.014001,4975.0,375.517,0.3338466494448886
5834.01,3.5242025,4485.0,178.827,0.33370797565817073
5047.01,7.3142625,4881.0,266.138,0.3335582404014963
7811.01,6.1178462,4972.24,493.805,0.3335427024529066
7667.01,16.9537015,5356.8647,530.836,0.33346136898173817
1345.01,8.47134,5146.0,788.93,0.3329472818003798
1209.01,40.7199388,5914.0,173.833,0.3328264881005306
7333.01,6.2644714,4568.0,157.217,0.33281187038052984
5505.01,11.1064221,5190.5,325.186,0.33271163099375867
2408.01,9.4636148,4935.0,186.328,0.3319515487550126
702.01,3.568141,4015.0,84.4039,0.33183937881211834
4941.01,3.5569996,4440.0,259.563,0.3314511973538759
2269.02,2.8411415,3872.0,82.1896,0.3311549208269997
7612.01,10.8739662,5150.0,174.685,0.33086707804503407
4017.01,7.0423707,4892.0,558.336,0.33070342916878487
2552.01,2.3701119,4007.0,102.256,0.3306915746780348
2519.01,6.9551242,4742.0,81.856,0.33067854095823135
5188.01,22.43341,5395.0,357.174,0.3304506435586442
7506.01,3.3335134,4056.0,379.959,0.33040282664427495
5619.01,37.9984529,5839.5,270.633,0.33016426242583224
7756.01,12.0550983,5167.0,207.148,0.3299257777423359
4464.01,8.0379975,5022.0,360.444,0.32990557114617786
3764.01,6.5718534,4773.0,502.731,0.3297402541689119
5378.01,5.2841676,4626.0,492.608,0.3297035069927673
363.01,8.22388,5177.0,440.102,0.3294301842012257
2450.01,17.8832414,5426.0,188.967,0.32928232107518973
6327.01,10.4612769,5208.2,345.666,0.3288155360736954
929.01,5.830149,4451.0,114.421,0.32879851790207437
1214.01,19.1807264,5262.4,107.048,0.3286401663796015
2470.01,7.1853092,4562.0,66.7536,0.32855921853414183
5532.02,2.3929801,3975.0,90.9985,0.32836778977454123
7145.01,23.2471066,5839.1,578.77,0.32836309615889947
6481.01,6.2796518,5159.0,318.741,0.32803703530208367
7011.01,19.394038,5493.0,518.602,0.3274534365658731
7708.01,7.4163881,4811.0,319.243,0.32745005993979875
5612.01,7.1314563,4701.6,334.412,0.32714073827939844
7141.01,2.4141149,3438.0,229.246,0.32688632398575346
6944.01,12.3027503,5181.1,121.757,0.3266427228929825
6633.01,6.5479496,4853.5,197.121,0.32660616942010734
4404.01,39.6251926,5869.0,286.115,0.3263705109904531
6793.01,6.5516113,4841.8,213.236,0.32634761455951555
6351.01,6.7510278,5024.0,575.503,0.32611074195291745
4093.02,17.7046155,5388.0,261.191,0.3259248358072281
5572.01,5.8586824,4571.0,78.0645,0.32586283835947616
4182.01,27.848697,5399.6,132.682,0.3256618085692783
6510.01,37.98781,5983.0,501.914,0.3255865447808934
7684.01,3.2129849,3982.0,283.239,0.3254914898967219
6454.01,22.5012924,5443.0,182.45,0.32525674568465485
7580.02,5.9284809,4617.0,109.996,0.3249707673690906
6192.01,3.563037,4490.0,217.319,0.32466975656335767
557.01,3.344904,3883.0,75.9623,0.3244841866457247
4351.01,20.1459438,5303.0,169.402,0.3243321598775266
1756.01,2.7830114,3756.0,86.7159,0.32414744850379995
4832.01,2.7805098,3949.0,256.922,0.32393579948506784
3842.01,3.6566206,4489.2,253.701,0.3230886719030858
7844.01,20.2550822,5364.0,144.057,0.32284955651405667
772.01,11.0163421,5184.0,135.371,0.32277258686662846
4288.01,6.0597,5036.0,372.21,0.32276561993836617
7592.01,18.0214321,5355.0,313.822,0.3225558648089822
4663.01,5.2916448,4397.1,230.3,0.32217243917975585
234.01,2.8392793,3642.0,249.345,0.32202665061568303
5644.01,6.640285,5035.9,256.116,0.32200633120542305
2535.01,16.4452725,5278.0,343.587,0.3218897719490384
5710.01,28.4064643,5415.0,114.555,0.32180353927107563
4626.01,17.4756122,5387.2,51.1333,0.32101083073724795
2133.01,3.8266587,4175.0,75.1973,0.320825822314251
6310.01,3.3528597,3896.8,96.6459,0.3208040564770467
2850.01,6.6329154,4608.0,106.964,0.3206884370467203
6978.01,9.1258136,4747.13,23.6103,0.3206373069704632
5034.01,8.7042937,5160.9,221.335,0.3202829811640623
7305.01,13.9753579,5382.0,503.368,0.3201761787989284
6290.01,17.6037996,5265.0,151.713,0.3201732008843464
6364.01,25.8866192,5326.0,390.021,0.32007737991709617
2103.02,20.2926468,4884.0,95.5156,0.3199347531509955
786.02,38.5539344,5853.8,167.948,0.3197948255232532
3414.01,9.7355768,5033.0,537.355,0.319603523782639
6176.01,9.6422713,4799.0,341.972,0.319550062702354
214.01,18.5536802,5346.2,38.96,0.3195489054628875
5552.01,28.6503407,5639.5,287.606,0.31947095680468285
2536.01,31.9919595,5780.0,631.951,0.3193528302768921
6393.01,9.5315703,5022.0,186.229,0.31915525761802166
3433.01,2.7765784,4348.2,210.527,0.3190703240722393
2699.01,5.8259928,4964.0,511.659,0.31882813281300765
5997.01,5.655018,4674.0,46.521,0.31864466242872536
4662.01,4.7034187,4481.0,111.047,0.31850108285166157
6434.01,2.7775786,3982.0,128.006,0.31823889048422255
797.03,2.7309449,3704.0,56.1927,0.3177653624725755
1740.01,19.428419,5366.0,114.046,0.3173995111938586
7279.01,3.1168715,3734.0,357.392,0.3172254828871118
5639.01,3.3957241,4479.0,211.145,0.3171428299327955
5614.01,4.172202,4313.0,223.016,0.31704213752202137
7256.01,8.5748036,5168.0,852.266,0.31679372104674614
2264.01,121.3342908,6140.0,189.22,0.3166793734506611
1216.01,4.5541831,4280.0,99.5413,0.3166734845536088
5423.01,5.7188414,4964.8,261.785,0.3165658097518207
6792.01,7.9605908,5081.5,267.086,0.3165200715285826
6608.01,7.3144752,5137.0,390.235,0.3162456862496704
6770.01,14.6768874,5230.0,407.089,0.3160293603867627
6621.01,4.2807848,4354.0,193.932,0.3160098202640278
4859.01,7.1878971,5144.9,434.224,0.3158156625678767
7036.01,3.0513298,3937.0,349.473,0.3156411772815109
5933.01,5.5901313,4743.0,326.203,0.3155655985505359
6299.01,4.7089027,4351.7,102.382,0.31553541400210894
6493.01,3.0667073,3808.0,104.516,0.31549067362886435
253.01,3.5104148,4020.0,30.8431,0.3147753136861692
4077.01,5.5679111,4887.0,302.435,0.31450220535254475
6457.01,41.4186335,6080.7,263.807,0.31399667615323085
3194.01,3.6179419,4460.0,293.249,0.31348690455581624
330.01,4.2794669,4314.0,200.326,0.31325271729087256
7203.01,5.7351935,5042.0,375.023,0.3131070194562049
6218.01,5.1570194,4476.1,159.96,0.31306384637238577
6079.01,104.2892798,6501.0,306.839,0.31279811426501586
5731.01,270.303816,4448.25,109.835,0.31263703210665983
7747.01,9.6505034,5168.0,346.393,0.3126204820929319
7567.01,5.8119593,4892.0,279.244,0.3125954911235959
2327.01,82.7899763,6115.0,100.351,0.3124252016117911
6973.01,31.6527509,5626.0,76.325,0.3124093995772344
6641.01,1.9647786,3314.0,297.833,0.3119966072537539
4205.01,5.9056572,5076.0,344.106,0.31189285248072723
6253.01,9.2347348,4902.0,163.316,0.311776996280104
6807.01,6.6210878,4790.0,353.575,0.31114354373619474
7366.01,3.753877,4049.0,145.189,0.31100374636033307
7377.01,6.7735083,5080.0,537.0,0.310912549069924
5175.01,6.8548465,4797.5,414.845,0.31086454634627425
707.02,17.4757465,5409.22,130.959,0.31063659184012865
2385.01,3.1581288,4367.6,401.837,0.31023547605120716
1803.02,6.2932111,4868.61,119.24,0.3101733722066293
7810.01,24.7301276,5756.0,812.124,0.31015212699358635
6438.01,16.1268294,4833.0,93.0359,0.31010824602041676
7021.01,49.5355004,6173.0,541.015,0.3096769811114159
6809.01,2.6855972,3822.0,295.344,0.3095829184938499
1412.01,4.731977,4223.45,81.0643,0.30835440707315687
5852.01,3.9956793,4348.0,255.965,0.30799062459659515
7554.01,2.2948595,3405.0,199.273,0.30733517103727037
3138.01,2.8740048,4270.3,260.826,0.3071358215075572
2086.02,20.261655,5337.0,202.265,0.30707862021816795
4675.01,3.5779775,3991.0,61.629,0.3068920107917869
5229.01,5.9184575,5087.5,273.283,0.30685919836168685
2100.01,23.6573994,5535.0,163.982,0.30632584744805363
4432.01,3.0413391,4034.0,209.435,0.30609257890807756
2639.01,15.3281169,5417.0,858.145,0.30577009305383007
3485.02,6.0379203,4554.0,56.8792,0.30574938566936416
4901.01,16.0462248,5295.9,454.749,0.30515153962314673
7459.01,8.9511797,4986.0,110.755,0.30512309973971197
1280.01,9.6926392,4665.0,92.4381,0.30469605286502144
5120.01,24.9163182,5778.4,229.962,0.3045629798848082
2208.01,0.6743453,3228.0,181.731,0.3043254274127267
4107.01,3.5322939,4003.0,153.899,0.30424189796806583
1239.01,12.6396982,5217.0,126.903,0.3042046356977013
4637.01,14.3540583,5142.48,112.147,0.30418979388696854
7691.01,2.7045293,4001.0,124.862,0.30383959403012684
6822.01,2.7492112,3794.0,282.982,0.3037353853437647
4338.01,7.4997158,4979.2,219.732,0.30367245434096973
435.01,3.352907,3978.0,165.285,0.30354328250363477
5775.01,2.4369467,3550.0,190.462,0.3029573998310901
1757.02,5.0097113,4428.0,104.346,0.3027715588807022
2189.01,4.4343277,4979.4,542.659,0.3026745146865513
2104.02,5.904369,4907.0,76.7418,0.3024656565624917
213.02,7.7565534,4566.4,54.3256,0.3021874297911771
3716.01,6.0985856,4740.0,197.528,0.30218722672458936
6203.01,25.1745344,5776.9,245.424,0.30200010597613663
2984.01,9.162268,4935.8,187.506,0.3015500080396465
4542.01,5.9167681,4781.0,284.21,0.3013258887778613
2656.01,7.7898378,5091.5,488.29,0.30099173895650577
5549.01,7.4323882,4921.0,208.148,0.30054032103009615
5402.01,3.3174026,4363.0,156.801,0.3003938271584909
7693.01,32.6045634,5576.0,230.53,0.3003742958726996
6614.01,25.0709977,5624.0,388.523,0.3001433519490931
7153.01,27.6174987,5469.0,293.366,0.3001118265637501
6164.01,3.6948038,4376.0,203.52,0.2999347228935238
5838.01,3.5982966,4458.0,218.118,0.29962883555638714
4410.01,26.0179101,5489.0,162.42,0.2993420314929364
7714.01,24.7349922,5627.7,264.855,0.29920668384860044
5011.01,2.6060495,4471.0,288.015,0.2988710325462153
7754.01,23.7290955,5858.16,426.445,0.29881481904546325
7826.01,24.3344025,5743.0,285.961,0.2987527925072127
1670.03,123.0586028,6453.0,168.067,0.29861588037820036
3064.01,0.6771668,3194.0,5724.18,0.2984905782146252
2462.01,12.8643168,5365.0,516.495,0.298420790037652
6755.01,5.7585993,5090.0,423.344,0.29831985630447205
6873.01,18.8204255,5450.0,60.1874,0.2981120536665134
2917.01,7.9018734,4976.0,785.617,0.29781843745401737
880.01,6.3872524,4935.0,60.6679,0.29754789159388023
5662.01,2.3144207,3687.0,88.7485,0.2974406145372474
6445.01,26.3926606,5543.0,345.036,0.29743189445363766
5172.01,4.7269294,4570.0,84.1815,0.2971598805315765
5225.01,22.9367426,5721.0,584.497,0.2970179151863765
5627.01,7.5575607,4893.71,193.533,0.2969100464132195
4129.01,3.2724973,4279.0,130.284,0.296806580428587
6022.01,1.9281092,3264.0,86.9388,0.2967713200765165
5568.01,16.2601049,5496.0,574.817,0.2961954050938541
7064.01,61.5555962,6298.0,144.581,0.2959783070593271
3111.01,4.640636,4539.0,726.621,0.2953294471417242
2989.01,3.1228396,4262.0,195.795,0.2948989809149454
5169.01,8.0387972,5002.0,36.2194,0.2948286918974056
7690.01,37.3522191,5840.0,70.9031,0.29429878763166917
797.01,1.8007935,3704.0,56.1927,0.29424526236050375
4163.01,21.5615248,5644.0,485.147,0.2941016559447421
2770.01,4.5697688,4976.0,731.074,0.2941007800704167
6827.01,4.4738444,4943.1,684.32,0.2940978865464971
1738.01,3.6985817,3948.0,142.042,0.2935147416414564
7449.01,12.915329,5424.0,457.72,0.29343741050626587
208.01,22.4586196,5493.0,148.372,0.293381297021677
5032.01,6.032661,5049.5,732.552,0.29318288034293305
5537.01,22.2897649,5772.0,370.57,0.29313927292432007
1215.01,1.2124493,3751.0,34.6633,0.2931289153086859
6099.01,5.2887576,4610.0,52.5883,0.29310231661618164
2774.01,4.4430866,4926.5,547.79,0.2928957933982079
1747.01,2.7546548,4435.0,70.1306,0.2928148289544132
3547.01,4.1632657,5145.0,644.514,0.2925746232125375
3397.01,3.6250244,3811.0,180.84,0.29256133444092514
4447.01,4.1596197,4230.0,268.37,0.2923366130545115
1103.01,2.94308,4437.0,320.212,0.29224509201314747
5567.01,13.62636,5260.6,431.019,0.2920974996711264
5084.01,5.8321337,4544.0,21.3575,0.2920170065628408
2278.01,1.4663344,3412.0,43.5829,0.2919262466494445
3398.01,6.2088405,4655.8,168.34,0.2913437516879424
6137.01,0.520403,3112.0,128.661,0.2906305753943654
1873.01,24.9341884,5699.0,182.014,0.2905363403379415
1027.03,5.0113292,4272.0,56.3449,0.29035171337558197
5551.01,2.40541,3768.0,99.7999,0.2899913183871175
7764.01,22.4340775,5807.0,324.314,0.28975919724203153
3318.01,12.8777188,5281.8,586.486,0.2895306472665024
7303.01,2.3368358,4439.0,91.8416,0.2893559845979406
5906.01,30.1181254,5809.0,283.463,0.2892025573562583
6831.01,57.1050077,5816.0,185.272,0.28889428039117465
7310.01,19.8088367,5601.0,698.95,0.2888691434545257
4631.01,33.6356252,5614.0,62.2978,0.2888266394042289
6027.01,2.8406462,4389.0,416.463,0.2883321689734493
3939.01,2.3466472,4477.0,262.301,0.28808616507971474
6511.01,21.5962209,6012.0,539.43,0.2878699927293139
7699.01,27.4713051,5874.0,420.632,0.2878256469766936
2876.01,6.2996307,5137.0,225.744,0.28767596536808465
2289.01,63.39545,5717.0,139.616,0.2876443397813243
3977.01,23.2547644,5627.0,221.536,0.2875360403543338
7196.01,2.7998534,4412.0,275.204,0.2875213857705651
5548.01,18.9690014,5551.25,134.736,0.28751296384584324
7455.01,13.2026423,5443.0,652.102,0.2874587855419407
5193.01,18.9972068,5469.0,253.938,0.28739321666697143
4071.01,6.5169955,4937.5,104.24,0.28734409708450753
695.01,21.3764237,5591.0,144.045,0.2871933019839279
6078.01,9.6703611,5212.0,68.6994,0.28703505418015923
7539.01,8.6001093,5237.17,313.421,0.2868382059128188
4650.01,2.6672418,4432.0,314.596,0.2865131457465983
325.01,4.36907,4391.0,180.753,0.28633920992995127
5400.01,19.8067259,5513.0,202.211,0.2861947410890063
3903.01,14.8496574,5296.6,545.646,0.2854802912274213
7753.02,4.8632352,4376.25,125.95,0.2852565617568248
512.02,20.2749388,5581.0,67.3975,0.28517937523749776
7829.01,21.1908211,5846.0,749.802,0.28504637201235933
885.01,2.56876,4312.9,693.394,0.2850391617044131
7639.01,10.4562977,5241.3,182.104,0.28502601779274445
5813.01,27.0525472,5615.0,121.745,0.2847304665483084
5977.01,0.4317124,3180.0,236.385,0.28412463752956657
218.01,0.4384814,3146.0,52.3428,0.2838848572055704
5233.01,25.763332,5795.0,248.564,0.28376002819540214
788.01,6.4872362,4997.0,184.204,0.2834610729080084
6791.01,18.8224069,5661.0,578.879,0.28333600421209154
7348.01,3.3390124,4436.0,176.341,0.28329445634725237
4144.01,16.9020565,5442.0,260.002,0.28311596421777674
6469.01,24.7104662,5876.0,310.479,0.28307080182202193
5156.01,22.8524131,5857.9,160.968,0.28301740913028345
6865.01,2.4465664,4185.5,211.088,0.28262592273928994
1976.01,7.6943096,4956.8,201.2072,0.2825922619406111
5331.01,22.7545332,5580.0,322.87,0.28242210141091956
7009.01,2.3206673,4231.0,184.12,0.28231049735991603
7052.01,2.8862017,4269.0,29.7194,0.28220413627547436
3498.01,4.8768783,4562.0,165.222,0.28207334722771293
5961.01,1.617487,3900.68,26.2533,0.28189631779679664
4168.01,29.3821476,6016.0,326.475,0.2818909750081821
5889.01,2.4013188,4224.0,200.902,0.2817672348958449
1154.01,21.745537,5704.0,93.8819,0.28135465983901375
6132.01,18.8155978,5641.0,643.588,0.2810927709841729
4692.01,4.0519584,5147.0,574.438,0.2805557332286384
4988.01,2.3696548,3986.0,446.614,0.280334173846191
808.01,9.7394089,5216.0,98.1848,0.28027419223328204
4923.01,12.9175271,5501.0,469.545,0.28023233767932465
4363.01,2.118659,4002.0,77.7751,0.28015436219134365
7116.01,18.9438583,5583.0,346.75,0.27997102667893925
6307.01,2.4589458,3810.0,323.375,0.279638661839525
1027.01,3.2834565,4272.0,56.3449,0.27934103917516145
3255.01,2.2458338,4377.0,256.899,0.2793400576106898
5854.01,4.449914,4910.0,385.952,0.27932186289412714
4557.01,32.291901,6013.0,220.465,0.2792855492254903
2626.01,3.4562767,4404.0,192.435,0.27922225870717376
5507.01,1.5068165,3514.0,24.4583,0.2792186183154426
2677.01,6.4967452,5186.9,230.6234,0.27909503484086373
3694.01,2.5400911,4245.0,188.226,0.27873758904541956
647.01,4.90765,4900.0,553.626,0.2784159371032595
807.01,5.2702557,4662.0,106.984,0.27793963707198843
7632.01,19.227477,5641.0,595.532,0.27785169381595637
7801.01,17.9697896,5508.0,118.232,0.2778333781791821
3457.01,32.6012979,6067.8,370.666,0.277788463125711
5300.01,2.2623535,4219.0,162.51,0.2774728648101876
6173.01,3.8753785,4637.0,786.433,0.27720531210004873
5635.01,25.0577354,5954.0,488.879,0.27712976936201406
4417.01,5.2574854,4846.0,56.8503,0.2770323408988939
6739.01,4.6588405,4768.0,252.074,0.2768646180729032
7354.01,3.648769,4939.0,732.535,0.2767752944720201
5324.01,5.0269053,4738.0,281.555,0.27672701559074847
4667.01,17.9450925,5681.0,652.129,0.2765679849741905
4932.01,3.9417247,4900.9,777.484,0.27647812108335207
4705.01,11.9140328,5359.0,454.797,0.2763608217278982
2600.01,5.3376282,4825.0,380.422,0.2762562655007923
6694.01,3.9759251,4693.0,401.307,0.2761642641737071
2654.01,2.967599,4396.0,248.964,0.27578991098842864
1074.01,13.9428705,5206.0,107.356,0.2754046471569389
5458.01,22.0632969,5762.0,187.103,0.2753904482046894
2476.01,3.8865992,4731.6,537.765,0.27534943451809063
7759.01,20.0077079,5850.0,591.587,0.2751897537213622
5403.01,12.8355591,5311.7,358.712,0.27505748030008986
1734.01,28.8745078,5773.0,156.571,0.275037048048524
1832.01,4.1508569,4652.0,270.313,0.2746939720365447
3346.01,4.8692603,4323.0,132.574,0.27460355660643315
6537.01,3.6477926,5005.4,428.196,0.274462146995279
3089.01,9.3096136,5229.0,314.298,0.2744557437661199
7018.01,20.3158735,5725.0,473.162,0.27428176002595595
2718.01,2.7625084,4694.0,373.363,0.2742396674588752
4798.01,5.5261155,4824.0,293.788,0.2741885612346984
6886.01,4.8003341,4664.59,229.607,0.27383961699528586
3112.01,4.2842284,4911.0,384.707,0.27358041175555353
7230.01,4.3041912,4856.0,421.043,0.27357264701711254
5859.01,3.3787501,3769.0,165.237,0.27355529173053283
6058.01,2.3673691,4403.0,47.6869,0.27347648093144733
5000.02,15.3392841,5483.0,470.92,0.27333953625174845
6384.01,2.4810218,3691.0,259.341,0.2732065136879019
6612.01,2.3207203,4390.0,180.958,0.2730627901653842
5436.01,11.9285531,5447.3,618.277,0.27290821187164577
3212.01,4.1943867,4515.0,272.762,0.27269509812488874
5814.01,6.254395,4986.0,104.955,0.2726643500345726
5938.01,2.260431,4452.0,114.035,0.2726639772057355
7375.01,27.1970496,5859.0,288.327,0.27264230602802086
2684.01,2.4756487,4633.0,330.145,0.2724429479214555
2915.01,5.1304425,5003.8,455.243,0.2724134881669703
4842.01,5.3374045,5064.7,696.792,0.2722669553593045
7677.01,11.9096401,5481.0,539.413,0.27210648621846983
5758.01,10.9299688,5555.0,592.293,0.272081762993646
2496.01,1.5746828,3273.0,196.683,0.272053875310138
5699.01,22.0183163,5901.0,304.745,0.27193260232768807
7631.01,15.6862385,5507.0,1042.84,0.27152423885174237
6309.01,28.8005547,6051.0,604.936,0.27122600420236803
7547.01,22.0089343,5969.0,795.661,0.2710330414575942
3481.01,4.9214799,5055.0,438.015,0.2709325541400413
2758.01,4.5302876,4693.0,314.062,0.27092271316861444
6276.03,7.8708661,4633.87,12.7781,0.2707924372407536
2962.01,4.0211797,4881.0,755.197,0.27075507883537514
6684.01,2.7086444,4848.0,401.464,0.27012507299391847
5730.01,1.9271225,3572.0,40.9866,0.270122814392733
6935.01,1.763034,3958.0,358.433,0.2700379566948349
7504.01,9.4715404,5216.0,117.196,0.2698199325931008
5499.01,4.8038446,5019.0,335.455,0.2694565265871057
6997.01,16.179367,5576.0,436.991,0.2691600112883037
1229.01,31.8132264,6028.84,254.584,0.26909360874554716
5781.01,5.38265,4942.0,675.318,0.2690265016029417
7584.01,18.6883288,5567.0,261.346,0.2690233101800944
518.01,17.87897,5596.0,159.814,0.26901180850934525
6394.01,13.026976,5817.2,606.491,0.2689747470404268
4961.01,7.4793374,5078.0,213.073,0.26895402995620565
7268.01,13.5647678,5528.0,464.942,0.2688415263377639
7769.01,3.143678,4447.0,180.302,0.26856340081491076
2820.01,13.3454771,5448.0,374.417,0.26830657801318625
2393.01,18.84184,5603.0,372.18,0.26806018019087224
4004.01,5.3798996,4930.3,515.607,0.2679814274610974
2705.01,18.010652,5740.0,759.341,0.2675798583159771
6513.01,2.4214702,3642.0,340.166,0.26752692227590474
7791.01,10.514189,5556.0,699.953,0.2671517888716248
1533.02,8.0637954,5053.0,100.051,0.26690563382314453
7031.01,1.7911016,3718.0,295.802,0.2668342156438142
5325.01,15.057596,5948.0,339.049,0.2667824639378606
810.01,28.3057042,5704.59,232.47,0.26673514422369093
3730.01,2.5404529,4837.0,960.168,0.2667205025899823
3888.01,5.3298577,4773.0,318.317,0.2666631892987105
359.01,16.45209,5573.0,715.834,0.26640754006554235
6587.01,17.0116833,5668.0,338.067,0.2663781808505974
5561.01,2.0074528,3449.0,272.64,0.2663504512839917
3226.01,2.3720554,4668.0,419.587,0.2662358690860565
7608.01,26.663112,6053.0,723.202,0.2661245217482502
5486.01,2.0247088,3654.0,89.6811,0.2660393250751374
3108.01,6.900352,5205.8,410.81,0.26589366078851506
2946.01,4.9186433,4394.0,171.017,0.2658548279744501
2566.01,4.2102425,4927.6,343.975,0.2658529575592702
3923.01,4.1377886,4964.3,880.411,0.26550137719023914
1638.01,0.9150623,3810.0,126.283,0.2652120809417215
5633.01,17.2837172,5600.0,265.924,0.2650878937672452
811.01,25.1760133,6025.9,284.002,0.2649995109076066
7356.01,17.3986129,5589.0,164.15,0.26494503397976826
3832.01,24.0819851,5952.0,505.207,0.2649041653136071
6150.01,1.3094686,3818.0,209.656,0.264745066402375
5591.01,12.8665269,5465.0,356.237,0.26470526973762865
5974.01,1.7266943,3487.0,25.6553,0.2642612282274528
1212.01,105.5850893,5909.57,190.986,0.26390715845862944
6485.01,17.0180939,5782.0,843.379,0.26380220754880584
7600.01,8.0105138,5036.8,135.859,0.2637240960355129
5235.01,26.1442304,5721.0,214.496,0.26368923236534675
3213.01,2.5395579,3931.6,1181.83,0.26364223265449555
713.02,1.8715209,4316.7,69.3653,0.26361888251369847
2660.01,5.0183771,5011.2,630.124,0.2635613373209802
1208.03,17.726449,5626.0,134.757,0.2633529856255835
7374.01,17.0303122,5797.0,670.314,0.2629299862025719
4187.01,30.8812601,6047.0,154.732,0.2629110520409844
155.01,5.4499753,6220.5,187.131,0.2627980222961468
5392.01,17.5313321,5464.0,48.793,0.2627004413656326
5479.01,15.1306782,5799.3,598.366,0.26266934820164667
6252.01,2.1077445,3954.0,244.588,0.2622799760526944
5750.01,1.9044134,3952.0,353.098,0.26226658304984307
7774.01,1.7985326,3683.0,377.009,0.2622388327113231
7170.01,1.917096,3653.0,106.54,0.26213903477933503
323.01,2.7723915,4558.0,315.141,0.26209971773930635
794.01,52.4072665,6270.01,233.131,0.2620744082276802
2439.01,14.3614789,5283.0,246.165,0.2620487698527011
5404.01,2.177475,4027.0,157.413,0.26204635727653863
4484.01,2.6890703,4844.0,734.772,0.26202735342308464
7676.01,1.9518831,4028.29,239.418,0.261904828010451
5506.01,19.5862903,5986.0,712.281,0.2618999431295168
4119.01,5.201975,4950.0,468.817,0.261798010267266
7103.01,5.3590843,4845.0,126.595,0.26162091009690924
215.01,26.2851404,5821.0,166.485,0.2615818858902085
4652.01,18.6224802,5654.5,356.061,0.2612479383096036
2212.01,5.1293855,5116.3,324.412,0.26105470082177007
1854.01,2.5267353,4836.0,346.457,0.2608991914393997
2532.01,16.7224532,5560.0,363.49,0.2605084406319929
3490.01,9.1317488,5198.2,271.578,0.2602692015011745
4511.01,20.9040576,5708.0,121.832,0.26014926556079215
2079.01,1.4923179,3577.0,37.066,0.2600359542878427
7607.01,13.8672643,5840.0,658.612,0.25998772596410885
5650.01,34.2825595,6145.0,568.466,0.2596158061373014
2256.01,13.9631929,5270.9,117.892,0.2594376285256754
5501.01,24.166804,5985.0,574.701,0.25942532857526657
5637.01,17.7916498,5803.0,489.497,0.25929017963874
7213.01,36.9870862,6110.1,543.434,0.2591884153883785
4419.01,16.155134,5785.0,163.32,0.25918104514778506
6776.01,1.9519092,3498.0,198.552,0.25911961968246966
3944.01,2.3151015,4746.7,969.298,0.25882443043199327
856.01,5.4014,5179.9,574.712,0.258740479551588
6892.01,17.8961832,5767.33,720.54,0.2586630682898178
3354.01,46.3810093,6307.9,415.22,0.2586629909966545
6506.01,13.0795854,5555.0,435.115,0.25853100927365774
4851.01,21.6091483,5967.0,125.772,0.2585229406534825
6699.01,5.322002,4716.0,85.8463,0.2584918541324268
6291.01,5.2556421,5061.0,449.608,0.25838212135768757
4325.01,1.6500673,3896.0,51.0354,0.25834787767152784
1441.01,22.092974,5885.0,141.133,0.25825041601164217
2405.01,1.9792573,4001.0,153.332,0.25823118317489535
1211.01,18.1663644,5572.9,133.335,0.2577126528372654
7003.01,0.7331156,3326.0,155.969,0.257670334474563
7286.01,10.7994273,5548.0,434.806,0.25766051625109043
7340.01,7.4894672,5143.31,131.621,0.2570908897595034
917.01,26.4126517,6070.0,704.528,0.2569836227831647
6427.01,18.372561,5822.0,601.941,0.25696405505728853
7155.01,3.8949005,4718.0,144.751,0.2568442445150825
1563.01,1098.2258586,4582.0,51.0409,0.2566264319677653
4655.01,3.6749802,5134.0,382.837,0.25659382175925666
5041.01,0.733892,3423.0,195.854,0.25640244309566107
4765.01,16.3734954,5809.3,600.635,0.2561269391189226
4025.01,16.2840915,5770.0,769.204,0.25603075943730097
7820.01,14.1865468,5517.3,370.663,0.2560258030049373
2254.01,26.4579842,5706.0,139.078,0.25578857504816904
5755.01,5.4397285,5188.0,444.485,0.25572620057457274
5658.01,1.6064494,3507.0,295.008,0.2554355230662308
5154.01,17.7256773,6010.0,338.491,0.25535106135237
1890.01,19.9676936,5857.0,372.335,0.25519155989809233
5292.01,2.0231137,3767.0,337.095,0.2551665108915879
6923.01,6.7274903,5221.4,377.68,0.2550536828015526
7400.01,1.8289577,3835.0,397.982,0.25462685420791853
6056.01,3.1420495,4996.0,515.161,0.2546207676907859
6302.01,2.8465714,4802.0,340.92,0.25459941334049724
7761.01,26.655615,6035.0,336.488,0.2545451519769005
7619.01,39.2959509,6304.0,475.54,0.25429484550486736
7105.01,17.0548288,5769.0,587.476,0.25412592344238644
6811.01,1.1602698,3692.0,338.917,0.25378654423422303
2551.01,5.436841,7980.0,730.421,0.25364979645483404
5493.01,24.4383239,6151.0,225.454,0.2535345682804
6896.01,19.7357748,5985.0,209.632,0.25326482379039267
2209.01,3.4391152,4955.0,626.478,0.252958919712585
699.02,33.6336133,6138.6,193.29,0.2529388106417549
5250.01,5.4463931,6815.0,782.324,0.2529178465230703
5660.01,4.8183501,5192.0,622.41,0.2529014012490787
318.01,3.7463765,4696.0,319.923,0.25283513436119803
761.02,1.8320863,4368.0,66.8154,0.25256820234578453
4671.01,17.1470323,5689.0,325.257,0.2524501109609764
1762.01,24.141229,6156.0,174.195,0.2523924841290811
2897.01,12.0040505,5777.0,583.358,0.25223194971253465
4779.01,10.7490194,5424.0,664.114,0.2521814098799313
1217.01,41.4856125,6354.0,463.223,0.2520876599872213
3857.01,3.2956376,4646.6,330.706,0.2518163470440399
6595.01,7.5138657,5139.0,151.511,0.2516796965237546
1985.01,30.7864669,6101.8,332.321,0.2515635106236191
7545.01,11.9039356,5436.0,385.003,0.25140815551560886
2274.02,1.1188024,3943.0,48.876,0.2513866574361882
7615.01,2.1670093,3893.0,88.5954,0.25138150420289207
1446.01,6.3170657,5180.0,133.863,0.25124647076722584
6077.01,2.2111104,3761.0,124.484,0.2512067148087511
5279.01,16.0104634,5733.4,440.9,0.2509761893813013
4574.01,0.768988,3734.0,69.81,0.2509277716212578
3863.01,10.9543562,5542.4,450.577,0.25080150538783075
6659.01,7.3120981,5159.0,101.511,0.25073548508281623
7029.01,1.9271521,3516.0,263.55,0.2506680130106696
4132.01,11.7647926,5801.0,578.129,0.2506335614596195
7385.01,3.1191196,5036.0,415.951,0.25029605469835386
6022.02,1.5454492,3264.0,86.9388,0.2502658279464365
507.01,0.8994677,3338.0,110.884,0.25006262480412095
2444.01,1.6473887,3556.0,190.748,0.24991187301753207
3900.01,14.7802661,5659.0,364.747,0.2498654244631023
2026.01,7.1925327,5050.0,108.076,0.2496229135456845
6524.01,0.8515408,3254.0,200.435,0.24961848543009066
1884.01,6.7822781,5225.0,340.55,0.24951505085710898
6413.01,10.8310228,5524.8,490.336,0.24949379033870886
4307.01,32.696666,6079.16,36.0469,0.2490403446108779
6507.01,5.267165,4930.0,322.179,0.24903486852410253
3574.01,3.6691817,4675.9,302.734,0.24897860160480065
1887.01,2.2001583,4250.0,138.272,0.24884860978924928
3442.01,3.4569274,4973.0,611.019,0.24883502501906896
2569.01,13.1147744,5496.1,317.912,0.2488259328402
4106.01,16.3558787,5740.0,243.519,0.2487949820494553
7526.01,33.0179222,6185.0,301.371,0.2484225893195418
3029.01,2.0252285,3600.5,11925.2,0.24828607802203084
2248.01,62.1624516,7546.0,380.513,0.24803352084254862
6688.01,4.9594992,4900.0,122.314,0.2479880442579867
3930.01,2.9284231,4885.4,749.11,0.24747407579032138
6864.01,15.5106583,5472.0,384.084,0.2474675754494366
6465.01,0.6593681,3421.0,200.8,0.2472550732194343
7483.01,0.5127744,3398.0,34.9053,0.24711770216289644
5738.01,0.768125,3717.0,91.2062,0.24710550444929222
6387.01,1.1669652,3452.0,240.373,0.24709829763491672
4099.01,4.3954123,4836.0,177.305,0.2468535754213213
2271.01,26.5456672,6180.0,543.564,0.2466662805094874
5983.01,1.0271879,3406.0,66.0022,0.24657747992179493
6593.01,8.4325164,5300.0,431.429,0.24633857332096237
1875.01,11.3091849,5817.0,677.874,0.24630862724758834
2378.01,3.4972769,4940.0,390.618,0.24630182470479378
6329.01,15.2334037,5675.0,585.094,0.2462423149573261
3148.01,4.2814436,5097.8,342.833,0.24619470025041035
2893.01,10.3629429,5467.0,518.198,0.24596009989932885
5491.01,5.0280368,4825.0,152.766,0.2457227140183312
5171.01,15.7814103,5780.0,696.695,0.24567680214791132
7739.01,1.3451227,3964.0,104.802,0.24566791769142282
5888.01,15.2501659,5796.0,629.405,0.24562558999206488
4680.01,17.4314043,5923.0,671.413,0.24560350266871872
4108.01,14.4348737,5834.0,665.929,0.2454983528345428
7785.01,1.2932682,3701.0,287.306,0.24535726484552678
4026.01,3.1239771,4861.0,497.594,0.2452091349417717
6576.01,19.3111424,5850.0,466.577,0.24515172119709341
7593.01,34.3299701,6298.0,505.258,0.24507446167263688
7316.01,0.7474746,3455.0,186.058,0.24496341277049474
727.02,0.7499711,3653.0,42.972,0.24487321098569567
7670.01,10.4865505,5335.0,736.81,0.2447953432542495
4197.01,3.9017499,4665.0,240.7,0.24470775177665693
5375.01,1.7215575,3865.0,121.333,0.24462911972224635
1880.01,1.7263781,3631.4,102.608,0.2444411335635908
1466.01,1.8718991,4201.0,86.5783,0.24433792982503696
6258.01,0.5570869,3392.0,44.0959,0.24412347423124167
5898.01,9.7884653,5369.0,715.744,0.24389506742897912
6516.01,18.8392786,5972.0,762.45,0.24385811220520984
2474.01,4.278752,4971.0,132.686,0.2438260244999623
2251.01,11.5743561,5776.0,711.751,0.2437696277775315
4296.02,5.0959342,4985.0,115.716,0.2437545108570828
6367.01,2.1653281,3510.0,216.77,0.24373886878808146
7698.02,14.7157672,5352.9,109.79,0.24357474223634928
2272.01,32.8236817,6258.0,179.828,0.24356183770534326
6676.01,22.6957088,5988.0,70.1908,0.24310001942336384
7156.01,1.9299641,3554.0,181.369,0.24301869897851655
6983.01,31.1571613,6317.08,171.467,0.24297601413288153
6609.01,12.9414603,5832.0,514.266,0.24297564315315387
7179.01,2.7384363,4964.0,402.817,0.24292515916814028
1757.01,2.125687,4428.0,104.346,0.24277531259782759
2016.01,6.8161105,5175.0,115.834,0.24257280964656375
2419.01,18.8812961,5924.0,245.495,0.24231632132695374
365.01,12.11028,5808.0,821.517,0.24215396814919024
6732.01,1.3003394,3658.0,234.672,0.2419875410070692
5358.01,2.6599132,4636.3,138.708,0.2418482750951144
6918.01,14.2308461,5787.9,525.307,0.24180870556084405
5732.01,60.1702823,6710.0,275.456,0.24179300184102967
2507.01,17.3051476,5824.0,103.454,0.24165126314509688
6717.01,0.4707476,3254.0,53.7293,0.241343931577621
6483.01,5.2076995,4961.0,242.223,0.2413193962103468
6829.01,23.842,5923.2,735.578,0.24130059987515437
209.01,4.3794298,4892.0,113.387,0.24127113250577936
6596.01,26.1622122,6139.0,221.906,0.24115604179993583
7689.01,1.4826121,3478.0,48.844,0.24100696369378125
4567.01,0.8409429,3830.0,91.313,0.24097093432245947
6125.01,2.3107907,4767.0,291.92,0.2409621872575055
4494.01,32.535016,6303.8,54.9701,0.24095073603284653
7591.01,14.2288072,5643.0,532.184,0.24073290978376935
3752.01,2.8054221,4879.0,1310.21,0.2406829122232111
3352.01,13.8198966,5598.0,281.692,0.24065334488358922
3675.01,5.9577768,5219.0,555.939,0.24060453688458192
5339.01,15.1873222,5938.0,225.157,0.2405507833085682
6231.01,24.8366994,6334.0,391.594,0.2405452063617814
7264.01,10.5637482,5533.0,650.78,0.24035722291486944
5203.01,15.1255732,5907.2,1119.77,0.24031503717848307
4084.01,15.634183,5725.0,453.772,0.24028983330225176
2082.01,30.2004765,6004.0,63.7194,0.24023360063209823
7537.01,0.9072056,3701.0,50.2408,0.24016900224365653
5896.01,0.9965843,3662.0,284.245,0.23983876110165162
6588.01,1.7988855,3458.0,315.113,0.23967154913769032
5717.01,13.478722,5479.3,157.154,0.2396534719545678
5149.01,27.3714952,5903.0,298.458,0.2395843463344319
6618.01,35.7890963,6218.9,511.417,0.23953508233824164
1806.03,0.5019031,3272.0,55.5211,0.23952310360454265
7368.01,33.5792968,6294.0,341.206,0.23944550387789953
1858.01,2.0912089,4220.9,205.385,0.2394012387733783
7163.01,5.3913891,5179.0,137.3,0.2393837770083761
2910.01,3.3080662,4989.6,842.929,0.23933234471196
6961.01,17.2367433,5911.15,271.527,0.2393238209928739
6702.01,2.1874712,4454.0,188.499,0.23920639726288684
3585.01,3.5410781,4652.0,130.802,0.23918030657151468
5058.01,23.7123919,6130.0,269.351,0.23911952368213474
6399.01,12.6427441,5605.0,958.967,0.23894523403049533
6055.01,0.8497194,3493.0,229.367,0.2389372016514509
5202.01,34.6141657,6382.0,567.18,0.23886566468766485
7780.01,2.6978073,4775.0,136.115,0.23883661552305546
4408.01,2.054238,4389.0,234.682,0.2387500382932039
340.01,14.8499717,5829.0,497.551,0.2387170009458207
6785.01,16.2501976,6177.0,601.743,0.23870286174238597
7805.01,3.1063425,5049.0,482.532,0.2386784394005269
5278.01,0.435435,3349.0,166.421,0.23832889802442014
4929.01,2.5547255,4956.0,494.931,0.2381361047620822
6380.01,5.1404883,5155.0,240.108,0.23806383158554825
1891.01,15.3617729,5984.0,135.265,0.23797399471240024
5694.01,1.1544795,3543.0,276.652,0.23794599318523652
4721.01,4.0086493,4779.0,285.885,0.23773552210746396
6728.01,24.9636551,6388.0,337.672,0.23695305415337192
6361.01,5.9419732,5206.0,364.939,0.23691109549495942
6163.01,9.9754699,5472.0,442.143,0.23684994676086935
7403.01,10.1170644,5456.2,494.296,0.23635067257885178
7044.01,15.9669794,5888.0,232.078,0.23633653627901605
5545.01,1.9613369,4427.0,592.204,0.23626659942659434
6580.01,10.9600975,5586.7,580.95,0.23614910847740486
4566.01,2.0844882,4443.39,118.765,0.2360773729992848
6825.01,16.4547455,5826.0,280.399,0.236037630600683
6110.01,1.2541235,3642.0,122.281,0.23598638338478659
7030.01,2.5604496,4679.0,60.445,0.2359043385073697
4695.01,35.7861915,5755.0,358.057,0.235702859229946
3809.01,3.6346303,5058.0,359.948,0.23569173561170498
6441.01,4.5579065,4977.0,273.991,0.23567156214343704
5780.01,7.5358996,5306.0,657.865,0.23563285585962
6986.01,1.2117417,3521.0,319.82,0.23559678799542394
3772.01,4.1689145,5119.0,309.143,0.23540614035870672
1755.01,60.1848926,6499.0,205.933,0.23540281661856255
4922.01,7.5492321,5295.2,610.158,0.23539189519132378
859.01,5.1543265,4971.0,193.087,0.23530121147141106
142.01,0.8533534,3658.0,320.237,0.23517234125033526
6662.01,0.2939493,3359.0,21.182,0.23513457043034883
7792.01,14.7310971,5678.8,361.403,0.23508257915408096
6263.01,3.0178746,4717.0,46.2588,0.23501312978563896
6605.01,12.2981251,5614.0,536.703,0.2349412832952715
6283.01,51.6708185,7115.0,262.942,0.23457526081709473
830.01,15.0405221,5900.0,222.995,0.23455378748328953
6901.01,3.2727859,4550.0,79.6238,0.2342843750743231
6988.01,13.414031,5614.0,587.794,0.23423421512628018
864.01,0.520671,3460.0,38.0915,0.23423345781662797
4575.01,27.9815639,5905.0,194.791,0.23418521861802172
4062.01,6.7473822,5332.0,611.532,0.2341722947866173
4654.01,10.6936683,5820.0,695.482,0.2340861712842748
7199.01,3.1540886,4521.0,253.784,0.2339534197658103
1261.01,18.0574016,5897.0,199.964,0.23394080632811354
362.01,14.2337615,5692.0,451.998,0.23381496725387385
7466.01,13.62285,5343.0,87.8271,0.23366148447078058
2558.01,17.7859152,5834.0,400.905,0.23339113270688996
4907.01,3.3405202,5108.1,604.385,0.23333685285795458
6709.01,2.3477336,4799.0,39.7429,0.23322125044589911
3880.01,2.1614819,4501.0,300.232,0.23318295006063242
358.01,9.10326,5467.0,579.028,0.23313761566882513
2243.01,5.41418,6664.0,128.552,0.23312702474220387
6715.01,2.8618782,4743.0,150.336,0.23287529210211275
3439.01,5.9349921,5320.0,591.628,0.2326694736976332
5102.01,0.4522013,3739.0,379.43,0.23258025379892877
7534.01,14.0287826,6067.0,569.61,0.23250118091827543
3797.01,17.6229161,5973.8,400.069,0.23247527135072996
4656.01,3.439221,5053.0,443.769,0.23227291463370672
2377.01,1.6766686,4155.0,288.642,0.23221822991287855
872.02,4.9727711,4872.54,179.254,0.23193895016948995
749.01,0.63554,3602.0,232.123,0.23174718133018893
5985.01,2.4157665,4837.0,106.05,0.23174027731167837
6826.01,6.4375108,5203.0,232.898,0.2316429526951055
4805.01,8.9981735,5444.0,695.316,0.23108466623539745
6880.01,14.9166631,5434.0,115.933,0.2309427904171714
6859.01,9.6804752,5622.0,520.499,0.23084452280659012
7370.01,13.3079913,5854.4,589.45,0.2308370262778131
6522.01,4.7383479,5109.0,182.154,0.2308075406044382
6856.01,0.6541517,3657.0,446.864,0.23078260488578548
7024.01,1.9639208,3914.3,270.872,0.23071461900947035
4699.01,10.1766089,5452.0,621.613,0.23051810783051618
5165.01,3.577501,4642.1,245.302,0.23035193057861192
7687.01,14.5421415,5635.53,405.426,0.2303395675235607
4756.01,8.0823172,5351.5,553.387,0.23029942669080428
5390.01,15.0619708,5441.34,176.69,0.22998966767301654
7762.01,15.7178563,5560.0,356.413,0.22991315416281694
4746.01,7.5395871,5223.0,218.705,0.22988855475953066
2446.01,18.685862,5926.0,159.87,0.2297722883975559
5643.01,17.1101127,5834.7,409.36,0.22975089824113062
6149.01,13.3562254,6122.0,567.759,0.22974978855394734
4820.01,27.1358856,6315.0,527.208,0.22972196628463387
5247.01,12.9177538,5606.0,497.041,0.22965243101654897
5302.01,4.2417694,4794.0,313.459,0.22965011087660195
3991.01,2.2774846,4827.0,1089.93,0.229561155220996
6543.01,15.5523703,5759.0,115.665,0.22948936771233622
3155.01,4.6492201,5110.0,201.727,0.2293858752741288
3359.01,15.8118347,5746.7,119.49,0.22935784207704604
2349.01,11.5738497,5782.0,528.869,0.22913352589312333
3992.01,6.397886,5324.0,673.065,0.22902022241822034
6308.01,1.7555108,4249.0,263.166,0.22898086157585468
6238.01,5.7419523,5396.0,676.128,0.22897161346611264
4111.01,12.2788421,5596.0,705.399,0.22894961789221724
3896.01,4.3773113,5127.0,181.653,0.22893615349660018
4841.01,9.6284672,5388.3,355.116,0.2285661829030146
5464.01,1.1606902,3572.0,282.849,0.22844213169037517
4991.01,0.7702101,3601.0,343.755,0.22840016896068766
2361.01,8.71546,5395.0,314.877,0.2283188647032944
2488.01,10.7668398,5394.0,385.238,0.2282265095889771
6592.01,9.5098954,5478.0,511.237,0.2282174682583997
7743.01,10.9655113,5633.0,614.012,0.22819614700082502
5051.01,3.5980715,4708.0,213.538,0.2281725492903026
6940.01,0.3052608,3338.0,51.7699,0.2281657926894792
3252.01,4.3636327,5042.0,280.347,0.2280794515278606
7778.01,0.696404,3594.0,299.356,0.2280705568426261
1440.01,15.5174519,5780.0,237.152,0.2280119504446449
7263.01,49.2145201,6657.0,378.344,0.2279062555318868
5873.01,0.4131063,3621.0,175.022,0.22787833652366202
6382.01,35.3712924,6702.0,708.125,0.22781832960580206
3487.01,16.0085751,5992.0,173.108,0.2276502815574606
3448.01,2.1642912,4907.3,768.479,0.22761284103279597
2862.01,11.4874782,5958.0,707.53,0.22759715953797316
3451.01,8.7234738,5522.0,404.622,0.22752683167102028
5922.01,5.2079858,5204.1,914.716,0.22731221580148525
4651.01,11.1878978,5721.0,686.148,0.22730657194930945
4059.01,2.0381761,4928.0,339.185,0.22721374160215801
6216.01,29.5406035,6315.0,322.084,0.22721275957874382
2735.01,1.9663653,4687.0,262.97,0.22719105865752606
1631.01,15.2521892,5473.0,140.065,0.2270635106488532
2314.01,15.937546,6093.1,540.268,0.22687549825919004
1218.01,13.7739339,5455.96,135.689,0.22666242501033979
4012.01,1.82544,4324.0,245.737,0.22657207343069052
7556.01,11.1035428,5607.0,702.115,0.2263568307739283
5955.01,0.5902387,3844.0,42.8747,0.22633206973889558
5393.01,30.0017176,6194.0,102.774,0.2262865642424753
4327.01,0.8303285,3672.0,84.4016,0.22614466319972593
6919.01,0.7603078,4069.0,138.924,0.2260822242443308
6404.01,3.7442969,5114.0,312.797,0.22606479042507716
5953.01,7.4924561,5242.0,219.343,0.2260214417905377
168.01,2.31446,4801.5,130.977,0.22599481057983323
6727.01,15.3471548,5791.0,136.505,0.22579993623178346
4115.01,2.9855843,4602.0,264.995,0.22577336998400493
7572.01,11.4961458,5834.0,809.202,0.22574699552224295
3852.01,16.1020097,6010.0,578.344,0.22548636281502307
7816.01,1.9979321,4637.0,351.991,0.22547781841982142
3594.01,9.3236885,5505.0,631.413,0.2253158770254825
7123.01,0.3075961,3257.0,151.776,0.22515272759517313
6683.01,3.8568001,5009.0,1042.3,0.2250393905623241
2391.01,7.8369842,5774.8,859.509,0.22500957542883074
5566.01,14.5814997,5830.0,748.345,0.2248390248266013
7231.01,11.0658881,5617.0,644.029,0.22481023420448906
5363.01,6.7504762,5318.7,493.144,0.22463214288897404
7143.01,1.1376981,4244.0,177.343,0.22440179306017885
6885.01,11.6515287,5335.0,329.485,0.2240765332993652
1404.02,14.431887,6051.5,247.074,0.22406143293927364
7142.01,6.5433068,5295.0,557.43,0.22380501140604767
4906.01,11.9768241,6059.0,708.385,0.22378097660884802
1692.02,32.2079698,6554.0,341.119,0.2235809115784173
7563.01,13.758531,6006.0,260.819,0.223510050979666
2415.01,0.5153654,3558.0,341.299,0.22349901328665317
3227.01,8.9522767,5317.7,528.262,0.223431161654022
4990.01,5.6386197,5373.0,697.681,0.22330307261617027
6336.01,39.810528,8796.0,1002.36,0.22326465219928038
7818.01,3.0448758,4749.0,315.085,0.22325049400277336
5760.01,7.924204,5739.6,618.078,0.22319194921190408
7594.01,9.9892115,5776.75,564.151,0.22310054604213558
6561.01,3.1739329,4999.0,360.452,0.22284686052476463
5967.01,15.343585,5758.0,145.066,0.22262168850678574
6812.01,12.6357243,5951.0,640.607,0.22257184721520068
6489.01,2.917882,4593.4,186.872,0.2224619371069653
173.01,29.7537451,6409.0,152.023,0.22244190034811578
5550.01,13.955959,5923.8,139.794,0.22232797224669135
6780.01,13.4570562,5771.0,624.732,0.22223360989337673
2644.01,9.7439744,5383.0,235.146,0.22194380694609697
5590.01,1.2749899,4216.7,136.242,0.22179548251492298
4259.01,8.9612626,5435.5,390.587,0.22178406076505086
6965.02,28.0693949,6007.0,31.1664,0.22173959622417017
3022.01,8.990904,5354.0,282.631,0.22168013996274002
7529.01,16.6036329,6436.85,676.096,0.22159354358596883
7397.01,26.6796741,6339.0,231.907,0.22154992328466455
7538.01,28.2864647,6304.0,175.019,0.22147282683632408
7259.01,16.4591808,5975.0,513.184,0.221419968912376
4776.01,10.4137997,6079.0,385.641,0.2213503783821807
5267.01,13.7036806,5546.0,273.233,0.22108474067175388
5239.01,11.3182327,5969.0,648.893,0.22108429775865726
6415.01,20.8380576,6165.0,662.479,0.2210836457836494
7450.01,0.7938732,3583.0,320.879,0.22094361422863076
4468.01,2.7708596,4975.0,375.517,0.22075031571957543
7147.01,1.3473988,3576.0,207.933,0.22069767807347848
7485.01,3.3870505,5113.0,525.774,0.2206596344285039
6154.01,2.301919,4654.0,258.643,0.22061157390331573
5147.01,3.9178573,5174.39,272.747,0.22052083482148596
4172.01,4.1915095,4996.0,241.956,0.2205027367114406
5652.01,18.2598774,6230.0,1038.26,0.22049475458428675
5372.01,11.6270831,5776.1,459.882,0.22041278943394058
4965.01,7.0857491,5353.0,484.805,0.22032973159287714
4149.01,3.2928068,5037.0,331.43,0.2202803288309319
970.01,4.9857808,5189.0,147.148,0.22022343703698533
6232.01,9.8538051,5634.0,581.095,0.2202203412273395
6889.01,10.5465818,5726.0,661.309,0.2201180392990412
6475.01,26.5988575,6685.0,624.824,0.22005773983408602
4955.01,3.1409607,4924.0,367.517,0.21990570048947503
3501.01,15.3502505,5782.5,206.21,0.21978695364784426
2300.02,15.4432661,5607.0,221.705,0.21941415819463
703.01,8.6729683,5384.0,120.984,0.2193768325790259
7080.01,36.6892187,6647.0,518.344,0.21930112852642986
1817.01,13.3983724,6131.3,276.417,0.21921327712846725
3209.01,1.3509356,4297.6,6817.48,0.21914625729416926
7500.01,7.4647583,5357.0,512.891,0.21901084628233342
7734.01,26.3125734,6671.0,641.14,0.21900810634631632
6570.01,10.9799801,5754.2,533.016,0.21891114370747458
5613.01,12.782983,5594.0,291.68,0.21885109599100377
5357.01,9.6995203,5504.0,343.58,0.21883934743804956
2494.01,8.3761316,5376.0,152.866,0.2188048609029339
6281.01,1.0542548,4160.1,57.7451,0.2186903963950401
7742.01,18.4903481,6101.0,370.463,0.21862745935665592
4291.01,12.1525595,6029.0,753.31,0.21860327551048703
7069.01,8.7201675,5443.0,128.952,0.2184491111290302
5863.01,2.8492565,4829.0,276.469,0.21835717254615208
3445.01,2.9866836,4790.0,353.696,0.21832432541055652
3145.01,3.5505931,4803.0,283.803,0.21824167361842778
3850.01,14.4832964,6039.0,474.448,0.21822998343143737
5394.01,15.1935123,5977.0,64.2806,0.218170994568259
2703.01,6.1735306,5435.0,558.907,0.21811247286088215
3869.01,11.2005651,5682.2,539.007,0.2180484198021852
5861.01,14.3033451,5862.0,432.745,0.21804767526822022
346.01,16.56308,6177.0,745.217,0.21794105868242325
2712.01,3.078479,5140.1,598.388,0.21790969892459333
4513.01,9.7607632,5558.0,102.609,0.21786411648721382
5493.03,14.5643289,6151.0,225.454,0.21784328564778593
2404.01,20.362741,6142.0,295.737,0.2177740933400596
697.01,8.6078603,5447.0,93.7714,0.21773879275610508
4649.01,15.0758735,5744.71,148.252,0.2177159689225801
3461.01,11.4483792,6175.0,695.231,0.21737792682571555
4686.01,7.9461192,5416.0,751.692,0.21736976611007516
7192.01,16.3425332,5946.0,166.363,0.21733311881727205
2273.01,46.5710978,6495.0,110.177,0.2173031590042774
7331.01,6.0011971,5265.0,484.476,0.21725600982696253
4282.01,13.5098037,5780.0,334.396,0.21721543773209384
1058.01,11.1296441,5785.0,338.831,0.2171512565981584
4755.01,22.7273078,6243.0,757.269,0.21711185221671261
361.01,1.5351652,4215.0,123.083,0.21709463280808755
6816.01,10.9267866,5792.8,823.919,0.21707609900298752
3847.01,11.0783748,5623.0,387.635,0.2170527477455016
6746.01,1.20306,4204.0,298.209,0.21704104317499112
5515.01,8.5926333,5494.0,135.459,0.2169452763347836
899.01,12.8461943,5591.0,304.798,0.21691154258188441
6012.01,16.2117629,6119.0,226.572,0.21689416493803632
934.01,3.7817383,4833.0,301.872,0.21673505729534243
438.01,5.8123508,5210.8,72.4646,0.21669313805874338
2350.01,8.6251769,5484.0,185.506,0.21665233209854418
7238.01,3.930467,4913.0,265.571,0.21662920185494394
4910.01,5.506691,5277.0,544.636,0.2165321358449194
867.01,15.4043768,5777.36,200.12,0.216491727265024
6450.01,3.6092665,4823.0,296.583,0.21635445604538336
4035.01,3.0295916,5081.3,506.315,0.2163307250988176
2751.01,7.4710819,5262.0,451.187,0.2162325138586181
6946.01,13.2272686,5648.0,598.429,0.21617005442597229
3286.01,2.0325685,4950.0,312.259,0.2161604867293977
5943.01,15.7866044,6237.4,782.391,0.21614024516491626
4090.01,3.177514,4740.0,250.984,0.21607006659693076
3277.01,1.5265889,4887.0,273.098,0.2160190748966059
1446.02,4.5057387,5180.0,133.863,0.21574278731971452
6902.01,36.4358589,6597.0,34.0071,0.21573041296130518
7817.01,3.8804199,5049.0,300.483,0.21570289657578567
6650.02,30.5055627,6500.6,237.169,0.2156564694059551
3910.01,5.7158895,5224.0,245.248,0.21562778116658823
2787.01,4.3217658,5139.0,1272.53,0.21545302215443585
1059.01,9.4496506,5509.0,98.8783,0.21531052898622235
7532.01,11.4031046,6205.0,593.708,0.2152555556233727
4558.01,6.5812768,5217.0,145.248,0.21525102582494363
3299.01,2.9264345,5121.0,417.019,0.2152452129681395
5057.01,1.1437772,4520.0,347.227,0.2149555606068159
3260.01,11.4520097,6193.0,599.768,0.21479300137279975
5736.01,0.6489868,3949.0,92.3604,0.21471470214058988
4093.01,10.4722034,5388.0,261.191,0.2146815267174616
1225.01,13.896396,5522.87,252.615,0.21462937335919183
4766.01,1.9326573,4909.0,300.512,0.21455006371418253
6574.01,13.0953097,6103.0,537.819,0.21424525795443417
553.02,11.9234819,5465.0,108.159,0.2141991104468774
4171.01,3.7453991,5133.0,279.324,0.2141448619398593
5242.01,2.4038486,5074.0,331.852,0.21389891646564269
6700.01,15.5177539,6314.93,643.451,0.2138572334453742
6179.01,19.2445211,6203.0,809.109,0.21374992580004887
6433.01,9.6355,5589.0,409.7,0.21373801766930428
6120.01,2.1350899,4894.0,240.498,0.21372870919767134
2185.01,7.2147718,5440.3,493.871,0.2136595638591577
6379.01,1.5057127,4335.0,173.849,0.21362877539251648
6801.01,1.2245052,4337.4,143.347,0.2136250775788551
6760.01,5.2820398,5415.0,538.6,0.21360082723286353
149.01,3.3399432,5095.6,380.81,0.2135451608011745
1277.02,14.8559691,5544.0,100.772,0.21353638667080957
1825.01,10.1824299,5450.0,285.509,0.2135154094837716
1850.01,7.39143,5224.6,171.205,0.2134758069015048
3288.01,1.4338615,3913.0,200.5,0.21345405673224774
6381.01,8.9270275,5492.0,149.566,0.21341869645979092
7083.01,7.6253466,5408.0,1003.73,0.21336573589699845
6648.01,20.86399,6153.0,185.35,0.2131552559375825
5236.01,10.9974977,6188.0,582.527,0.21311655312153885
5864.01,10.4453589,5961.0,659.756,0.2130914109080842
235.01,10.090259,5454.42,104.301,0.21303107559436454
3721.01,3.5411235,5151.0,416.005,0.21299309001685482
6229.01,4.6071277,4928.0,314.824,0.2129886962324863
6810.01,11.3498282,6009.0,805.162,0.21296913031745496
2067.01,8.8128067,5491.0,138.308,0.21293998612737866
4407.01,7.1366507,5559.0,199.286,0.2128926665995886
4352.01,11.8918633,5461.0,78.6946,0.21279066175063266
7703.01,2.1523127,4737.0,198.153,0.21261387213069638
5476.01,10.3413829,5732.6,596.321,0.21253580630675675
5615.01,11.7672708,6205.0,693.821,0.21248647422205263
3240.01,3.8600722,5096.5,304.365,0.21234319914829813
6414.01,17.7607727,6180.8,238.113,0.21233204750894846
214.02,9.6959841,5346.2,38.96,0.2123137813447703
7717.01,25.2087445,6720.0,270.196,0.21206968769211976
7211.01,10.548504,5421.0,322.309,0.2120632696101048
311.01,0.7963207,4062.7,232.861,0.2120359130386619
5897.01,6.9349089,5364.0,409.12,0.21202159337361373
7507.01,17.280857,6203.0,350.662,0.2119634645689331
7258.01,6.2384297,5448.0,539.563,0.21190270421163318
6813.01,2.3557153,4851.0,179.829,0.21189166883159294
7797.01,6.3586318,5451.0,368.774,0.21183607205457214
2333.01,14.2197641,6115.0,817.874,0.21177170519273614
5024.01,14.7765802,6247.0,829.942,0.21176751702245222
6713.01,2.1538049,4944.24,20.3632,0.211716206962718
6406.01,2.2314165,4956.1,322.174,0.21166349205908033
6211.01,10.3473602,5672.0,510.917,0.21163985885062186
4031.01,10.0462596,5637.9,565.437,0.21163593599535033
3272.01,3.146714,5197.0,611.415,0.21156880873354386
6863.01,7.8407154,5703.0,715.613,0.21124583020532398
6531.01,4.416076,5186.0,1111.68,0.21119890607555036
3820.01,5.4290781,6403.0,629.284,0.21118637946672777
2629.01,11.4856846,5893.0,859.725,0.211127979818767
5544.01,4.2050741,5086.0,113.205,0.21102608536510054
3970.01,10.6001229,5647.0,878.69,0.21096211798988473
699.01,14.8011377,6138.6,193.29,0.2109563255707324
790.02,41.0175174,6988.0,167.218,0.2108713973952755
7402.01,14.3640841,6070.0,194.345,0.21070805811558332
5919.01,4.3686174,5393.0,704.54,0.21068356482589592
6389.01,15.8034785,6039.2,791.689,0.2105952066278383
7276.01,14.2317652,5914.0,1171.83,0.21053954010742273
5588.01,8.9109435,5733.0,655.855,0.21036639011964536
121.01,14.7741056,6053.0,182.169,0.2103316678800657
7182.01,14.7126653,6156.0,91.8327,0.2102791015467423
2103.01,2.6620728,4884.0,95.5156,0.21017440341126026
6206.01,13.1471808,5670.0,544.396,0.21013235466354468
5043.01,3.8027513,5061.0,279.685,0.20993172389791742
2290.01,0.3862197,3863.0,58.0924,0.20978640844870328
2870.01,5.7655904,5409.0,423.114,0.20977714630838865
2195.01,4.164514,5101.7,174.267,0.20975148810986785
6820.01,2.014214,5039.0,321.298,0.20967438996768112
2339.01,9.7728388,5636.8,753.745,0.209669471855906
3328.01,10.1923252,5767.0,426.298,0.20964014203424483
5701.01,15.0764899,6149.4,195.785,0.20960222792154923
3291.01,9.0653768,5302.0,363.935,0.20959036342477944
7267.01,10.3486661,5748.0,730.18,0.20958559298219767
5530.01,0.4774382,3888.0,60.8241,0.20954602982060916
6075.01,832.9236254,4193.0,39.889,0.20947653972645155
2192.01,6.2643442,5262.0,426.477,0.20943422827849542
5309.01,6.4666483,5441.0,500.708,0.2093834223288296
5599.01,5.4368408,6246.0,547.948,0.20930912162890689
2868.01,9.3803217,5817.0,680.951,0.2092392880313282
2280.01,18.6016754,6175.0,282.689,0.2091644777151885
5846.01,10.5353472,6044.0,784.865,0.20913719052575133
5905.01,3.0233509,4881.0,296.925,0.20912981399009134
7524.01,7.5243992,5737.0,628.808,0.20905906930994422
280.01,10.1843061,5454.0,99.66,0.20890614401679816
3010.01,9.5537684,5816.0,421.094,0.20876500801768139
4784.01,3.3583921,5177.0,446.767,0.20872118399184356
3911.01,9.3517097,5298.6,219.72,0.2086642383058358
1792.01,8.8164887,5502.5,69.3223,0.20850102106575655
5586.01,8.9165771,5607.0,540.141,0.20818603523799084
6338.01,1.4491171,3581.0,249.517,0.20807148890085084
3350.01,2.2358979,4793.8,112.087,0.20787542208520982
7278.01,7.6316525,5655.0,608.197,0.20771971672141112
5504.01,13.2414304,6062.1,265.58,0.2077141179752582
1063.01,10.0665238,5552.0,61.1201,0.2077139477367073
6189.01,5.5867425,5444.0,497.836,0.2076539036809722
3204.01,4.0446543,5172.7,1656.76,0.20759977194763424
7801.02,8.2485156,5508.0,118.232,0.20758879161714072
4905.01,11.1378464,5809.0,852.832,0.2075539707646929
7819.01,8.0094373,5455.0,340.918,0.20727187463103355
124.01,1.8428078,5080.0,809.252,0.20723883247745575
5497.01,11.2120396,6147.0,804.465,0.20714572532506018
6819.01,8.5467163,5557.6,396.001,0.20707106633137237
4405.02,1.0929203,4361.0,155.501,0.2069946727866833
3861.01,1.7763987,4899.3,256.022,0.20694949225335094
2486.01,1.5411764,4307.3,96.5003,0.20692544068266155
2190.01,5.3160704,5477.0,677.662,0.20660768158198017
3741.01,2.0449545,5086.8,452.15,0.20655181120107258
4815.01,8.9727235,5605.0,770.795,0.20647198738121741
6888.01,19.9253903,6213.0,324.436,0.206179921840017
6033.01,18.0401494,6345.0,309.804,0.2060486809733374
2608.01,4.724665,5385.7,884.523,0.20604472712194316
7727.01,2.5766418,4908.0,224.169,0.2060027316698701
4613.01,4.5461685,5341.8,678.46,0.20599376633506025
4246.01,12.8860009,6126.0,600.771,0.2059696056214416
4712.01,8.8720052,5626.0,494.543,0.20589923453641712
7528.01,4.9826868,5620.0,682.837,0.20581858676592926
3679.01,5.9664078,5418.0,391.982,0.20573725864933878
2366.01,17.1869882,6049.7,439.569,0.20566471255731283
2624.01,3.0235362,5141.0,390.263,0.20557875151618657
2245.01,3.7981107,5042.0,264.842,0.20533387445072826
2613.01,15.2010859,6042.0,683.482,0.2052569958561519
1490.01,3.9943,4939.0,247.112,0.20518279339932488
542.01,1.6318282,5084.0,939.127,0.20493123602075752
4150.01,9.7938352,5737.0,636.934,0.20491847645941355
2782.01,4.8680805,5250.0,851.138,0.20476801134651113
5288.01,3.8123614,4780.0,215.501,0.20466374552513847
2334.01,7.9980831,5556.0,593.163,0.20452866695848607
1242.01,0.3814849,4255.0,110.015,0.20436680449009414
6018.01,2.3322524,4983.53,88.1971,0.20436313577043047
5391.01,13.6421377,5961.0,170.451,0.20433619592388272
3294.01,2.5658729,5003.0,286.439,0.20385912055629898
7118.01,37.8016862,6783.0,273.779,0.20379018620448072
7414.01,7.899462,5461.1,412.431,0.20377020355479747
3355.01,15.6600896,6257.0,261.681,0.2036936357908041
4714.01,7.9144674,5431.0,517.611,0.20368014571840332
4165.01,7.1406422,5463.0,338.176,0.20350199515001208
5127.01,17.5328625,6160.0,162.582,0.20328448877369712
2658.01,8.8759249,5528.3,666.807,0.20317495722577386
4124.01,3.4138019,5150.0,512.0308,0.20315946125901962
5187.01,17.8597459,6263.0,436.183,0.20310618262825234
743.01,2.2284671,5156.0,638.972,0.20309035957260757
6488.01,8.0850515,5560.0,298.567,0.20308420542189914
6182.01,4.7783263,5622.0,922.871,0.20306731015524881
3901.01,9.546972,5834.0,593.676,0.20299494693749393
7640.01,7.00637,6051.0,770.732,0.2029821080553436
4081.01,9.2584055,5707.0,439.932,0.2028896677207631
5000.01,5.5422295,5483.0,470.92,0.20287384664139382
6568.01,17.4368079,6332.0,366.686,0.20283975127949333
7292.01,10.641726,5945.0,770.531,0.20263434744382658
3745.01,1.6883103,4830.0,343.885,0.20229301288738963
3787.01,4.8163162,5290.0,620.413,0.20214322030283213
6518.01,2.1978944,5147.0,802.838,0.20193637045199123
4400.01,7.0642486,5478.8,534.436,0.20187956148342642
3833.01,0.4399856,4423.0,412.034,0.20170442960055238
3858.01,16.5968329,6329.0,312.302,0.2016816254520438
7525.01,1.718454,4707.0,238.584,0.201661824647725
3509.01,5.1108509,4916.0,1017.59,0.201648074757557
2477.01,34.7769296,7505.2,362.227,0.20153616236084745
4430.01,6.6363577,5490.0,665.068,0.20151949916339545
4317.01,358.2825093,4354.29,67.368,0.20151422183669596
4853.01,7.2333744,5508.0,428.288,0.20147480132096884
1973.01,3.9194856,5149.0,204.984,0.20136062614552183
2891.01,17.3076615,6693.0,627.007,0.2013527806266924
1192.01,45.9403293,6479.3,283.025,0.20118125145768548
3171.01,1.5706704,5164.3,811.401,0.2011530168879191
334.01,17.9160113,6090.2,199.657,0.2010762644240892
2694.01,1.6375324,5095.6,451.486,0.2008592658943964
5004.01,5.7626113,5470.0,446.494,0.2008539406954724
3360.01,16.7375044,6549.0,564.342,0.20072740211880166
6824.01,5.407469,5417.0,415.63,0.20072413104402304
3462.01,6.3885628,5474.0,422.208,0.20067019067987169
5355.01,9.6125545,5825.7,397.84,0.20066624466978633
3778.01,5.6089886,5353.3,429.268,0.20039186901690453
7724.01,3.5102641,5002.0,373.415,0.2003810340711273
7195.01,3.8242663,5211.0,336.71,0.2003589633872756
588.01,39.4718663,10416.0,154.186,0.2002404867217394
7517.01,10.3067866,5592.0,677.923,0.20023467247930488
7135.01,10.6185545,5925.9,590.48,0.20018087384685934
6818.01,10.1956949,5791.0,347.192,0.2001158913207111
7004.01,9.8162989,5755.9,948.197,0.20010391147371123
7701.01,20.6126718,6230.0,388.219,0.1997892715217421
3898.01,8.6789911,5693.8,733.953,0.19963996568654913
5687.01,2.924439,4803.0,153.891,0.19962523366762286
2620.01,10.3558635,5896.0,662.246,0.19962497489162975
4193.01,6.5081212,5652.8,597.937,0.19959092263998535
2689.01,3.4180406,5001.0,315.805,0.1995690731798776
2040.01,3.8608551,5019.0,144.717,0.19919465621655955
4912.01,7.4105517,5546.0,508.676,0.19892045583173526
7307.01,23.955645,6609.0,619.364,0.1984273609593633
7598.01,13.3173115,6319.0,640.905,0.19835687796118598
6678.01,3.4268387,4794.0,44.8496,0.19824161049024838
3458.01,3.1726875,5056.0,302.055,0.19817527898257253
2528.01,11.7248927,5980.0,513.431,0.1980709213529602
7712.01,3.0925618,5147.0,709.83,0.1980114039478261
3974.01,1.7922888,5095.7,467.428,0.1977475350434091
7736.01,3.1509928,4959.0,307.508,0.19767779245656267
2655.01,4.7277153,5601.0,617.763,0.19760775081031728
7277.01,7.915274,5638.0,645.223,0.19760368780912185
7595.01,15.482117,6543.0,1094.22,0.19751025436862263
7129.01,8.8204144,5672.0,698.905,0.1973220101657243
119.02,10.69173,5332.0,66.6187,0.197238269379031
5743.01,7.6603722,5250.0,127.428,0.19718188138681694
4353.01,718.1809317,3614.0,25.1426,0.19715108140829823
7465.01,6.2061962,5278.0,393.17,0.19711240708702338
3234.01,10.7012764,5853.2,655.714,0.19704978963791667
2329.01,6.5346715,5424.0,333.701,0.19694753496470582
6769.01,5.6858804,5492.0,673.262,0.19682853207613096
5753.01,7.4242482,5760.0,914.008,0.19675377458654097
6444.01,12.2925281,6019.0,991.268,0.19667892780244503
3429.01,13.9311096,6445.0,816.907,0.19661995377820626
3697.01,9.9441709,5252.0,350.16,0.19648971193709078
3050.01,5.939725,5568.0,690.712,0.19640989650996268
6907.01,3.3795099,5203.0,531.164,0.19636905253937992
6556.01,12.9623248,5996.0,212.894,0.19636841882091433
7726.01,7.6621403,5639.0,680.785,0.1963208566260528
3708.01,7.27299,5400.0,313.908,0.19622663545335606
3945.01,4.4638411,5472.0,515.394,0.19619451959468656
2370.01,12.6826724,5851.0,294.752,0.1960292765282658
2531.01,8.1484094,5320.0,314.693,0.19594568281617608
6779.01,1.3504913,4858.0,276.346,0.19580883161966578
3262.01,12.8770845,5953.0,404.221,0.1957689238194885
6071.01,5.3664457,5358.0,478.189,0.195593937671657
3230.01,1.8200065,4994.0,254.27,0.19557584119722066
5035.01,5.8009082,5406.0,394.439,0.1954750143557295
3931.01,7.6644,5694.0,684.857,0.19536328809848513
6879.01,13.5853161,5854.0,248.774,0.19535783995353384
3301.01,5.451593,5773.0,786.257,0.19531791762993708
850.01,10.32103,5863.5,342.206,0.1951838271217964
2200.01,2.9360281,4983.6,251.245,0.19513386344221711
6220.01,19.6518502,6359.0,358.734,0.194986659624904
6129.01,5.0310168,5656.1,762.451,0.19481226672717156
6467.01,11.9964056,6311.0,885.89,0.19475130154950407
4935.01,17.4219809,6282.0,458.015,0.19475059024130106
4354.01,10.6306165,5737.0,140.228,0.19457894503695056
6126.01,7.1603723,5767.0,565.492,0.19452589954539906
5442.01,12.7091678,6145.0,499.409,0.1944646524205549
5405.01,9.0711977,5649.0,644.909,0.19445131922606962
5681.01,1.1041295,4974.0,336.074,0.1944195824171643
4586.01,5.3909915,5405.0,150.445,0.19439621691751977
2521.01,5.563087,5491.4,341.347,0.1940653788739063
4789.01,7.5002702,5644.0,626.811,0.19399469846616782
4697.01,5.0274739,5178.0,1206.44,0.19398303449837603
5468.01,20.9233666,6283.0,507.02,0.19390743395306462
1225.02,8.1213102,5522.87,252.615,0.19386675733278938
5008.01,2.7755355,5183.0,379.594,0.19379779659553226
7765.01,10.5037051,5971.0,882.15,0.1937959351946465
6954.01,4.0207557,5019.9,190.042,0.1937264883896396
6520.01,7.6016156,5200.0,1261.35,0.19370271278108664
2050.01,13.5970194,5985.0,113.725,0.19368356398389605
4693.01,1.9113216,4578.0,213.014,0.1936773685813921
309.01,6.15733,5329.0,345.288,0.19363665844975947
305.01,9.94915,5852.0,689.883,0.19360657980824733
5277.01,15.9929608,6132.0,876.326,0.19359477041959433
3471.01,8.7520247,5666.0,454.021,0.19356354008306845
7653.01,11.0462788,6055.0,1055.34,0.19355861071127076
5875.01,5.216581,5248.0,454.912,0.1934455297655559
4881.01,4.4158835,5306.0,977.09,0.19342077632006444
2586.01,9.5835608,5781.0,336.733,0.19338125922272748
6144.01,6.3765906,5433.0,923.907,0.19333023900913882
4979.01,3.6305988,5156.0,182.678,0.19331800722711154
4156.02,12.822639,5986.0,213.719,0.19329238149238004
7495.01,11.5843559,5631.0,299.538,0.19325811498212286
6959.01,3.1381914,5210.0,804.639,0.19322572631247362
4764.01,1.6025971,5164.0,514.58,0.19311995082211858
5783.01,5.4459647,5483.0,78.454,0.193065804450633
5140.01,15.6113633,6061.77,35.26,0.19302649346014925
2553.01,8.3848067,5757.5,339.025,0.19281190063398948
3867.01,5.7310859,5552.1,488.695,0.19277877757795875
2800.01,7.7538288,5504.0,386.71,0.19271826576159995
6541.01,5.8991458,5419.4,64.4175,0.19260135487919805
7200.01,5.0660693,5269.0,492.764,0.19252565288382706
6397.01,1.6707289,5041.0,430.356,0.19248767638126782
7376.01,7.4861705,5658.0,630.502,0.1923469136584101
6600.01,3.8030207,5035.0,174.42,0.19214237743748086
5423.02,3.3928027,4964.8,261.785,0.19210152455626872
7504.02,4.4443069,5216.0,117.196,0.19193549948670932
3575.01,8.084554,5739.0,399.524,0.1919325280912127
4878.01,4.728422,5655.8,720.203,0.19168200619094605
1464.01,11.3125266,5290.0,151.654,0.19167408997104043
2104.01,3.2723118,4907.0,76.7418,0.19167346132671018
4210.01,1.0754208,4614.0,393.038,0.19167041005640723
4186.01,12.7503356,5639.0,68.4487,0.1915473002946454
5749.01,5.4328364,6024.0,609.042,0.19152504735638914
746.01,10.9803114,5614.9,234.418,0.19140119034991096
4816.01,11.2473628,6141.0,1047.64,0.19123945250516378
948.01,12.7009,6092.9,370.711,0.19119097387683742
4639.02,13.0780555,6153.0,205.737,0.19108272481940378
4678.01,4.7743169,5549.0,614.098,0.19102571088697
5651.01,10.6893108,5887.0,817.484,0.19083192036609467
1544.01,1.2918334,4630.4,454.3057,0.1908252654023373
2181.01,8.379057,5574.0,322.09,0.19078541788407097
7804.01,5.8597331,5576.0,565.545,0.1907083593532004
5477.01,5.8936518,5508.0,336.879,0.19064748253786248
4774.01,8.6000244,5700.8,469.594,0.19059075218991794
2244.01,5.46377,5286.9,174.318,0.19036205554032473
5294.01,5.6707432,5462.7,269.595,0.1903564759745976
6266.01,2.7895524,5039.0,42.6435,0.1903024653688832
6026.01,1.2757761,4540.4,42.0564,0.1902954949919422
2402.01,5.5094951,5519.0,345.003,0.1902402645904434
5752.01,6.7113743,5616.2,634.873,0.19023345576166636
2659.01,1.2558789,4926.0,328.18,0.1902145622181632
2279.01,3.1434463,4962.0,94.186,0.1902060944409344
2422.01,18.23603,6159.7,100.804,0.19014650854574303
319.01,0.7135373,4349.7,182.561,0.19007527056950227
7680.01,13.3040542,5884.15,262.514,0.19000956674809924
5254.01,4.4836616,5646.0,613.744,0.1899279463808043
3511.01,1.0848133,4670.0,427.611,0.189795915222176
6945.01,14.8547783,6397.0,890.043,0.18976441986269574
4653.01,16.3764188,6397.0,376.59,0.1897074915559874
6138.01,9.7824078,5749.0,362.283,0.18970318274048728
3936.01,1.4858906,5196.8,922.432,0.18969211942579772
2159.01,10.0509704,5844.0,294.398,0.189650811233245
6470.01,13.7333847,6415.0,592.196,0.18960371577328883
7081.01,12.7617794,6305.0,837.097,0.18952712999601012
3197.01,2.1972485,5146.9,1246.7,0.18943430812453904
2481.01,11.994832,5567.0,151.756,0.18914024339055902
1974.01,5.438218,5342.0,238.426,0.18913685609201136
4660.01,1.5090806,4674.0,257.346,0.18912353778337448
1077.01,1.6062693,5192.0,463.683,0.1890107273847135
4103.01,12.2740928,5674.0,243.002,0.18899793694681427
2123.01,10.3088514,5432.0,86.2732,0.18898404681102285
7201.01,7.2229767,5753.1,532.126,0.1889786218007229
6655.02,12.9587054,5564.0,127.16,0.1888870006384422
5345.01,1.1062164,4816.0,207.17,0.18882769533617094
1835.01,5.6419598,5297.0,32.1585,0.18880717549784656
1287.01,9.6001126,5891.0,92.7225,0.18871301374082672
5858.01,7.1476512,5287.0,318.912,0.18858364586463924
6540.01,4.5127799,5643.0,796.484,0.1885381415439616
4418.01,7.6247217,5343.0,101.606,0.18845178171694493
7715.01,0.3236317,4006.0,56.9967,0.18838906191031557
7695.01,7.2728976,5385.0,38.5685,0.18835939631651372
2873.01,1.252025,5000.0,269.192,0.18835708689661387
2235.01,17.14012,6378.0,405.817,0.1882941041635695
7091.01,4.8510805,5578.5,925.412,0.18812063042113092
6798.01,22.3751134,6477.7,290.48,0.18800064326433372
5543.01,3.5424466,5058.0,125.194,0.18796282544047396
5413.01,12.612483,5981.0,292.347,0.18795692298539593
6234.01,6.6283182,5528.0,631.946,0.18790168859273731
5541.01,9.0182382,5805.0,378.277,0.18781727933928508
2069.01,5.9214229,5268.0,38.6215,0.18776670207587604
4908.01,19.7112002,6636.0,1076.25,0.18769128119832662
5382.01,14.5416243,6277.0,215.238,0.18765700077255817
4092.01,7.495973,5667.0,686.613,0.18743386440938892
4726.01,4.2971136,5203.0,250.87,0.18737572269185954
6074.01,12.1324506,5865.0,34.5797,0.1872077506988282
4966.01,7.3136902,5654.0,738.075,0.18711890486682026
5461.01,7.4603194,6034.1,620.87,0.18697215325760902
6602.01,1.5840089,5188.0,447.901,0.18688305011421805
2104.04,1.9803146,4907.0,76.7418,0.1868426623012697
5159.01,5.8365098,5259.0,55.1788,0.18674986609618555
6862.01,8.2241876,5669.2,383.433,0.18667889922108633
5620.01,3.2856588,4898.9,227.174,0.18656432076535232
3620.01,4.8893985,5639.0,763.466,0.18654714824771287
5666.01,5.468394,5526.0,777.763,0.18653717615681192
2309.01,20.2656358,6276.1,223.516,0.18651719203418818
5478.01,8.3026667,5656.0,591.13,0.186419689225101
3609.01,6.3854622,5519.0,474.723,0.18640844033915718
5653.01,7.4992916,6038.0,593.733,0.18637452990909448
4040.01,7.1357259,5446.0,297.107,0.18620687353478946
7358.01,7.0548729,5628.6,500.308,0.18619585121833127
356.01,5.7694373,5499.0,835.557,0.18605630413282515
6315.01,4.4532909,5613.0,751.084,0.18596948604966998
5553.01,1.7617165,4732.72,103.347,0.18591599324806465
4553.01,20.3129649,6490.0,309.746,0.18585294239795647
4568.01,14.0063765,5899.0,48.0378,0.1858304357908352
1829.01,6.2895835,5565.0,479.529,0.18582004080381703
786.01,12.6693847,5853.8,167.948,0.18568488285035759
327.01,10.0550764,5960.0,958.071,0.18557849016944916
1748.01,1.8318623,4837.0,101.084,0.1855648327409169
3667.01,5.4439776,5717.0,740.924,0.18541204558616184
6981.01,425.4506963,3261.0,25.4675,0.1853861158340932
3325.01,4.2732096,5332.0,522.799,0.18532901320728762
6059.01,6.3667329,5413.7,118.685,0.1853123469202214
4322.01,13.4190972,5914.2,188.964,0.18529875137428892
6722.01,3.9613114,5221.0,449.618,0.1851691207717205
5230.01,7.1452343,5685.0,576.539,0.18510177478123327
3084.01,5.1057571,5495.2,555.622,0.1851008638348863
6183.01,8.7311119,6047.0,912.735,0.18498718589772195
7841.01,6.0284737,5722.0,673.446,0.1848596957673931
3907.01,1.7213564,5072.0,381.744,0.18480667031861675
6378.01,12.9589981,5925.0,489.542,0.1848018333098201
709.01,32.3766006,50000.0,1350.32,0.1847287885137861
1868.01,8.8263579,6016.0,766.271,0.18472818602722296
3701.01,4.2605739,5457.0,514.526,0.18465598943739747
1208.02,10.983042,5626.0,134.757,0.18464503079719283
6891.01,8.3106603,5675.0,517.159,0.1844127153008921
3801.01,5.8677921,5565.6,488.069,0.18441119667703784
3486.01,2.217782,4841.0,154.715,0.18431121317363744
6974.01,7.7517707,5741.0,360.739,0.18430279190277704
119.01,5.5411113,5332.0,66.6187,0.18426923595854702
7389.01,26.345109,5895.0,100.677,0.1842583670546863
4198.01,4.746318,5648.0,545.887,0.18425784200054157
2756.01,1.5622382,4801.0,768.897,0.18407409079593795
2102.01,6.7060238,5292.0,183.737,0.18405519586226557
4450.01,10.6925011,5844.0,210.858,0.18403473979545482
7253.01,5.4240992,5386.0,271.363,0.18402468774051503
5606.01,1.236949,4660.0,316.465,0.18400459313132816
721.01,12.2877122,6008.62,206.294,0.18398746386091872
5088.01,10.3883213,5638.7,86.9438,0.18393111754821695
2711.01,5.7604868,5530.3,470.297,0.18387724962043717
6830.01,1.8778647,5100.0,220.491,0.18387535905506394
723.01,1.4178609,4907.96,80.9812,0.18366485737070729
7304.01,3.4977997,5209.0,327.383,0.18359709155441173
1413.01,6.1182129,5427.0,115.417,0.1835648252028931
772.03,2.7912365,5184.0,135.371,0.18348993717866044
7748.01,8.3256491,6024.0,813.208,0.18343230320227238
2255.01,11.9526103,6049.0,394.556,0.18340840894617083
6932.01,8.9533044,5808.0,881.714,0.18339850499951615
7692.01,19.6869936,6394.0,229.395,0.18333469142544118
872.01,2.2395544,4872.54,179.254,0.18317830532011084
3500.01,7.3436151,5406.0,195.884,0.18310113455523505
2631.01,6.6314357,5752.2,454.87,0.18304449211464502
5759.01,8.350615,6075.0,738.614,0.18290087095983906
341.01,1.81383,4775.0,415.551,0.1827853496231067
2032.01,17.0096703,6542.0,293.0,0.18268552386248196
299.01,5.7217124,5541.0,447.784,0.18262569635947654
7635.01,7.6516944,5686.0,795.144,0.18240102987815324
6650.01,20.3292125,6500.6,237.169,0.18201874021575626
5200.01,17.4372954,6520.0,451.568,0.1818122917283773
2092.01,4.3032642,5468.73,176.759,0.1818098515278449
6247.01,24.091624,6675.0,216.838,0.18172832371305286
1718.01,5.5870396,5378.0,52.3044,0.18169158589928158
7073.01,13.1689848,6282.0,920.505,0.18163936856470916
4063.01,1.6323062,5099.9,408.646,0.1815717084820318
202.01,1.7386695,4746.0,627.339,0.18143291563156008
4644.01,0.3181853,4242.23,88.7751,0.18139822397729727
2043.01,12.0135752,6178.0,203.562,0.18137117786778462
3656.01,5.5122277,5587.5,613.169,0.18134990017230276
6607.01,11.1860909,6520.0,741.795,0.1813209508063571
1264.01,2.7441672,5040.0,141.755,0.18118091216726623
6897.01,8.330174,5858.0,987.789,0.1811436402168724
6487.01,14.13519,6466.0,633.364,0.18111458856976612
2573.01,4.5815438,5525.0,593.937,0.18085057874374932
7369.01,10.2887023,5853.0,301.793,0.18083278162984023
4238.01,1.2732245,4973.0,395.573,0.18079097392309124
2716.01,7.5420435,5949.0,447.236,0.18066021658392942
5116.01,3.4355113,4870.0,197.234,0.18063559528153433
768.01,11.5294381,5956.0,469.997,0.1805553349708819
6960.01,1.3059494,5107.3,236.69,0.18053752409566134
7570.01,11.8106694,5629.0,232.532,0.18053603674984203
5771.01,6.6867154,5839.0,864.093,0.18051186872161268
4286.01,1.0268508,4938.0,415.392,0.1804722525856436
4045.01,7.9927894,5530.9,598.385,0.18041941205431553
5779.01,10.2515829,6080.0,1161.94,0.18036643664505422
963.01,11.1178464,5814.9,203.873,0.18031693833389448
883.01,10.0577297,5651.0,102.637,0.18029718837410338
6772.01,3.940549,5493.0,539.819,0.18016118742752604
4803.01,8.4516737,5782.9,531.218,0.18007159822417657
5056.01,7.6686232,6066.0,397.322,0.18003632080382354
7435.01,4.6821297,5565.5,823.284,0.1800136751049974
7283.01,9.0612809,5876.0,420.278,0.1799944171286895
4343.01,11.5418525,6112.0,242.572,0.1799352542629774
1137.01,1.3206356,4919.6,419.435,0.17979889756373724
5705.01,10.5998647,5888.0,128.329,0.1797915087800933
4443.02,10.3088724,5834.0,56.0739,0.17978425393792588
841.01,3.4934316,5153.0,306.068,0.1797821979407204
7621.01,14.2391963,6556.0,561.347,0.1797417952598478
3033.01,3.9982381,5509.0,549.708,0.17961069280673292
7218.01,4.9030173,5663.0,552.389,0.1796095273601964
7660.01,6.5462823,5669.0,846.22,0.17953575826754214
3849.01,1.2220437,5196.0,489.128,0.1795086347488205
5453.01,8.3762443,6086.0,719.398,0.17949648887160446
3805.01,3.8960447,5295.0,406.497,0.17949565772225
7338.01,3.3847215,5199.0,45.9409,0.17948441399034698
5088.02,13.4155226,5638.7,86.9438,0.1794178672139939
6241.01,3.7812464,5209.0,278.827,0.17938343990322336
4806.01,8.4476983,5902.0,349.88,0.17934594162346815
3722.01,1.0788649,4920.0,783.568,0.17933384408902367
4977.01,7.7023687,5333.0,294.629,0.17926775888016983
2252.01,12.379649,6582.0,713.878,0.17923608423791862
5521.01,18.5146638,6379.0,137.592,0.1790437728897226
7392.01,7.3050577,5382.0,120.234,0.17902143528928766
6535.01,20.8359197,6838.0,637.497,0.17897032642659927
6221.01,9.8326403,5966.4,606.891,0.17876776480769346
823.01,13.5337579,6309.0,201.873,0.17876527209773183
3875.01,6.0835972,5579.0,404.598,0.17875785432419555
5208.01,12.2307873,6164.0,386.638,0.1787471981141305
6933.01,9.765482,5887.0,737.065,0.1787283078443166
5947.01,6.9341584,5451.0,57.6245,0.17860190682554297
3770.01,0.9183768,5176.0,462.312,0.17849322294534034
6169.01,17.9661374,6891.0,688.605,0.17848705104652748
1692.01,17.7286608,6554.0,341.119,0.17832680253550662
3573.01,9.8170028,5994.3,412.387,0.17830478504810382
4511.02,10.9776867,5708.0,121.832,0.17819611641966365
7320.01,6.6802019,5801.0,669.515,0.17819303999263705
5968.02,9.2152386,5940.0,122.831,0.1779939043057867
1415.01,14.4204896,6383.0,112.152,0.17799244723559515
2467.01,1.7556616,4909.0,94.7639,0.17792661809649674
7272.01,7.5801393,5860.0,974.98,0.17788991795974896
4900.01,7.6650157,6085.0,1026.01,0.17784380914428638
7148.01,1.3432587,5031.1,245.173,0.17784323676246674
5469.01,29.3312035,7618.0,727.4,0.17773304826457054
2697.01,4.3169755,5683.0,911.81,0.17762681143307266
5495.01,9.6569059,5729.1,190.774,0.17757898634320862
7282.01,5.3346707,5509.3,546.966,0.1774428198752598
5371.01,1.27615,4671.0,324.08,0.17739532580053752
4674.01,4.2430633,5595.0,860.97,0.17731312778247763
3383.01,9.7325799,6300.4,810.86,0.1773036722118871
3927.01,4.4921154,5353.0,426.94,0.1772006375909471
3309.01,7.4832824,5306.0,288.963,0.17718276086850937
5362.01,13.7279713,6416.5,905.181,0.1771759238619815
5228.01,8.3221959,5899.0,925.944,0.1771122469228289
6504.01,6.8328077,5657.0,789.385,0.17703557060631728
252.01,1.0021853,5071.0,190.596,0.17701564084748017
3097.01,1.3683875,5000.0,347.415,0.17696678248396147
494.01,1.7018818,4985.0,89.9559,0.17695122453540976
7361.01,8.2158997,5820.0,300.566,0.17694381556106362
1586.01,1.80794,4628.0,800.464,0.17689311123618837
7624.01,16.7788188,6461.0,170.87,0.17681886316618234
4974.01,10.6006859,6303.2,782.916,0.17678333096899398
911.01,8.5841822,5963.0,84.7758,0.1767796456966529
7298.01,5.2554768,5298.0,178.749,0.17670342886315663
4195.01,5.4447698,5890.0,491.261,0.1766775658947768
6914.01,9.3079811,6076.4,403.421,0.1765640471183754
7698.01,4.5701356,5352.9,109.79,0.17652254024150668
1938.01,12.7060866,6200.5,245.295,0.17644186322258532
3256.01,6.3096313,5829.0,426.474,0.1764307909339328
7408.01,8.0242387,5531.0,654.033,0.1763796653894712
4388.01,4.4742339,5225.05,284.225,0.17637548727907212
1701.01,1.3341738,4685.1,123.643,0.17624965526031125
4727.01,7.151653,5635.0,467.492,0.17622004308925235
3624.01,7.6460931,6065.0,484.093,0.17621361532817265
6742.01,8.1678648,5859.0,1038.26,0.1761907507606141
6346.01,6.3111727,5531.0,508.418,0.17614421120790033
4565.01,692.5150646,3614.0,33.2345,0.17607244698773172
1251.01,5.9630544,5273.0,185.952,0.17606905812076665
2563.01,5.0182311,5487.0,501.58,0.1760474432296832
2039.01,11.2479927,6308.0,276.053,0.17598672892171738
2077.01,6.1155829,5284.0,91.8282,0.17584957884822472
7167.01,13.723753,6374.4,502.982,0.17584236057076055
2016.02,2.4590369,5175.0,115.834,0.1757121037719035
5949.02,3.3751374,4996.0,53.6142,0.1756163780139638
6452.01,5.2477739,5647.0,538.47,0.17560210546928004
4792.01,8.4481666,5826.1,243.539,0.17558630314734372
3665.01,0.8746494,4977.4,244.03,0.17526569703271064
4647.01,8.8346147,5991.0,117.411,0.17502893713936576
5078.01,1.5110224,4595.0,53.579,0.17498453660281538
739.01,9.0150439,6083.61,340.416,0.17488903968251346
5740.01,1.689442,4552.0,168.06,0.17463631314764783
1822.01,9.6136615,5637.7,312.52,0.1745453402109974
7382.01,1.0370296,5075.0,85.2762,0.174533804067025
5397.01,9.6477019,5621.7,133.778,0.1745144827506085
1761.01,11.5922513,6311.0,242.537,0.1745064487614606
4778.01,3.8074213,5296.0,685.855,0.17449715884730171
162.01,7.764691,5404.7,274.733,0.17448635406920177
6710.01,2.067123,5113.3,75.1812,0.17444665642208837
5143.01,5.20971,5296.38,181.38,0.17443180099716254
7078.01,6.3962557,5847.0,416.945,0.1743998749174462
6560.01,17.2051468,6470.6,176.365,0.17438627825618572
678.01,11.3298459,5624.0,205.847,0.17420602686962
2242.01,6.53144,6037.2,349.478,0.1741779641875638
7659.01,6.5570788,5637.0,915.582,0.17416264925151237
3934.01,11.7512673,6571.0,710.669,0.1740000525975643
6209.01,0.747693,4825.0,314.979,0.1738994267215147
5502.01,11.6260799,6317.0,248.654,0.1737477237331293
6853.01,10.636983,6297.0,855.371,0.17357041418132702
2227.02,11.5472009,5763.48,165.441,0.17351700247807464
7110.01,8.8182594,6052.0,1165.55,0.17351056472553886
6491.01,7.5520411,5936.0,641.243,0.17350224127332964
6080.01,8.0555716,5680.0,188.183,0.17339969989098303
2484.01,8.3272872,5632.0,179.127,0.17339743322809145
978.01,13.1660135,6368.0,291.631,0.17326582852913155
2514.01,6.3951381,5563.0,173.764,0.17313206071128234
1684.01,1.1549925,4815.0,87.5878,0.17309563783049456
2381.01,5.0451188,5337.0,422.151,0.17308232100612475
3292.01,4.2545208,5674.0,894.68,0.1730183026269685
5656.01,3.2487833,5149.0,302.304,0.17286649166544074
7720.01,8.0315366,5790.0,636.41,0.17278557071791878
6392.01,6.9603975,5837.0,658.966,0.17277721619718925
5137.01,3.2092033,5060.5,238.775,0.1726673727414569
2506.01,14.9695925,6456.0,236.243,0.17266360885490775
5829.01,1.3502386,5015.0,418.945,0.17264121282248676
7202.01,7.7600907,5940.0,848.758,0.17263465441480655
5512.01,4.5589188,5429.0,416.236,0.1726216733595624
7822.01,4.497299,5394.0,196.924,0.17261038294840764
3576.01,4.6387689,5543.7,582.817,0.172549868772603
5234.01,15.1016086,6511.0,302.144,0.17253028361063957
2344.01,8.3129806,5929.0,802.875,0.1725021088434123
3173.01,8.7719993,6057.7,590.194,0.1724892534979981
6391.01,5.01345,5505.9,513.641,0.17243242150794888
7214.01,8.9093753,6375.0,884.34,0.1723816739062101
5697.01,6.2183322,5554.41,150.233,0.17231534377995383
6490.01,7.842208,6428.0,965.524,0.17229357988335892
2806.01,11.4045112,6334.6,240.359,0.17223242891685736
374.01,5.4820954,5719.0,702.626,0.17207690401847234
4173.01,8.2713274,5921.0,462.904,0.1720448557039538
5949.01,1.8826035,4996.0,53.6142,0.17204284759686922
6590.01,7.0911739,5924.0,949.219,0.1720243322939039
4685.01,7.0308254,5516.0,249.796,0.17201354050614376
6557.01,12.5383316,6018.0,168.977,0.17201239329972662
6571.01,11.5379235,5835.0,218.468,0.17197426505446892
6114.01,8.9539287,5943.0,486.122,0.17195561061344733
7824.01,4.5947031,5596.1,541.706,0.17194703536309588
2612.01,13.3572104,6636.1,636.656,0.17192274229259236
4691.01,8.5725884,5807.0,994.05,0.17190752914506363
7262.01,6.4093679,5792.0,396.313,0.17186555414645363
5878.01,3.4363074,5213.0,350.804,0.17183432129725834
6995.01,9.9444971,6576.0,630.147,0.17175004207092934
2894.01,7.4190257,6004.0,617.411,0.17151074892984927
7655.01,35.0842983,8518.0,993.632,0.17147643158640058
2969.01,1.8237148,4581.0,163.996,0.17144131171660973
5221.01,4.4247361,5536.0,539.904,0.17141219930712764
3969.01,3.8522402,5371.2,608.077,0.1712612211808272
5474.01,8.4332312,5874.0,689.255,0.1711371828538791
6345.01,6.2378654,5301.0,244.686,0.17101630924654995
6917.01,9.7716812,6518.8,820.383,0.17096846596071258
4011.01,4.3359117,5815.0,764.591,0.17091227937429243
3638.01,4.9276886,5263.0,425.321,0.1707750546634965
4973.01,7.9486299,5742.0,178.064,0.17077464876189852
7013.01,4.2451891,5358.0,426.494,0.17063662052545156
3409.01,7.7605254,6070.0,364.285,0.170587088519145
5062.01,6.2244575,5692.8,627.41,0.17057572593129727
6871.01,12.4652143,5647.1,74.1676,0.1705744900299573
4578.01,8.6239097,5917.0,182.249,0.17057402112552744
6523.01,7.809463,5816.0,708.281,0.17053998598187006
6124.01,2.8474853,5149.0,271.974,0.17047378895340365
5265.01,11.5914514,5896.0,301.885,0.17040988604784663
4673.01,4.8667353,5383.0,480.34,0.17039135532270655
1687.01,10.2596322,5734.0,124.854,0.17032580178735632
6354.01,18.7541398,6681.2,512.561,0.17016673968647084
7315.01,9.6713674,5902.0,444.299,0.17012681316034037
6752.01,11.3648628,6128.0,384.758,0.17004672398139623
307.01,6.1668344,5747.0,738.175,0.16995200704208746
4701.01,8.5821795,5818.0,532.228,0.16984207590625602
4315.01,8.2861614,5809.0,134.093,0.1697449736960532
6730.01,4.3934744,5349.0,432.935,0.1696736935807614
4688.01,7.7688831,5851.0,435.088,0.16948269261917076
1889.01,0.9134495,4791.0,211.794,0.1693963572314613
6453.01,6.8688474,6621.0,1344.25,0.16935683921928824
6342.01,9.3568116,5866.0,299.126,0.16934616876228772
5827.01,5.0493049,5821.0,614.225,0.16934475072936792
6731.01,1.6322295,4778.0,566.544,0.16925093939233665
3007.01,4.2768515,5691.0,888.503,0.16915799595283063
6926.01,8.2864221,5643.0,549.607,0.16908722310620974
6194.01,8.6738593,6446.0,1013.07,0.1689999940626249
4245.01,3.1527177,5093.0,211.183,0.16897471531398317
2183.01,6.5011256,5485.0,105.334,0.16894995241538222
2739.01,3.1474843,5102.2,188.151,0.16892806120166434
5912.01,6.9038328,5612.0,802.137,0.16882780499597033
2767.01,0.934057,5023.0,877.955,0.16872474480398783
5725.01,746.9545356,3933.0,78.9286,0.168705051305762
5028.01,3.9353218,5806.0,929.659,0.1686794547061022
462.01,4.1074291,5205.0,205.366,0.1686298199208788
3465.01,3.9563671,5601.0,876.04,0.1686084164790894
2397.01,6.00327,5527.0,330.684,0.16849007031877444
3119.01,8.907516,6407.0,971.254,0.1684646091321729
5727.01,6.3928694,5712.0,261.104,0.16845820626044808
938.01,8.8073507,5981.0,215.034,0.16843212033653984
6840.01,8.9000334,5854.0,830.221,0.16826233578650626
5455.01,4.267781,5903.0,826.112,0.1682559329510546
4854.01,3.9230475,5620.0,722.239,0.1681828875852855
1179.01,1.2615323,4927.9,86.444,0.16814688900992955
3373.01,6.534605,5826.0,677.509,0.168118689136253
5482.01,7.9923268,5825.0,659.819,0.1681049723118912
799.01,5.5451661,5643.0,158.526,0.16809596123657847
6639.01,8.0136668,5831.0,597.698,0.16808409763346796
5117.01,11.6986928,6247.5,217.786,0.16804385607992814
6407.01,8.9913818,5863.0,671.665,0.16801920623577296
4347.01,35.3573239,7607.0,195.126,0.1679977564094801
3426.01,6.1786733,5806.0,687.367,0.1679951243742754
3139.01,3.9628496,5449.0,488.081,0.16795198465146066
4247.01,4.3539599,5883.0,631.768,0.1679453935543737
3441.01,4.2594558,5763.8,652.833,0.16790983262793951
1263.01,1.0214555,5098.0,46.5539,0.16757510872983386
5594.01,9.2271917,5899.0,683.54,0.1674877670962594
613.01,0.7784962,4949.2,221.016,0.16733827170633944
5703.01,10.1694553,5856.0,146.959,0.1671939199641734
6210.01,7.8580085,6406.0,1093.37,0.16717884580347936
6805.01,1.040425,4750.0,345.714,0.1671097251975869
4389.01,11.4041935,6160.0,330.437,0.1670069126574715
5623.01,3.6636707,5286.0,565.9,0.16692940714367263
3972.01,10.511362,5908.0,162.569,0.16688112845883774
5649.01,4.7518771,5676.0,649.889,0.16686418963121727
1706.02,7.4057777,5617.0,161.185,0.1668569395185631
7270.01,8.9197222,6348.0,924.716,0.166844420547637
7789.01,6.2948958,5346.1,230.887,0.16683695615607438
5690.01,10.4995545,6288.9,968.283,0.1668171243561745
5318.01,4.9583217,5801.0,916.994,0.16676286532488618
1176.01,14.0077666,6557.7,295.561,0.16669546942504782
3506.01,4.4961387,5554.0,528.922,0.166637441091042
4729.01,6.9279673,5950.0,464.949,0.16658937178220115
2968.01,0.7327757,5195.1,825.971,0.16652074619582405
3488.01,6.9625419,5727.0,278.915,0.1665052277705661
1708.01,11.44192,6259.0,235.782,0.16646347686145774
4349.01,749.1605231,3851.0,72.4603,0.16643045590540223
802.01,3.693916,5235.78,28.1042,0.16641096255618876
7336.01,0.5418555,4954.0,44.6892,0.16637180816905328
5303.01,9.809558,6480.0,955.654,0.1662783596296579
2748.01,4.7838171,5688.0,539.161,0.16619604082733716
4711.01,3.7081082,5337.0,1162.16,0.1661786676565005
3378.01,2.6101478,5320.0,915.563,0.16614861419066418
7836.01,22.8439476,6626.0,473.601,0.1661292366849338
4937.01,5.0414219,5838.0,1030.16,0.16612664774044228
7827.01,13.1403668,6482.0,688.796,0.16598810407037323
1765.01,3.493958,5203.4,229.44,0.1659615389267738
5642.01,10.2682326,6181.0,1004.08,0.1659557219105115
1349.01,12.71672,5711.1,130.242,0.16593298585782829
2223.01,6.9309657,5847.0,601.919,0.1658878705555247
5664.01,3.8863969,5436.0,701.942,0.1658634563558955
5844.01,6.0671557,5737.0,465.656,0.16574328973108896
1874.01,17.8683999,7013.0,639.003,0.16552559480791534
2990.01,7.4659746,6439.0,763.643,0.165525387625861
7005.01,8.1420107,6089.0,723.398,0.16551695244076697
7850.01,10.6129868,6543.0,772.939,0.1653141532183088
6235.01,7.8209807,5917.0,374.957,0.165177926003464
2819.01,4.3905983,5796.0,655.523,0.16515028049958808
7488.01,3.9072366,5500.0,996.938,0.16511508181499004
7297.01,8.1563148,6366.8,825.989,0.1650995304989425
4930.01,6.7789159,5804.0,413.757,0.16508007640329686
3958.01,12.0031646,6362.0,436.306,0.1650787581450806
3897.01,7.6607094,5911.7,405.176,0.16502911582340127
6437.01,8.31001,6649.0,854.485,0.16501738118763942
145.01,5.13002,5430.7,438.421,0.1649713623271362
5182.01,7.3039588,5718.0,208.267,0.16486054572083003
2037.01,11.1516668,6319.0,263.958,0.1648393667264585
6106.01,6.4240944,5618.0,294.59,0.1648389916639973
4041.01,7.8808589,5914.8,311.111,0.16481220366279378
1664.01,11.835079,6225.0,143.031,0.16477026947302378
1123.01,1.20928,5159.8,161.932,0.16469457012131117
4819.01,1.5889429,5150.0,319.863,0.16468341142867832
5252.01,8.5394045,6369.0,913.714,0.1646465855951109
4647.02,11.0696104,5991.0,117.411,0.16460315201699882
6301.01,7.1436336,6604.0,1175.42,0.16456139907562733
5317.01,8.662046,5981.3,578.773,0.164486507869517
1436.01,0.8675883,5011.22,131.601,0.16433413107792957
2292.01,7.0767314,5781.0,204.888,0.16431675820205782
4493.01,1.5076298,4954.0,181.32,0.16431270228897948
6205.01,3.9089363,5800.0,923.266,0.1643115343565497
166.01,5.0611315,5254.0,172.157,0.16427167463598352
5248.01,0.701239,5126.0,423.737,0.16425977971558542
4830.01,7.6945481,4875.8,2693.98,0.16421296844034342
3156.01,0.7463239,5132.0,445.1,0.16414639382690452
4875.01,9.7929019,6322.0,651.686,0.16399146456077549
7766.01,3.6727161,5778.0,944.357,0.16397182726250734
3737.01,5.5609997,5863.0,324.005,0.16396896443944964
7601.01,6.7230209,6371.0,1231.01,0.16394446441425767
3582.01,4.4168832,5847.0,624.477,0.16389797336881798
6655.01,6.8672313,5564.0,127.16,0.16382846611628282
7241.01,6.3377947,5974.0,346.341,0.1638048411034772
7641.01,10.1083877,6241.0,735.584,0.16367375747382934
6061.01,8.1309123,5639.0,79.384,0.16362300689637446
3591.01,8.4843917,5859.7,597.467,0.16361550651938406
5194.01,7.0485133,5889.0,526.642,0.16355694347363336
4223.01,7.2654708,5944.0,502.584,0.1635537607671698
7340.02,3.4438328,5143.31,131.621,0.16351728165108767
6868.01,3.4106422,5222.0,708.514,0.1634876686848985
1873.03,7.0056805,5699.0,182.014,0.16348506738799343
4843.01,8.3548746,6643.0,846.607,0.16342933437879179
2691.01,3.8821916,5283.0,374.763,0.1633962699982035
7848.01,4.0024596,5215.0,222.24,0.1633658627149084
7744.01,9.2617884,5898.0,635.936,0.1633344069748883
6927.01,4.3427321,5737.3,628.904,0.1631119559362794
5475.01,10.0532043,6553.2,655.835,0.1630398485068351
3887.01,4.2441117,6034.0,823.577,0.16300477238321887
3915.01,2.2012625,5177.8,275.019,0.16292337973709864
6340.01,8.2686298,6275.0,785.17,0.16291739876060002
3118.01,3.8098324,5406.0,423.105,0.16285515534301603
7100.01,7.4156006,6446.0,849.58,0.16280502318570156
3692.01,3.3210331,5218.2,1182.39,0.16265668625618257
6443.01,9.9872075,6453.0,644.794,0.1624808537058413
2792.01,7.1185659,5945.0,777.673,0.1624750139861181
2825.01,5.9492615,6041.0,747.884,0.1622969222340143
2670.01,12.9281223,6332.0,171.703,0.1622924256890732
4855.01,7.5872202,6419.0,1198.79,0.16227607402448996
7327.01,5.0789699,5826.0,908.363,0.16224908302254076
5808.01,7.1701672,5707.0,79.953,0.16223748056282047
2101.01,9.0753271,5619.0,178.427,0.16218941328517858
7387.01,9.0856617,5999.0,597.533,0.16218301494637405
1804.01,4.9246365,5428.81,139.11,0.16214990984818686
4834.01,3.118166,5218.8,537.158,0.16211100878425674
2556.01,8.0149323,5886.2,277.281,0.16198920908412615
2560.01,3.5511203,5321.0,594.274,0.16198871315017999
4850.01,7.6778159,5938.0,643.481,0.16183398070704438
5659.01,6.2230846,5845.3,803.472,0.16182487915733146
7541.01,14.606276,6594.0,1160.04,0.16181443172432
4055.01,4.567925,5675.0,602.399,0.1618105202841496
2900.01,1.317173,4649.5,1036.78,0.16174362186722857
1035.01,6.0744477,5964.0,347.556,0.1617435839994939
1999.01,7.2133579,5843.0,183.691,0.16171598841030124
4024.01,6.3262148,5842.0,958.682,0.16166752090087397
4561.01,8.9356558,5631.0,179.008,0.16146709681487362
4086.01,5.6917579,5783.0,592.872,0.1612342611553305
2429.01,7.0846492,5517.8,87.0852,0.1612256999282324
1879.01,13.7045951,6531.0,982.768,0.1612255077734149
4658.01,6.0142432,5575.0,222.47,0.16122213227989007
4080.01,3.7519831,5389.0,543.607,0.1612060535503514
6352.01,7.4562671,5822.0,213.45,0.1611806652013197
6142.01,4.9564809,5511.0,518.031,0.16114530606557115
4013.01,2.6325313,5407.0,851.105,0.1609967780570959
4413.01,4.4719815,5364.0,92.9715,0.16098049314291715
4301.01,6.5445251,5686.0,143.833,0.16092268373034568
1269.02,9.2378703,5591.0,172.138,0.1609122898455505
138.01,6.1982658,5722.0,128.488,0.16090320058130966
5729.01,554.4989676,3870.0,81.2392,0.1608407925535248
2410.01,0.7988525,4785.0,232.822,0.16082592157120992
4918.01,6.5329169,5698.0,465.792,0.16074581234618227
3727.01,13.3988634,6475.0,461.037,0.16072107462561636
5369.01,4.2460352,5905.5,821.427,0.16070402613223325
1007.01,6.9989206,6596.0,283.291,0.16054254387001093
7815.01,5.5248485,5771.0,423.463,0.16044651861371417
395.01,6.0613441,5949.2,321.882,0.16030908103877764
4241.01,3.1118943,5412.6,598.001,0.16029039412174653
7087.01,7.9039906,5797.0,965.596,0.16028381531620872
4313.01,6.8227645,5781.0,232.521,0.16023634858705318
5465.01,4.3983492,5717.9,627.935,0.16019490902928216
3674.01,4.4619426,5854.0,727.282,0.16017852870041305
7603.01,6.6802856,6451.0,992.347,0.1601652239903021
7546.01,9.6414086,5949.0,238.985,0.16016340410558905
5913.01,10.1522322,6509.0,694.7,0.16015507056331021
6282.01,12.4751631,6055.0,113.881,0.160147923036616
5686.01,4.2366102,5407.5,394.427,0.1601391629968111
3006.01,8.61346,6595.0,561.854,0.16010934113165692
3341.01,8.6369598,6040.0,543.009,0.16001057288376244
7047.01,5.2729668,5294.0,216.12,0.15999065994800496
4845.01,4.21909,5367.0,850.137,0.15989361690084908
2940.01,4.5991516,5262.9,1080.4,0.15980907865147012
5706.01,0.3576555,4717.0,120.483,0.15976248532366438
7661.01,12.526776,6692.58,552.599,0.15974057929857982
4038.01,4.2989288,5671.0,562.818,0.15971724469936394
2698.01,3.270563,5219.5,440.358,0.1595895453049873
2817.01,6.2804387,5900.0,331.16,0.15955847309406837
7666.01,5.0145963,5419.0,433.465,0.15948695343038546
2287.01,11.8120707,6037.0,94.9685,0.15946371593077166
5215.01,7.4244269,5873.0,666.058,0.1594008015085034
6906.01,3.4770171,5225.91,514.449,0.15938044292670048
4183.01,11.7915574,6407.0,135.086,0.15923706673153556
7427.01,3.5254649,5366.0,619.561,0.15904720516333815
2350.02,4.8714085,5484.0,185.506,0.15901234304165437
7271.01,7.1304113,6014.0,738.872,0.158924343972243
2904.01,7.5010022,5673.0,519.895,0.15882553315427486
4133.01,4.1571604,5766.9,708.626,0.15876081273625098
6828.01,3.4894537,5415.7,546.355,0.15870578271638758
2978.01,4.3497551,5667.3,547.599,0.15863845945765573
2889.01,3.6579148,5765.0,937.591,0.15859056309346964
6566.01,7.5837846,6457.0,793.88,0.15854241291965068
4452.01,3.4149091,5480.0,718.574,0.1584332479734986
4154.01,7.3446285,6320.0,975.983,0.15843077396768007
2186.01,4.476922,5772.2,771.822,0.15841731341445695
2810.01,8.4035706,5910.0,99.5473,0.158240423374616
5714.01,7.7784947,5610.2,141.492,0.15823564860730266
3895.01,6.6713748,5614.5,525.225,0.15823062760425877
6548.01,8.5473,6619.0,971.803,0.1582269447377503
5604.01,11.1801504,6413.0,373.528,0.15818393292192598
4690.01,11.5341529,6356.0,395.245,0.15816665377550235
6435.01,6.1161423,5858.0,288.377,0.15816545850058494
2918.01,9.5680636,6511.0,632.543,0.15814714268212174
3342.01,5.9709305,5748.0,340.802,0.15807295616027192
7782.01,3.4695282,5255.0,599.002,0.15805371666961682
7706.01,21.7201348,6750.13,312.449,0.15803803294954213
4956.01,5.1087099,5770.0,572.058,0.15801105958358413
6685.01,10.7715898,6055.0,191.447,0.15795073471575535
6942.01,11.2320736,6234.0,255.34,0.15788011259675547
2188.01,3.735051,5829.0,780.137,0.15784199646994526
7222.01,5.1869453,6018.0,816.499,0.15780306586644458
2861.01,6.6269971,5940.0,819.583,0.15775531090887301
5718.01,716.8426894,3922.0,65.9721,0.15772943166941092
924.01,12.1272702,5682.0,251.24,0.1577176554965525
3538.01,7.3105415,6353.0,999.475,0.15770476667749592
4926.01,6.809144,6464.0,880.334,0.15767916646005697
2724.01,1.4875055,5142.0,396.678,0.15751010882286953
1845.01,3.6610026,5271.0,418.239,0.15746828689816447
539.01,0.3096062,4836.0,108.368,0.15734100590162922
2797.01,4.2380604,5798.0,642.911,0.15732939748988456
3943.01,5.5613023,5607.0,766.246,0.1573119137167131
4120.01,4.8952783,5828.0,912.594,0.15730632460147326
2526.01,8.011385,5923.0,302.145,0.15728609447377048
5304.01,3.7079439,5265.0,472.687,0.15724991221702325
6108.01,3.8783341,5748.0,1013.74,0.1571431609158996
7776.01,2.2160533,5143.0,257.587,0.15702198699905684
5085.01,4.5117148,5785.0,196.662,0.1569649008751809
4105.01,5.7152049,5845.0,1010.35,0.15692410718353764
6794.01,7.3099457,6391.0,945.78,0.1569025569886087
5670.01,14.616858,6488.0,347.621,0.1569018212049318
2635.01,7.4547813,6502.0,792.01,0.15684301798204137
3687.01,4.4543921,5854.0,907.45,0.15684090049989524
3899.01,5.2077671,5522.5,194.548,0.15675851956599618
7702.01,9.0663359,5990.0,501.479,0.1567352088819055
5313.01,3.2571037,5442.9,596.925,0.1567120742467415
4998.01,9.7800223,6113.0,352.331,0.15669362300007472
4986.01,6.5946181,6345.0,1259.59,0.15666026676912784
5939.01,6.13049,6078.0,1316.27,0.1565756033197842
2795.01,3.6337247,5325.0,517.465,0.15655423782110736
3158.01,6.8561604,6282.0,935.189,0.15650580201335473
3639.01,5.7208592,5856.0,577.097,0.15644348300487537
3685.01,4.9777448,5785.0,651.558,0.156432953145566
3892.01,4.5808535,5528.7,366.405,0.1563542384081601
2557.01,9.8302309,6683.6,797.474,0.15630727189753948
4228.01,6.0219203,5932.0,1114.01,0.15626864481985503
6964.01,4.7645838,5432.25,131.527,0.15625127711464853
5214.01,5.3333965,5840.8,893.944,0.156209761894174
2971.01,4.8405428,5875.0,622.713,0.15618202198508238
5013.01,8.989491,6620.0,1224.74,0.15603544097504612
2935.01,5.5698287,5751.6,733.784,0.15597738277704357
7842.01,4.4468439,5822.0,562.544,0.1558997102942518
847.01,3.2063107,5286.9,659.753,0.15584784441298297
6062.01,8.2125318,5936.0,115.362,0.1557360524893048
6369.01,13.2329062,6461.3,445.311,0.15560632612431205
7685.01,3.4828151,5348.0,674.649,0.15559734956449042
4753.01,5.3970484,5996.0,835.645,0.1555612353299584
2224.01,0.5055105,4996.3,290.755,0.15553765547151574
6911.01,16.2520546,6696.0,219.07,0.15549924521393588
2943.01,0.7123317,4728.0,383.85,0.15545004610407398
3830.01,3.2493152,5371.2,563.928,0.15509076469487795
2565.01,3.9704457,5840.0,801.435,0.15508425281038274
4451.01,8.8517354,6138.0,87.8966,0.155061477113213
4722.01,10.8910909,6619.0,942.214,0.15497719887628159
4993.01,3.1062522,5369.0,888.672,0.1549571714177896
2332.01,7.4972297,5596.2,360.478,0.15494278049213794
2070.01,6.3839247,5849.0,148.003,0.1548115525908822
2692.01,3.6506781,5343.0,472.632,0.15479685214211797
7216.01,3.1243759,5477.0,635.773,0.15471295892430054
5636.01,4.2744435,5405.0,207.621,0.15467186864448818
3782.01,10.3918699,6683.0,707.148,0.15447080727790227
3280.01,3.8348994,5849.3,793.087,0.15440456699794256
5021.01,12.975062,6480.9,1041.69,0.15440303165466956
3784.01,4.9386676,5646.0,1702.46,0.15439627474348896
3025.01,3.6794732,5823.0,888.822,0.15436872755014186
7453.01,8.3873861,6240.0,647.843,0.1543335433873775
7243.01,3.7352012,5816.0,789.12,0.15430373132450176
5017.01,3.3677179,5575.2,872.49,0.15429021958612224
5460.01,6.2987919,6265.0,1195.12,0.15415854083701885
2259.01,16.5899263,6690.0,122.859,0.15415741926205992
6458.01,9.7831931,6200.93,66.5884,0.15415217577536933
1044.01,1.0085089,5215.2,494.689,0.15410443699894327
6454.02,10.9835772,5443.0,182.45,0.15409740742554262
5201.01,3.8558229,5704.0,914.238,0.15401315961224957
5763.01,6.9541458,5917.0,774.0,0.15399745594935918
1435.01,0.6858178,5142.0,92.8659,0.15381414523083803
4736.01,2.8564778,5777.0,914.606,0.15381347496429545
6212.01,3.6444426,5407.0,849.122,0.15372737536091244
7749.01,20.6447986,6630.0,382.196,0.15371770412144486
5306.01,5.3331348,5807.7,655.851,0.15370487072217412
5431.01,4.788785,6045.0,811.056,0.1536839942944907
2630.01,9.7130596,6125.1,517.402,0.15368025718009912
3637.01,3.7330471,5579.5,1178.63,0.153667095363633
7010.01,4.1976032,5617.0,583.755,0.15356592581281947
7070.01,4.4563756,5658.0,195.391,0.15354724267318104
7363.01,6.9929558,5916.7,718.406,0.15353362896427966
4824.01,5.124162,5750.0,839.462,0.15335835881887955
3493.01,8.159487,5860.0,96.7224,0.15335696234341759
5160.01,4.2807509,5653.3,151.465,0.1533128195940979
6331.01,5.4454541,5684.0,617.88,0.15328650314298098
6582.01,19.6500878,8968.0,1116.12,0.1532253551907921
5148.01,5.0637114,5447.0,237.514,0.15322368289073213
5751.01,1.7465205,5219.0,439.501,0.1532090381321473
4240.01,10.1238604,6531.0,949.356,0.15320474888115757
6007.01,949.7905952,3500.0,48.3609,0.15319279916652856
6187.01,5.5133822,5785.0,758.848,0.15309294397054565
1713.01,0.5572565,5097.6,138.371,0.1529487477017412
7637.01,5.916282,5945.0,806.306,0.1528900995952723
6867.01,3.6810755,5465.0,463.319,0.15284916566712353
6492.01,731.8319734,3556.0,214.326,0.15280339329155987
6366.01,18.893475,13896.0,612.388,0.1527804174787775
4269.01,4.5766182,5816.5,575.478,0.15269595336249955
7559.01,9.5366313,6286.99,584.026,0.15267502667619032
7446.01,3.5044728,5367.0,463.191,0.1526306023098077
2581.01,3.5838508,5450.0,515.179,0.15260541091843693
499.01,8.5334865,5997.0,158.659,0.15257538064322052
4864.01,5.2410982,6119.0,672.022,0.15247280599369
6869.01,763.9701133,3671.0,200.19,0.1524078344423702
5587.01,3.7349773,5632.0,943.289,0.15235651777277695
5042.01,5.6316098,5784.0,489.651,0.15232817014125513
7240.01,6.8911882,6628.0,978.239,0.1523216723626102
1849.01,9.862756,5595.0,189.09,0.15230843282463974
2387.01,5.6601098,5859.8,396.308,0.15230695787747417
6305.01,6.6245939,5874.0,623.493,0.15229710416885206
6638.01,4.140097,5359.0,453.793,0.15228189651710433
684.01,19.8507621,9488.0,2228.79,0.1522810316438191
6139.01,10.3299557,6486.0,1305.91,0.15227594790257087
5517.01,4.5867288,5737.0,1016.76,0.15219941435013884
4064.01,3.8823511,5622.4,756.022,0.15219667007970147
7171.01,23.5367004,7487.0,218.03,0.15216353898929225
3995.01,6.4219775,6197.0,741.884,0.15212335804644284
4125.01,4.7155974,5873.0,766.601,0.15211972231399215
4734.01,6.2356356,5854.0,563.068,0.15210928456213726
7217.01,3.9859545,5566.0,647.965,0.15206270843799147
6376.01,4.7185893,6039.7,823.754,0.15203338940852473
1876.01,6.4827647,6748.0,1119.32,0.1519799265702198
7359.01,4.3656102,5748.0,1151.94,0.1518970797896056
1982.01,17.1725007,6617.0,266.509,0.15176746148371445
4909.01,11.6484665,6496.0,341.382,0.15174702657751157
6425.01,12.1422411,6716.0,792.402,0.15172325027305958
2170.01,9.2786686,6018.0,206.368,0.15165612302134035
2045.01,9.07763,6125.9,366.962,0.15156600082897745
6128.01,4.5016419,5713.2,726.371,0.1515134775381509
4888.01,9.4185437,6243.0,595.898,0.151465986901251
2687.01,4.0944492,5650.0,634.2,0.15145885633501138
6270.01,4.2275389,6001.0,819.375,0.15140306586903124
5322.01,5.4233428,5790.0,476.899,0.15135939099505935
5773.01,2.7404478,5390.0,614.872,0.1513349833193854
6476.01,8.1168658,6381.0,696.339,0.15131329843708904
7613.01,6.3162561,5970.0,958.573,0.15130861106878152
6357.01,5.1941869,6085.6,621.191,0.15119227560587312
2392.03,9.1696498,6187.3,325.608,0.15116267775939116
224.01,705.5844658,3689.0,64.77016,0.1510391149209973
6630.01,7.7103227,6617.0,713.493,0.15098741495217546
1737.01,14.4479828,6669.0,177.63,0.15098350982774472
812.01,13.8665912,6707.0,426.024,0.1509735292844925
6363.01,6.583694,6600.9,809.782,0.1508612705683256
3066.01,12.2027867,6454.0,337.489,0.1508502903341213
7113.01,4.6351977,5691.0,561.587,0.1508266957735364
352.01,11.6235,5518.0,183.391,0.1508039420682203
1356.01,24.2544697,8381.3,4772.59,0.15079050082782344
2633.01,18.1960491,7811.0,746.036,0.1507181216156871
2924.01,7.3498345,6571.0,552.876,0.15069376552473573
5857.01,3.415047,5449.0,667.063,0.15065454722680074
4894.01,3.5611222,5260.0,1092.05,0.1506518821185946
5280.01,9.0165933,6543.2,537.068,0.15060395280770264
6436.01,6.1879019,5925.5,568.421,0.15034333416305368
2752.01,4.9197461,5822.0,703.37,0.15034325693086945
2983.01,3.4287311,5231.0,530.686,0.1503244477697679
2931.01,8.6681997,6133.0,663.064,0.1503043000271567
5379.01,12.7426508,6385.0,200.226,0.15018389664093001
4684.01,6.4879123,6782.0,1077.65,0.15016534878926172
7207.01,12.0080349,6554.0,387.323,0.15014185927806825
3013.01,5.4722557,5847.0,1173.06,0.15013908343448046
1785.01,11.0023133,6264.0,384.225,0.1501359937559951
6790.01,6.1030299,6057.0,691.423,0.15004424681663645
6145.01,3.9921399,5885.0,912.432,0.15002541158847824
1532.01,8.905407,6659.0,259.563,0.1500065051835383
3686.01,5.0778064,5262.0,255.803,0.1499786097061295
5657.01,0.8037513,4708.0,292.429,0.14993776193157554
5865.01,6.6314176,6044.0,482.143,0.14980670947874825
3102.01,3.8769776,5569.2,744.917,0.1497226331685117
6774.01,4.5833112,5853.0,627.991,0.14965980697861686
7627.01,5.2813531,5973.0,832.809,0.14962885047459382
3120.01,7.0235956,6276.0,763.939,0.14960449074521565
6304.01,3.645356,5421.0,802.343,0.14957437505859886
3814.01,4.9513106,5914.0,595.141,0.14953984520764593
4598.01,8.2003748,6011.0,208.41,0.14953284130816208
6689.01,4.1287427,5377.0,463.744,0.14951439693265325
941.01,8.5145626,5920.0,263.386,0.14945376828043774
6185.01,6.3720834,6390.0,774.276,0.14941071517748367
310.01,4.2695675,5798.0,557.751,0.14936331022770966
7432.01,7.0309061,6301.0,1267.7,0.14934597790686133
5739.01,8.4306162,6104.12,61.8703,0.14933937591200858
6306.01,3.662222,5826.0,771.08,0.14928369763866767
2063.01,21.07626,7577.0,514.968,0.14927497734283315
6463.01,9.8738839,6543.5,476.611,0.1492724460468826
3107.01,4.7343852,5776.0,650.592,0.1492381180733401
5816.01,20.4282929,8991.0,566.807,0.14923707925601815
4995.01,8.7802662,6124.0,639.661,0.14916483802033068
4333.01,8.9021443,6606.0,212.956,0.14911288056135447
4892.01,4.516649,5850.0,849.685,0.14910626764786575
5580.01,5.2782582,5647.0,486.081,0.14898866691737053
3081.01,3.4365075,5438.0,1196.4,0.1489020932724492
1086.01,3.7178828,5818.0,736.397,0.1488157899032839
6464.01,9.6742544,6803.0,803.422,0.14880008114512508
1241.01,4.7802597,5826.0,546.522,0.14872223528550585
6136.01,3.9779111,5494.0,375.401,0.148713638644864
5609.01,4.019251,5904.0,816.667,0.14858459271167526
248.01,5.9910773,5711.7,75.9529,0.14857907149888722
4698.01,4.2333233,5696.0,624.495,0.14854898057671873
5539.01,7.1123703,5595.7,123.647,0.14852361728053048
281.01,5.5765364,6002.18,283.856,0.1484635138587204
7755.01,7.9250597,6135.0,1073.67,0.14846202119680973
5281.01,5.5047275,5865.0,875.436,0.14843999186609597
2638.01,3.9299344,5780.0,647.694,0.14843564044007243
1722.01,9.6052235,6137.0,136.419,0.14824205046389005
7851.01,11.0007983,5567.0,135.21,0.14820150555388717
6348.01,3.6894234,5776.0,720.125,0.14818989535332017
3789.01,4.120004,5497.6,475.616,0.14818948925461306
3876.01,6.5846694,5852.0,493.754,0.14818625677672714
370.01,4.0463709,5805.0,748.227,0.14811925902520176
6285.01,6.8581311,6605.0,432.725,0.14784532024130015
3344.01,3.2229781,5488.0,248.097,0.14784503821598968
5272.01,5.0135727,5930.0,612.204,0.14779740569973832
3909.01,3.5115357,5490.8,511.363,0.1477790993950483
4429.01,3.4505658,5402.0,461.898,0.1476929052013912
5654.01,4.2528141,5318.4,253.021,0.14769171125639424
865.01,0.7455787,5181.0,136.022,0.14760168887779607
2912.01,8.7614828,6614.0,557.087,0.14757528896448138
6311.01,6.2808216,5602.0,502.268,0.14756926747347607
3902.01,2.9406027,5464.2,580.009,0.1475632795533333
5602.01,5.4853379,6054.4,874.724,0.14754874923272918
7557.01,6.3548995,6425.06,732.508,0.1475417544033095
5445.01,6.3780197,6540.2,813.803,0.14752022627127903
4262.01,5.9977892,6613.0,337.209,0.14739373767640004
4369.01,13.576858,6730.0,311.844,0.1473462834315501
2187.01,2.7492277,5344.0,587.277,0.14733804446956356
6148.01,8.3753156,6134.6,501.221,0.14733076479159404
5944.01,5.9404096,5933.0,593.58,0.147260682002022
5323.01,5.8049376,5978.2,967.25,0.14722126622536172
6459.01,5.1494363,5588.0,186.742,0.14720354169459562
1698.01,17.04198,7697.2,756.791,0.14720293102315718
5762.01,3.946066,5769.6,527.004,0.14711919878949897
3853.01,5.6922342,5648.0,396.697,0.1470548077508496
7590.01,7.3364117,6374.0,793.192,0.1470466826134248
3978.01,3.5472157,5548.0,987.539,0.14693989662072057
5099.01,14.4507561,6761.32,93.1501,0.14692105567446861
6318.01,5.8310296,5617.5,184.682,0.14687356747194333
7551.01,17.5945149,8603.0,973.798,0.14684828487115856
5487.01,4.6549271,5706.0,778.03,0.14676032015570384
5991.01,7.0893162,5983.0,105.85,0.14675167197599026
6102.01,5.3708293,5878.0,733.926,0.14674818550798027
6064.01,15.3058859,6803.6,347.587,0.14669532032172716
3316.01,4.0668012,5789.0,642.134,0.1465978932293405
541.01,1.3534084,4978.0,1105.38,0.14658908670903129
7421.01,0.3489261,5086.7,208.617,0.14658279810118638
3366.01,8.4562659,6144.0,238.294,0.1465655987957456
6721.01,4.6086414,5693.0,784.252,0.14656245206814264
2734.01,4.5879078,5785.0,590.401,0.14655895323053356
6312.01,16.8498547,7823.0,760.641,0.14655432020490447
2899.01,4.0874138,5881.0,983.354,0.14647302079053415
3452.01,2.8372178,5604.0,1024.38,0.1464292392485704
5337.01,0.7135221,4626.0,296.179,0.14642470468217536
6117.01,9.866312,6209.0,483.576,0.1463435035328317
903.01,7.2766004,6266.0,739.231,0.1461680730620711
3961.01,3.5434689,5354.0,9842.0,0.14615043412485826
7775.01,6.271354,6290.0,959.738,0.14609683243757915
1699.01,4.5470055,5654.4,205.283,0.14607725493990942
5305.01,4.4632038,5921.4,566.267,0.1460723680929747
5531.01,4.5352255,5788.42,80.6404,0.1459997959547383
4427.01,4.6182631,5328.0,198.251,0.14598988633641766
3499.01,4.5992844,5695.0,748.181,0.14598874895822347
795.01,8.7609762,6168.88,216.257,0.145898394443135
7225.01,9.7461668,6319.0,468.929,0.14587777939079327
6478.01,1462.2115148,3275.0,38.6057,0.14582379558937528
7107.01,8.6145655,6467.0,563.391,0.14580613259411623
6748.01,4.5932835,5988.0,824.528,0.14570366000948037
3874.01,5.5822739,5997.0,756.221,0.14568017181581097
7642.01,3.6822842,5926.2,782.676,0.1456167654113393
5077.01,5.8879518,5641.0,208.721,0.14560730005404787
6947.01,6.5202038,6628.0,720.413,0.1455831852679912
6701.01,10.018102,6697.0,619.711,0.1453123612675322
7323.01,4.776694,5625.0,273.432,0.14529466179436268
5444.01,10.2780324,6545.7,589.655,0.14529050729342174
7138.01,5.4149624,7979.0,1154.79,0.14523546407476556
1706.01,4.5156072,5617.0,161.185,0.14523457307267962
7611.01,16.8812736,8752.0,1442.38,0.14523033544822922
738.01,3.4405946,5324.0,389.884,0.1451842265687951
4767.01,2.7319222,5473.0,969.091,0.1450923185960171
2729.01,4.0350169,5240.2,245.949,0.14507904017348924
3019.01,5.9594909,5950.0,676.133,0.14496585918301624
3922.01,3.8960617,5247.0,262.531,0.14492303283776786
6634.01,23.136755,7723.0,681.143,0.1449217042058439
6264.01,5.6928845,6610.0,437.146,0.14484125228940156
3918.01,3.0654283,5236.0,769.96,0.14471516420579275
6632.01,5.8778295,5965.0,854.397,0.1446470619910289
6705.01,8.4457042,6392.0,478.245,0.14462224952255523
5843.01,4.197866,5581.0,680.835,0.14460458090390352
5159.02,3.6469454,5259.0,55.1788,0.14458701580057062
7063.01,3.7570477,5263.0,58.9521,0.1445588631521329
3623.01,5.7456862,5867.3,736.788,0.1445494588992794
4203.01,2.9531039,5304.5,1500.32,0.1445192500157587
3518.01,2.9661661,5436.0,7470.05,0.14437527950096865
7781.01,4.0160476,5792.0,587.14,0.1442979996556571
6740.01,3.3505941,5579.0,778.277,0.14426978818170155
6591.01,5.7881587,5668.0,1245.89,0.1442657806462577
6420.01,6.9615164,5994.0,634.712,0.14423253052482315
2648.01,4.773751,5904.3,815.182,0.1441330493517503
6930.01,7.2218817,6172.8,672.359,0.1441325794881166
1606.01,4.7126743,5626.5,143.312,0.14408300571839436
4758.01,5.7627112,6589.0,817.426,0.14407674283940097
4814.01,5.545745,5706.0,559.569,0.1440430152652541
4095.01,4.1539244,5737.0,559.648,0.14384584614484955
6328.01,16.672227,7025.0,478.34,0.143734002452635
6673.01,19.7468103,6439.2,68.305,0.14364311101206445
3353.02,8.8176457,6365.0,78.7577,0.14361248902642398
5192.01,4.7271324,6121.7,825.977,0.14355549796414724
6965.01,5.9693397,6007.0,31.1664,0.14342018275226764
3263.01,5.6155837,5998.0,480.702,0.14340759371437786
3168.01,5.1745185,5340.0,326.088,0.1433978765386857
5420.01,6.0614403,6507.7,946.417,0.14338052396727632
2031.01,5.7156075,6664.0,276.105,0.14332015541196824
7306.01,6.1418356,5918.5,687.886,0.14328955725256398
4783.01,6.7519508,8297.0,1349.57,0.14326972918872857
3947.01,6.7716021,6136.0,1125.06,0.14320795282784135
2213.01,5.179282,5784.0,762.655,0.14320667181223123
6161.01,5.7415661,6051.0,716.394,0.1431770090545792
7428.01,3.1467998,5525.0,266.705,0.1431762592775213
7008.01,0.8406912,5170.0,410.467,0.1431425869031194
3368.01,7.2611991,6702.0,886.655,0.1431236221605637
7752.01,7.0939347,6657.0,282.081,0.14308886617422562
6386.01,6.2663565,6316.0,776.855,0.14304113739706023
5052.01,4.0668104,5496.0,384.47,0.14298963894756467
5807.01,14.2423724,6815.9,72.9611,0.1429630143052639
1119.01,10.95663,6456.0,421.518,0.14292025454519697
3871.01,4.754432,5491.7,353.347,0.1427794759229759
3783.01,6.1080224,6204.0,854.987,0.14274767390884427
5772.01,3.5023306,5568.0,757.959,0.14266140636842065
245.01,8.7709021,6208.0,127.272,0.14262657434690817
5936.01,0.3781425,5080.0,406.197,0.14260013563873458
4665.01,3.6831574,6304.0,1196.83,0.14257520964139894
2972.01,2.8371201,5301.0,724.88,0.1424558096949275
353.01,1.2979921,4965.0,1367.8,0.14245073419510124
5805.01,20.5676815,6809.0,195.711,0.14241465746612003
3281.01,9.3108074,6243.0,467.976,0.14240685140242276
3775.01,5.3868381,5915.0,696.257,0.1423882784936174
4043.01,5.1191172,5926.0,636.467,0.1423531789830958
7353.01,6.2157513,6015.2,629.759,0.14234929454403863
7582.01,7.6324317,7021.0,1014.91,0.14232845828224439
6222.01,9.4321076,6704.0,615.666,0.1422522859069074
7111.01,7.0634276,6354.0,741.716,0.14221816955661856
5776.01,4.1816344,5900.0,676.452,0.14218519174983046
2761.01,6.1214801,6356.0,848.053,0.14210038581847317
4951.01,4.1042587,5823.0,585.603,0.14205524186510507
2618.01,8.2500143,7386.5,766.74,0.14203355904712367
6910.01,2.5139302,5585.0,773.896,0.14193038617024858
3324.01,2.8090597,5852.0,803.35,0.1418968937339989
2908.01,5.4631023,6788.0,554.906,0.14189418550775362
3403.01,11.2205176,6764.0,678.701,0.14189135151282475
852.01,4.943336,5574.0,351.426,0.141821013391788
5158.01,4.7464485,5890.5,1175.98,0.14179590484508334
3555.01,5.271813,5947.6,798.449,0.14174068440568996
5622.01,3.0594206,5414.0,1186.92,0.14168401374165895
3495.01,8.4130034,6529.0,172.372,0.14163485171768175
7198.01,4.2271814,5913.0,661.423,0.14163110869190038
5298.01,2.6831464,5348.0,553.486,0.14152386500222577
6159.01,4.1846077,5714.9,650.131,0.1414783132278346
4492.01,4.4331838,5667.0,143.184,0.14147150027165242
860.01,6.4535152,5906.0,494.093,0.1414688322635113
3879.01,4.8104679,5332.3,200.724,0.1414522701590388
2788.01,4.0646554,5647.0,587.395,0.14140381806608804
7602.01,10.2977881,6129.0,248.071,0.1412061352781675
5509.01,5.7656076,5638.4,466.413,0.14117722423112564
4039.01,4.7308142,5777.0,548.908,0.14115948455643135
2616.01,1.8531628,5355.0,401.511,0.14114880890572928
4166.01,5.236124,5604.0,257.962,0.14103416941192554
4142.01,3.6593967,5875.0,890.805,0.14098139660296113
4334.01,8.2197647,6657.0,398.085,0.14084180351191747
5774.01,5.4049747,5662.6,554.905,0.140651728077679
6549.01,6.1079575,5681.0,575.271,0.14062324156254943
5044.01,5.5556615,5964.0,487.432,0.14052519725004878
3300.01,6.6926834,5918.0,791.797,0.14048240083884467
3641.01,5.7361495,5668.6,938.451,0.14045115229032265
1735.01,10.3857602,6439.0,99.4495,0.14044384077432326
3182.01,5.0700956,5641.0,469.912,0.14041576272597212
1116.01,5.0100708,5551.0,94.4178,0.14025143962268238
6745.01,5.2452852,5928.0,1049.37,0.14016313115628887
5473.01,7.5554044,7872.0,1033.36,0.14013529097589586
5767.01,4.015073,5690.0,648.967,0.14012465475416297
3905.01,5.3599361,5933.0,609.296,0.14006104918814347
7783.01,3.0101625,5531.73,608.693,0.14001714215657357
6912.01,7.63779,5924.0,99.7368,0.14000256169500935
7625.01,9.3966438,6433.6,109.872,0.1399625472132844
3125.01,6.7565519,5972.0,802.611,0.13996005486194904
6199.01,3.8311803,5366.0,146.254,0.13988996498189635
3296.01,5.9493696,5590.0,437.919,0.13987495981473888
6042.01,7.7966237,9434.0,897.633,0.13983132163798553
6418.01,4.6478092,5510.0,474.94,0.13975127180678834
4785.01,6.4311106,6741.0,911.737,0.1397079698930259
3826.01,4.9807125,5545.7,470.353,0.13958914333173406
4989.01,3.429078,5654.0,936.608,0.13948750265799842
7604.01,9.0409947,8371.0,886.619,0.13946612878293357
2071.01,5.6739336,5873.3,231.311,0.13937660481174788
4266.01,0.8118585,5051.7,1039.14,0.13936535605796785
2394.01,3.4978002,5356.0,236.363,0.13916879371839364
4070.01,3.1504798,5229.0,411.289,0.13893259309482167
6972.01,5.4809114,5907.0,297.451,0.13891823658488017
6743.01,5.9097139,6508.0,997.768,0.13885548466293546
2982.01,4.8701613,5268.0,314.561,0.13885277749805694
2268.01,7.1566025,5910.35,173.996,0.13884060879339263
6362.01,6.0602101,6252.0,755.957,0.13882659678410697
3480.01,2.1301227,5830.0,805.466,0.13880824432635736
5244.01,5.0821798,5929.0,766.439,0.138768115047963
7675.01,8.1761677,10791.114,1142.74,0.138739141041763
3147.01,1.5256634,5230.5,828.066,0.13871576307381092
4248.01,5.1442317,5936.0,654.475,0.1387090408479389
5825.01,9.7348295,6115.71,182.264,0.1387014259679164
3214.01,5.7759952,5992.0,392.044,0.13859617482688288
4933.01,5.3861006,5623.3,1187.08,0.13858617720847197
3114.01,4.407111,5478.0,304.599,0.13857596511518022
4983.01,5.7527363,5951.0,1403.22,0.13856607634185403
3593.01,3.8212977,5342.0,226.63,0.1384208897116542
2786.01,3.7576217,5605.0,716.889,0.13838386650732687
3067.01,7.4365725,9230.0,1269.3,0.138343587073844
525.01,14.8608019,7064.0,152.042,0.13828825469965886
3340.01,11.968028,6701.0,402.859,0.1382724581934099
3815.01,4.8709815,5908.0,790.338,0.13801758079996246
3840.01,3.6217624,5788.0,765.939,0.13799962516554276
4284.01,3.5008785,5759.0,1038.06,0.13793504476402663
4704.01,2.6875966,5885.0,954.316,0.13780957376812075
4768.01,7.2644599,6617.0,345.959,0.13776991205255684
2300.01,4.8566656,5607.0,221.705,0.1377671292031797
1196.01,5.5376617,6689.0,424.442,0.13775236671806934
5904.01,5.6567374,5975.7,1036.7,0.13774252313017585
6322.01,4.2807899,6274.0,811.05,0.13772132167046539
2049.01,5.30329,6054.7,571.487,0.13770451444096615
3417.01,2.7194615,5454.0,548.679,0.1376641980057189
3427.01,2.9526508,5812.0,868.194,0.13764510879881248
6734.01,4.6068687,5917.0,544.063,0.13764270494739125
5712.01,8.2077264,6057.0,228.546,0.13754365930126786
211.01,6.5638651,5873.97,121.321,0.1374677207040466
1491.01,4.4902667,5899.0,204.881,0.1374612921871741
6065.01,8.2065998,6061.0,162.125,0.13719613754406473
3222.01,5.6320791,6409.0,1100.93,0.1371808016311743
6581.01,4.9156665,5656.0,303.927,0.1371366856745861
4403.01,4.4620528,5515.2,339.264,0.13702969409948051
5546.01,9.8479326,6887.55,924.313,0.13701391401931895
2919.01,4.6957057,5475.0,332.108,0.13700724663888234
3117.01,3.2689953,5552.0,787.785,0.1369788234964509
6411.01,8.2165446,6114.0,653.557,0.1369320232397397
5421.01,6.5552932,7787.0,1198.93,0.1368844084417168
4694.01,5.629318,5885.0,759.794,0.13686535526466895
7578.01,5.3603536,5711.1226,506.154,0.13684770746990527
6861.01,3.7942532,5753.6,660.159,0.136846434209559
6584.01,3.6850751,5860.0,612.225,0.13684002147523214
6573.01,8.1618477,7238.0,825.215,0.13681940213504334
3558.01,2.5650361,5866.0,772.831,0.13677812744797146
5009.01,8.1755735,9169.0,1324.39,0.13668575145070122
6797.01,0.9898852,5339.0,803.074,0.1366037138119148
5422.01,5.3767997,5663.5,346.141,0.1364833347051607
3642.01,4.084447,5458.0,379.963,0.13642232892775602
2827.01,5.3393042,5857.2,382.261,0.13636463821864014
2351.01,5.2524809,5728.0,457.57,0.13624882389990864
2895.01,8.7858955,6749.0,1274.13,0.13622233530436353
2885.01,6.3350651,9608.0,1301.56,0.13618178566184025
1011.01,2.4705036,5413.7,52.62,0.13616501383385735
1537.01,6.4902646,5999.0,165.589,0.13616365202218092
5241.01,4.8398399,5506.0,441.596,0.13614149760726982
7542.01,8.945272,7106.0,745.289,0.13610515350463825
2938.01,4.942456,5516.0,234.45,0.13608365188467225
5589.01,5.6895053,5707.5,244.354,0.13603875520375294
5480.01,3.6079916,5308.3,330.387,0.13597443632714884
1404.01,6.8674054,6051.5,247.074,0.1359171171675527
1432.01,6.1095756,5587.0,95.1757,0.1358402766101582
7095.01,4.6745746,5759.0,1078.06,0.13582825002238488
5327.01,4.6671176,5377.0,235.121,0.1357981398071254
5782.01,5.0048582,5641.8,327.322,0.135752758779217
5493.02,9.4043652,6151.0,225.454,0.1356241604634555
2362.01,6.9444047,6104.5,634.033,0.135530200925138
6146.01,4.5803096,5770.0,1121.67,0.1354642520339883
6184.01,3.6153701,5516.0,334.216,0.13543197744608557
6239.01,6.0749198,5643.0,563.864,0.13539293136393607
853.01,6.8646554,5937.0,287.558,0.1353245121744598
6606.01,2.5354002,5526.0,723.354,0.13528199032184005
5407.01,5.4683192,6606.6,867.107,0.13524736557104983
3646.01,2.1795448,5840.0,813.253,0.13519224679100877
4939.01,9.1717558,7513.5,972.238,0.1350886826990677
3248.01,3.2782956,5544.0,576.031,0.13508502437569145
324.01,5.2848691,6113.0,944.552,0.13507043963983775
7321.01,3.0039961,5623.0,902.362,0.13505055401703037
1787.01,8.7046669,6427.0,327.863,0.13500800577311176
7535.01,7.5811936,6261.0,622.127,0.13497375897340802
7191.01,5.6604695,5711.0,636.574,0.13492658404200625
2367.01,5.74984,6046.0,467.516,0.134896411571077
2662.01,3.790687,5542.0,640.511,0.13478359168046536
173.02,9.1702265,6409.0,152.023,0.13471058793697868
2383.01,3.1353643,5503.0,174.593,0.13468917411353604
4416.01,9.3305377,6238.0,236.604,0.13467858269812252
6598.01,10.8089555,6876.0,992.387,0.13467513797829528
3307.01,3.8784358,5636.0,560.726,0.13454813058692755
3767.01,2.3907751,5382.0,760.803,0.13442253689365763
2191.01,4.0115394,5741.0,596.389,0.13439269619762317
2730.01,2.5082498,5909.0,964.327,0.13438447948963558
4029.01,5.8850401,5712.4,274.436,0.13431691968289894
6127.01,6.9191027,5922.0,713.987,0.13427240976396776
7777.01,6.2990916,7418.0,1099.08,0.13410054059052462
6650.03,8.9965133,6500.6,237.169,0.13406868114559894
6178.01,5.8878118,5925.0,502.874,0.13405193215866779
2798.01,3.994474,5931.0,836.501,0.1340359644039659
6175.01,4.1877227,5543.0,363.425,0.13398883886659582
4811.01,0.9828259,4959.0,1506.81,0.1339697144871382
2304.01,9.4070515,6223.0,218.091,0.13385595571292008
371.01,3.4813814,5389.0,383.318,0.13381260297505304
2706.01,1.8851834,5807.0,780.028,0.1337786890399508
5514.01,1.7459947,5332.0,531.582,0.13350868582629963
1445.01,9.8130697,6240.0,215.246,0.13341676918684495
2112.01,14.0120582,7184.0,86.1058,0.13337500384761605
7326.01,5.4584109,6309.0,1320.54,0.1331672162478517
4030.01,2.5089892,5574.0,571.615,0.13296263508205203
7543.01,9.3137821,8135.0,1080.57,0.13289812977648804
4657.01,8.115667,6200.0,433.817,0.13288190294202043
6468.01,12.1228168,6799.0,601.947,0.13286001103453512
6214.01,7.0346299,8294.0,1183.88,0.13282334809878216
2357.01,7.0924883,6493.0,503.535,0.13282283337613823
3241.01,6.8380862,5912.0,300.417,0.13281146258692167
7825.01,4.8578879,5549.08,346.787,0.13280372849589633
5206.01,4.4716261,5972.0,1297.27,0.13274018892498235
3904.01,10.1614815,6297.0,379.347,0.1327378568281735
5483.01,3.7702854,5900.3,642.965,0.13271799660954162
7060.01,5.8497196,6009.6,191.394,0.1326917752264398
7520.01,10.2461099,6826.05,870.176,0.13266123117726397
3822.01,3.1235179,5376.0,359.079,0.13262735487558952
2359.01,5.1858,6130.0,594.265,0.1325867491586949
7088.01,7.1554749,6919.0,1022.89,0.13252205084452826
4439.01,3.3792358,5529.0,714.501,0.13245855152063946
2696.01,6.409365,6191.0,537.943,0.13241383287545674
4202.01,2.6689906,5247.8,1466.79,0.13238082277251284
3492.01,9.2224171,6332.0,201.957,0.13227360424407128
4999.01,5.5846356,5698.0,368.89,0.13227187178571947
6422.01,3.7521603,5917.0,577.888,0.13213041952113674
2399.01,5.4681892,6597.0,611.359,0.13203054962326324
2523.01,4.6410823,5809.0,166.257,0.1319516738761436
2169.01,8.2148505,6183.0,351.487,0.13193692408878466
2794.01,4.7654865,6151.0,809.18,0.13192571283209606
4382.01,10.6895417,6255.0,164.406,0.13190664435740718
4303.01,8.6110844,6908.0,256.048,0.13189751911704944
4677.01,4.0589926,5556.0,408.611,0.13189564645436527
5819.01,3.4200073,5463.0,188.762,0.131889971255976
2448.02,19.757918,9671.0,490.818,0.13186920801511856
3196.01,4.9816829,5670.0,321.341,0.13183874776221147
4140.01,4.2511214,5501.0,311.002,0.13176405040646805
6174.01,3.5257269,5638.1,718.342,0.13176121302982857
3396.01,6.4700007,6819.0,928.163,0.131758599629962
7721.01,2.5639669,5415.0,335.376,0.13174622187064192
7386.01,6.0042191,6226.0,879.397,0.13171220653911284
4206.01,2.4170503,5796.8,860.033,0.1317044221528645
6817.01,3.1998039,5430.0,652.946,0.13168902500289556
3073.01,3.1420872,5417.4,511.362,0.1316640929326539
777.01,8.3008562,7199.0,182.314,0.13165436157691274
2867.01,5.6392638,5904.0,1086.1,0.1316344868402282
6197.01,3.7294859,5719.9,549.225,0.1315592040949689
5019.01,1.090295,5479.0,453.404,0.13143547175079195
6365.01,3.0496565,5568.0,617.476,0.13141082633269568
6390.01,5.2434358,6174.0,836.498,0.1313971798365407
3754.01,2.5312823,6170.0,812.367,0.13138788995596865
2227.01,4.2217717,5763.48,165.441,0.13124126101103364
4001.01,4.8982659,5696.0,315.572,0.1311800458105697
5931.01,4.2447791,5763.0,501.965,0.1310694877050544
6796.01,3.7871416,5594.0,614.047,0.13100567366798818
6217.01,3.0365848,5928.0,837.654,0.13097585914248233
6567.01,4.9486116,5524.0,260.813,0.1309570477503842
1475.01,8.4953513,10012.0,294.237,0.13094911354888977
7422.01,3.3593261,5547.0,1044.42,0.13087060411745294
4895.01,8.9641788,6956.0,638.197,0.13085412833982735
4444.01,5.2410659,6064.0,989.963,0.13077005730561544
6749.01,8.6121286,7929.0,1036.48,0.13068437619389847
6550.01,6.9153868,6649.3,553.272,0.13061960871252856
6908.01,3.7120776,5501.09,265.784,0.13059907256769873
2646.01,0.3125737,5202.0,389.119,0.13059062664482549
3405.01,6.1458884,7231.0,1203.27,0.13057930222363265
7585.01,8.933107,7004.0,1141.08,0.13055154461187374
3946.01,5.7033411,5933.0,519.917,0.1305253455740919
5069.01,8.8558739,6332.0,231.014,0.13043623007702226
5289.01,3.4411264,5244.0,258.455,0.13043255343210677
1538.01,6.54692,6034.0,160.251,0.1304269919536421
6057.01,10.327438,6402.35,305.581,0.1304148541053085
2657.01,2.7985528,5416.0,674.476,0.1303801130963546
7729.01,13.6161353,6976.0,1054.86,0.1303557052575632
7704.01,3.3434739,5360.3,505.718,0.1303427650951461
6658.01,5.6494351,5764.0,280.1428,0.13032932848254727
7172.01,2.7547949,5531.0,254.558,0.1302738259383872
7847.01,6.1029034,6982.0,1062.06,0.13027254294277216
5914.01,4.3887257,5561.0,369.604,0.13026358607655314
4374.01,13.2689495,9635.0,795.894,0.13007185646882893
5329.01,3.7796053,5892.0,572.23,0.13000831436095028
5765.01,3.8779743,5798.0,371.785,0.13000005126339761
6943.01,5.6906792,6749.0,1581.02,0.12998297182634164
4835.01,5.1953991,6047.0,1068.04,0.12995690223333323
7398.01,2.6068332,5780.0,1270.53,0.12990565157116518
6646.01,17.7505864,6967.0,191.472,0.12981516184455935
1482.01,5.7121916,6720.0,318.277,0.1298135959341664
5946.01,5.754879,6742.0,1186.44,0.12977703095864918
3489.01,3.7833369,5266.0,297.152,0.1297685347061286
6635.01,8.6243051,7944.0,700.825,0.12972977927443236
5335.01,3.6139919,5427.0,331.289,0.12969660524103208
7448.01,5.0458476,5959.0,719.745,0.12965332888086212
7728.01,4.3739988,5592.97,258.041,0.12959635261417637
1019.01,5.2341008,7645.0,399.544,0.12953878962251011
7239.01,14.3938942,6891.0,395.963,0.12946313825709774
2033.01,18.8243063,7014.0,281.184,0.12946213374188623
1036.01,3.7795212,5771.0,184.015,0.12945451604794767
3769.01,10.3380912,6650.0,276.632,0.12940731495796112
3394.01,7.8373997,6715.0,646.997,0.12938572949457497
5222.01,13.3057762,8104.0,900.45,0.12932844637680765
3058.01,2.3483946,6155.0,810.583,0.12931947496991122
6757.01,3.5193417,5620.0,893.78,0.12931301636370837
4747.01,5.2192426,5688.0,304.615,0.12914142478183993
2217.01,3.8300359,5916.0,698.996,0.12906538709322815
2930.01,7.2041454,7176.0,768.578,0.12895230212651027
6753.01,1.0169814,5616.0,802.863,0.1289362561751537
5316.01,0.9997277,5849.8,793.998,0.12893331049751006
4826.01,5.9730504,6137.0,725.382,0.128857761526312
3130.01,0.4415174,5117.0,1511.72,0.12877916003416795
5299.01,2.5792489,5452.0,407.758,0.12869119557387781
1837.01,5.8182239,5961.28,159.375,0.12862721848374886
6956.01,12.3900547,6824.2,1048.28,0.1285635797845211
3982.01,5.3438948,7469.0,1619.19,0.12851620247970227
7737.01,6.1682253,6882.0,1651.71,0.12834389560880222
2804.01,4.8033954,5913.9,129.525,0.12833783444274524
6682.01,4.243624,5372.0,336.87,0.1282806739129418
7236.01,4.626302,5990.0,855.527,0.1282356050040428
6208.01,5.2266285,6205.0,696.374,0.12822851381079114
1222.01,10.1944993,6082.0,226.932,0.1281967868826348
5448.01,3.214031,5366.0,277.019,0.12812264397469963
4072.01,2.1390271,5869.6,860.437,0.1280898059612275
3956.01,2.6686464,5227.0,428.906,0.12800048263605868
609.01,4.9699991,5759.0,144.623,0.1279696969340015
7038.01,8.6000492,6920.0,152.834,0.1279464386023409
4537.01,6.6629951,5975.0,70.2468,0.12790240996763422
3393.01,5.2059716,6210.0,783.101,0.1278854460805009
4540.01,2.5048178,5328.0,427.038,0.12779779280197656
6845.01,4.7443604,5420.1,285.596,0.12778898400937133
2282.01,12.5520766,7020.0,242.63,0.12775666357607973
7028.01,2.4596079,5340.0,427.132,0.12752932064880024
4151.01,11.6999152,6906.0,701.278,0.1274956683461463
6032.01,7.3723906,6083.0,153.525,0.12748958792181514
4385.01,9.2172172,6840.0,612.688,0.12746789659536975
4372.01,3.2751914,5496.0,150.664,0.12737331777156635
3401.01,3.6689529,5642.0,647.95,0.12734141732857396
5618.01,3.5254325,5497.0,631.38,0.1273040577552182
6104.01,6.4095555,6316.0,614.477,0.12716222826093934
6624.01,10.3031578,6387.0,398.406,0.1271481838952665
5744.01,5.7488832,6009.0,207.057,0.12708213223186196
5253.01,1.1110609,5500.1,582.471,0.12707928833965076
6916.01,3.9155539,6285.0,954.145,0.1270764981078041
6167.01,6.7080688,6174.0,534.326,0.1270750537532459
1258.01,10.2613397,6124.0,154.944,0.127069291979371
3363.01,9.7433732,8582.0,2157.7,0.12703020213223631
2650.01,2.229735,5913.0,870.557,0.12702397160757226
2471.01,6.5857043,5908.4,499.452,0.12701018657055926
760.01,12.3396368,7852.0,651.263,0.12697466746824385
3121.01,5.5167527,6296.0,1180.61,0.12692530537818889
2463.01,10.6079445,6481.0,332.825,0.1267759896115363
2625.01,2.1481182,5876.0,843.028,0.12676099371899868
4681.01,3.0421828,5582.5,567.879,0.1267126285612061
6068.01,10.66839,6718.0,200.447,0.1265272036884628
3239.01,2.2310803,5905.0,967.034,0.12647758293583145
2720.01,2.1473577,5834.0,850.437,0.12645458924389552
3249.01,3.2420704,5570.7,691.946,0.1264536394483231
2599.01,4.1554362,6352.0,836.394,0.12642056284536968
4954.01,6.6819653,10126.0,886.651,0.1262321172287396
3247.01,5.3305676,6076.0,1100.56,0.12619123892549677
366.01,1.7025848,5504.0,841.958,0.12612910440720435
6325.01,3.7307609,5273.1,310.892,0.1261094051286712
3539.01,6.0978165,6255.0,649.212,0.12607956077351093
4743.01,6.2185453,7968.0,1882.37,0.1260663814676182
3187.01,2.0084283,5438.8,1018.11,0.1259584668351128
3077.01,6.3599636,7689.0,901.32,0.12586217108737868
4402.01,3.6989939,5811.0,151.543,0.12584997119070762
943.01,12.35611,6794.0,397.789,0.12582549529496256
1709.01,7.6288424,6157.0,268.655,0.1258248469231093
5669.01,3.676651,5900.0,700.55,0.1258229182426431
4253.01,3.4192373,5658.5,884.15,0.12582057520692877
3453.01,4.3618031,6126.0,966.604,0.12576888480062476
2979.01,5.4913314,6364.0,1322.42,0.12576382781916426
5454.01,3.7196227,5623.0,1141.59,0.1257204688344138
2057.01,5.5986337,6081.3,255.849,0.12566812835282776
5565.01,3.2601896,5542.4,676.655,0.12562225171094732
407.01,2.1654694,5830.0,959.461,0.1255326925416578
5516.01,4.3776584,6077.0,857.001,0.12550303712177194
6736.01,2.9879341,5315.0,531.546,0.12546886637638172
6374.01,4.5944948,5890.0,515.735,0.12538240634526188
4596.01,4.1194175,5598.0,93.4913,0.12537927197968218
7074.01,4.6504794,6274.0,1055.99,0.1252992285191161
7586.01,10.449811,6899.0,935.74,0.12513838485663062
2847.01,2.648845,5329.0,259.399,0.12513826747778098
5841.01,4.2025514,5678.0,500.44,0.1250882412829989
6842.01,5.3920955,5752.18,399.765,0.12508133156197773
3704.01,1.3944879,5483.9,475.206,0.12496056389321732
4425.01,5.412802,6468.0,175.367,0.12488148990130218
4588.01,13.1187746,7800.0,225.181,0.12487006239252592
2672.01,10.7189647,7830.0,625.01,0.12486937012049212
2504.01,13.5853506,8389.0,508.561,0.12483718280901732
7579.01,2.3277044,5450.3325,115.101,0.12482490862790967
2721.01,4.162733,5744.2,497.376,0.1248177608565445
2518.01,6.8979432,6016.0,160.825,0.12479751314808184
5708.01,2.6953698,5521.0,87.2349,0.12478959312888875
2866.01,1.5728416,5288.0,456.797,0.12478924379102187
2602.01,7.234064,6770.0,622.34,0.12478450189426717
7802.01,3.6975993,5727.0,635.896,0.12475405760254316
602.01,11.0998745,10633.0,613.411,0.12472623849393237
5877.01,6.9100016,8722.0,970.989,0.12472030610178055
6899.01,2.8625937,5503.0,90.2461,0.12471271971288822
4505.01,19.4723789,7182.7,421.749,0.12462578022104562
4437.01,5.8929985,6182.0,686.482,0.12462143058949028
5451.01,1.6822448,5534.6,463.462,0.12456514471687335
4362.01,7.5480709,6688.0,135.183,0.12453733244672699
2723.01,3.3843865,5848.0,1001.29,0.12452094513235426
5002.01,3.7318818,6129.0,847.863,0.12447170056215529
3951.01,2.1861455,5342.0,558.58,0.12443109982001901
6887.01,6.5883481,6186.7,526.024,0.12440975879042361
4865.01,1.2655205,5243.0,803.063,0.12439819243060711
6781.01,2.7638775,6155.0,847.831,0.12424837191260606
4373.01,5.9422824,7217.6,302.514,0.12421178751640843
5125.01,5.909621,6710.0,171.506,0.12420351226522137
161.01,2.7684331,5388.0,333.651,0.12419832527830672
1852.01,2.3601883,5356.0,543.277,0.12410507683029572
4299.01,6.6019866,6758.0,284.376,0.12410046103470758
2375.01,6.1600755,5669.0,521.117,0.12408541765033494
3199.01,0.6756067,5411.0,439.309,0.12405876916652718
3303.01,8.6187455,7400.0,615.178,0.12405135351639157
7424.01,3.1271505,5414.0,400.632,0.1239929358547971
3889.01,2.5228506,5294.0,301.63,0.12398655691084047
7531.01,7.8764851,6644.0,205.775,0.12392706535341855
2749.01,6.9724832,7616.0,847.999,0.12390988974664945
3662.01,9.9908116,7934.0,545.117,0.12389936109965119
681.01,15.7784931,7447.0,421.349,0.12385562503417746
6344.01,3.5297965,5846.0,789.069,0.12385086267126635
7576.01,3.9531681,5752.419,1134.96,0.1237937222214536
6771.01,6.8552506,6847.0,687.671,0.12372327163879852
2035.01,8.51226,9387.0,359.404,0.12370784840109772
7000.01,2.7897577,5794.0,1238.77,0.12366278850948001
3522.01,3.3412415,5285.0,383.487,0.12363798251464354
3150.01,5.3430663,7822.0,872.272,0.12363309574054497
4942.01,7.9248476,6274.0,562.338,0.12359479401010792
5196.01,2.5677096,5854.0,763.703,0.12352097493441777
4720.01,3.7810832,6364.0,1113.96,0.12349538781242231
6509.01,5.6022404,6237.0,900.01,0.12348098078780315
7558.01,4.1531567,6310.51,889.497,0.1234746989796183
3449.01,3.8249546,6341.2,841.734,0.1234483716073025
6563.01,2.4053036,5476.0,441.968,0.12343927837906685
3543.01,6.481666,7849.0,755.648,0.12331729728614312
2693.01,1.3225635,5388.0,537.182,0.1231957370252699
4797.01,2.9922495,5932.0,1055.16,0.12318723859140449
6156.01,12.6885127,7710.0,938.702,0.1231062306748521
3327.01,4.1794516,6151.0,891.92,0.1230816186208834
2627.01,1.0649771,5427.0,598.582,0.1230438918502783
3812.01,3.8850001,5382.2,339.069,0.12286484848018629
6188.01,4.7061119,5660.0,300.589,0.12280903308817813
3000.01,5.20807,5836.5,468.285,0.12275022384081419
2685.01,3.4711465,5593.0,645.065,0.12274190544668208
3254.01,1.6832809,5286.9,555.221,0.12270588662214137
7177.01,6.8434236,6060.0,165.19,0.12264927805263148
2807.01,3.9919157,5645.0,130.409,0.12263276989521829
4345.01,12.8910022,31000.0,983.721,0.1225663222089688
3891.01,2.7694074,5269.6,331.96,0.12249591784954533
6123.01,4.0833335,6298.6,1040.95,0.12246111612779263
7700.01,3.5907717,5390.9,256.732,0.12223829848362348
4739.01,8.1703609,8190.0,626.217,0.12212297921877775
4366.01,2.6374449,5355.0,245.444,0.12210760160591753
317.01,3.3262977,5391.0,446.344,0.12210645963812482
7411.01,3.1551543,5808.3,871.387,0.1220187679913613
7444.01,5.885604,6294.0,763.361,0.12198999971002858
2766.01,7.2748135,6792.7,453.429,0.12196222968101994
7562.01,13.2253756,12947.97,1125.33,0.12177703007981419
4085.01,2.8285323,5257.0,290.594,0.12177630833905248
4925.01,3.9511085,5933.0,883.572,0.1217671677459144
3365.01,5.3928876,5970.0,273.225,0.12171426386279034
3653.01,4.6017262,5981.0,622.117,0.12165110783274166
4350.01,4.8759656,5937.0,103.01,0.1216147897453415
7071.01,5.5334128,10409.0,325.153,0.12160269591993479
6679.01,2.3170053,5542.0,186.982,0.12152484634794052
2389.01,2.3372423,5335.0,526.591,0.1215219113110144
4123.01,2.787945,5375.0,242.624,0.12151352435565363
4078.01,3.1639309,6323.0,5406.92,0.12142059641927255
4384.01,14.3171998,7596.0,283.585,0.12141567202732896
2214.01,2.4156482,5727.0,571.376,0.12139628112520623
3611.01,3.0789699,6153.0,885.434,0.12135682065685176
6723.01,3.4852362,5728.0,822.224,0.12131617457836587
7710.01,3.8458539,5413.0,73.1296,0.12129960205749062
3811.01,2.9594596,5560.0,294.652,0.12128094354552527
5874.01,2.5784481,5512.0,406.631,0.1212671158734881
5964.01,3.9816471,5771.0,494.908,0.1211883422699385
3649.01,3.2637419,6016.1,879.147,0.12100067035875738
3479.01,2.1970052,5636.0,880.221,0.12095250387613662
5437.01,3.42015,5708.0,943.511,0.12092223645441252
2582.01,3.0183134,5238.0,348.135,0.12088968868966964
666.01,7.4760689,6680.0,237.035,0.12088889716342471
6583.01,7.447404,7936.0,639.815,0.12081938891240292
3906.01,0.6451059,5436.3,387.358,0.12081063660751075
2307.01,2.6820061,5465.0,470.156,0.12070253327451591
4996.01,4.8131406,6287.0,1058.39,0.12068027379931472
6555.01,10.1298877,6802.0,261.077,0.12053526632063027
3696.01,4.4236103,6120.1,866.835,0.12041395940093919
3224.01,2.8317721,6084.0,833.486,0.12039936608011383
2821.01,0.2856701,5606.0,907.894,0.1202802761876785
3356.01,2.9122454,5466.0,495.996,0.12027720445862204
3305.01,2.025289,5297.4,394.443,0.1202028323811294
2005.01,17.3057923,6995.5,328.475,0.1200897211143228
7178.01,5.2169076,5966.0,78.2804,0.12001472105715884
4877.01,5.2220526,6718.0,713.47,0.11997173164502323
3015.01,4.2745762,6375.0,1146.27,0.11996257703725423
2985.01,3.8996784,6382.0,1262.02,0.11993688944762937
2559.01,4.2002507,5709.9,502.887,0.1198730211665699
2860.01,4.1849602,5722.4,1267.82,0.11981951813169285
6501.01,4.4581792,5973.0,709.759,0.11971487923653867
3053.01,2.9919962,5247.0,337.627,0.11971162996045948
3603.01,1.2678043,5303.0,470.579,0.11969142778476739
4200.01,1.027641,5640.0,1362.6,0.11959712006551708
1886.01,2.5128483,5744.0,529.373,0.11957545706738135
724.01,3.21264,5330.0,95.3452,0.11956322958576386
3645.01,2.959842,5585.0,541.244,0.11951424292093363
3813.01,3.7178656,6268.0,940.296,0.11950087649205507
5104.01,4.890376,6278.0,1026.28,0.11949669542617851
3664.01,3.2975093,5556.0,464.748,0.11946376328625043
2306.01,2.9905745,5535.6,694.32,0.11944988082594164
5909.01,4.7729363,6269.0,987.706,0.11943307468814607
6388.01,1.3940614,5402.0,557.187,0.11942370167476367
7564.01,3.3799879,5406.3,334.512,0.11935917738729106
3660.01,3.9497635,6373.0,843.524,0.11933819391458159
527.01,18.0892103,7403.0,163.677,0.11931802548723894
2727.01,0.6711626,5632.0,1248.07,0.11928447872494774
7548.01,5.1836578,5946.0,552.136,0.11917460255185723
5354.01,4.7949288,5850.0,461.002,0.11907964899070869
153.01,7.6316384,6338.3,436.225,0.11903276553012335
6737.01,2.8475582,6372.0,813.685,0.11894634237297108
3529.01,2.5850398,5770.0,603.925,0.11892453845826885
7767.01,2.5082441,5977.0,1561.22,0.11876656404638736
2852.01,0.400777,5635.0,1232.83,0.11875671912713709
6256.01,7.9945503,6088.0,218.299,0.1187230312576785
6168.01,5.0809743,6071.2,735.685,0.1187221998375033
5092.01,2.3626901,5222.44,189.575,0.1187032162532829
7299.01,2.7299474,5289.0,416.689,0.11862558681144914
2056.01,10.2207,6748.7,92.8913,0.11859474302145678
2772.01,2.8504334,6293.8,1301.57,0.11858760707011719
3711.01,3.0108217,5983.0,1158.64,0.118547039213444
7429.01,4.7117395,6134.0,905.298,0.11849854503579213
3619.01,3.1988858,6133.0,924.04,0.11847933322775665
7234.01,3.4202745,6095.0,811.163,0.11845374932880226
4169.01,3.4026932,5661.0,917.988,0.11839494909864724
5471.01,4.9017215,6329.0,1204.45,0.11838860929194771
6224.01,1.5554236,5318.0,498.044,0.11838842853636773
6011.01,2.3179699,5770.0,374.145,0.11828065492573547
5263.01,3.1501356,5950.0,836.02,0.11821428588828065
5661.01,2.8329023,5447.5,414.658,0.11813798731119167
6652.01,3.8388774,5745.0,97.8683,0.11811509994997581
6738.01,3.6234424,5815.0,684.777,0.11810778226712897
6261.01,5.4920894,6090.0,267.542,0.11806279589181992
3726.01,4.8404431,5925.1,491.622,0.11804155563569077
902.01,18.2592673,7142.0,219.439,0.11800413778928469
7835.01,4.5880019,5593.0,365.183,0.11797730561429946
7313.01,4.1186706,5998.0,878.635,0.11795094778601005
5925.01,6.1606297,6352.0,496.639,0.11791927558001988
2726.01,3.9471513,6351.0,1065.58,0.11791278483654265
2233.01,2.50876,5226.0,193.007,0.11789961102488526
3269.01,4.132031,5657.6,489.606,0.1178695598592041
7329.01,4.8622127,6142.0,958.142,0.11785681766118257
5328.01,5.4886518,6119.8,410.855,0.11781864450164102
2225.01,3.5775562,5823.3,842.388,0.1178058405125262
5885.01,4.7264391,6132.0,1036.16,0.11763002436489549
2956.01,4.127728,5820.0,362.235,0.11755268274025159
2679.01,3.8539027,5805.0,403.17,0.11754839569802222
4796.01,3.5775958,6355.0,1090.77,0.11754153807934534
3232.01,3.3898234,6096.0,825.812,0.11751464734782963
7518.01,6.4856471,7884.0,432.406,0.11748277023682281
5338.01,2.6429687,5439.0,430.82,0.11743091362440504
7650.01,3.4253517,5938.0,943.273,0.11740665418431502
6289.01,3.7077543,5620.2,608.995,0.11734298978423699
1352.01,5.2958813,5958.7,315.0431,0.11730304352239837
2426.01,4.08165,5716.0,138.301,0.1172367671520381
4131.01,2.3382502,5263.0,411.113,0.1171180252269062
2371.01,4.8984239,5774.0,471.152,0.11710061511706081
5607.01,3.2750907,5859.0,811.406,0.11705149958446823
2143.01,5.5899401,7437.0,378.684,0.11700182748500675
7132.01,1.4716633,5298.0,498.336,0.11699964307464253
1381.01,6.5601782,9976.0,737.108,0.11698116987665812
4549.01,3.3129214,5512.0,456.122,0.11681923586802537
6647.01,3.9963956,5684.0,174.397,0.11676040043185112
2575.01,3.1711207,6140.0,928.149,0.11675940414635826
2682.01,2.5981987,5516.0,414.029,0.11669340376031234
764.01,5.6316663,6632.0,789.341,0.11667710176724727
287.01,3.7815683,5807.0,486.856,0.1166250846939168
2709.01,2.3540163,6124.0,892.418,0.11658327361122382
2614.01,4.8103214,5860.3,315.469,0.11656843417607807
7318.01,3.4220041,5731.0,633.173,0.11644361788078474
376.01,2.7509863,5317.0,398.356,0.11620290832776024
3960.01,3.2399875,5521.0,541.735,0.11607260027736231
7646.01,4.5638391,5943.7,671.59,0.11591020354140635
2853.01,3.2923881,6300.0,808.212,0.1159097468187719
4487.01,3.9540617,5773.0,479.145,0.1158549022264831
2494.02,2.4087648,5376.0,152.866,0.11585115060140337
7401.01,4.3181867,6139.3,1136.26,0.11585090101884564
4748.01,4.1018859,6327.7,883.931,0.1158440212980935
1162.01,7.3166682,8730.0,348.481,0.11572448882107624
6046.01,3.413702,5845.0,653.446,0.11565923941909478
3193.01,2.3019268,5322.0,1907.31,0.11540648022635501
3817.01,4.8504819,6313.0,1386.95,0.11537334416842647
854.01,5.8508237,5928.0,279.96,0.11527873279021547
268.01,5.0661803,5868.0,320.497,0.11527073339289093
2572.01,3.5985851,6303.0,1038.2,0.11524645411107862
2542.01,4.1133928,5780.0,4625.12,0.1151785164577489
3877.01,4.1225477,5662.2,493.77,0.11515188985713999
4260.01,5.4588359,6349.0,764.85,0.11511371386434728
3483.01,1.4466788,5881.0,884.446,0.11508387427937057
3881.01,3.3401814,5508.5,384.153,0.11506351445593427
2487.01,3.4024655,5822.0,646.188,0.1150357112543547
7086.01,1.0092447,5491.0,652.143,0.11496442351012606
3026.01,4.8206566,6002.0,585.662,0.11495188064796254
4716.01,5.2376102,7666.0,2046.79,0.11477198933085773
7656.01,0.7386173,5483.95,376.113,0.11475970530790076
3076.01,7.8595931,14677.0,2138.77,0.11469709402714841
1449.02,2.3691849,5780.0,56.3228,0.11465214901873877
7830.01,4.1483906,5622.0,381.628,0.11464475926380613
5645.01,4.5362433,5620.5,473.18,0.1146234352319022
4710.01,1.4798437,5475.0,713.662,0.11448630550662214
2305.01,0.918902,5382.0,568.299,0.1143467919248719
7596.01,5.5378585,6670.0,888.521,0.11422292058307738
3246.01,4.319754,5783.0,486.177,0.11417901335426911
5014.01,3.4507193,5712.0,677.476,0.11415435035726501
7027.01,4.2885021,5937.5,1008.39,0.11408130079624197
3470.01,3.2404614,5823.0,782.847,0.1140397250835117
6718.01,2.9532145,5483.2,464.958,0.11403113612217476
5249.01,4.6285493,6007.0,668.429,0.11396410329752511
6572.01,3.6462287,5707.0,1077.53,0.11395334106692274
3599.01,3.2523102,5396.4,481.258,0.1139251214205189
6586.01,5.0953453,6269.0,883.252,0.11387784623131023
6243.01,3.5653226,5715.0,181.395,0.11382597058537178
3527.01,1.755115,5889.0,974.576,0.11382167580660518
7796.01,3.2569952,5854.0,897.567,0.11372033961350864
6451.01,5.495078,6852.0,1011.08,0.1137168037630158
3818.01,3.2371501,5800.1,814.386,0.11366067502283743
7311.01,1.5525382,5730.0,834.929,0.11360817336700363
7843.01,6.5835571,6357.0,511.111,0.11358823027793719
5360.01,4.0107869,6175.1,895.565,0.1135768264929736
1169.01,6.7075429,6134.3,259.0,0.11347267944357642
5018.01,6.5859565,6353.0,459.435,0.11345809540741597
4967.01,0.5979368,5812.0,821.066,0.11339641367298223
6625.01,5.4863844,6498.0,954.945,0.11337829006909528
6706.01,7.5757446,8044.0,168.118,0.11335185563311351
3717.01,10.1182835,7253.0,505.231,0.11327037734188973
3615.01,3.1315583,5684.0,722.103,0.1132587807526647
3124.01,2.2545904,5567.0,486.768,0.11320384839675852
4069.01,2.7240303,5366.0,437.789,0.11313970360791287
3829.01,2.9150294,5385.0,397.985,0.11308892590999964
3229.01,5.21228,8532.0,1295.58,0.11295289443894845
3710.01,2.4802272,6267.0,1137.19,0.11286355556216479
3032.01,3.4677103,5645.0,673.183,0.11284447575607998
4745.01,4.413935,5972.0,898.386,0.11281704014890086
7322.01,5.5316291,6814.0,1065.06,0.11276618594219653
7099.01,4.4264918,6231.0,1365.41,0.11275344999392452
5926.01,3.8116176,5430.0,275.103,0.11264134465844867
1553.01,5.9382163,6775.5,441.44,0.11260476433927137
1869.01,1.6024387,5435.9,305.601,0.1126039293380307
6775.01,0.5940157,5663.0,772.86,0.11259655490953836
6611.01,6.5568726,6139.0,534.334,0.11252256611820181
6426.01,3.8801586,6371.0,996.119,0.11245034593567774
2637.01,0.152076,5780.0,874.657,0.11229491038752747
7645.01,4.7554244,6140.0,1449.95,0.11226477002626385
7722.01,5.5902105,6402.0,797.811,0.1122395958945577
3062.01,4.865928,6137.0,774.109,0.11220736174289772
328.01,4.4781603,6074.0,659.967,0.11218515317839296
5833.01,2.6721807,5549.0,509.036,0.11207716609613
5227.01,3.7325203,5824.6,388.807,0.11203845214003136
4852.01,7.2307407,7747.0,603.347,0.11199855387164359
4050.01,4.6546139,5966.0,903.312,0.11199483266709544
1951.01,4.829406,5877.5,278.462,0.11194547102957729
2822.01,2.8798613,6086.0,898.797,0.11193086713290996
3682.01,3.3462671,5501.0,404.211,0.1119129779581458
7140.01,5.1879527,6617.0,1030.49,0.11183853664569968
5766.01,0.5721596,5560.2,550.385,0.11181358823292487
3154.01,4.0333818,6347.3,1020.98,0.11170426886222247
6082.01,3.5941651,5694.0,103.741,0.11167057019500504
2849.01,2.9510628,6370.0,982.982,0.11154468608911026
1440.02,4.6274206,5780.0,237.152,0.11152359615053972
7349.01,2.980341,6283.8,844.421,0.11150875945421646
4771.01,6.0049484,6373.5,498.418,0.11138596851295811
3937.01,1.6923573,5287.0,367.428,0.11135241399425
3135.01,3.7065603,5632.0,221.673,0.11133372802170008
4237.01,3.0482015,5774.7,616.409,0.11115747662324335
5989.01,6.8669657,6173.0,272.599,0.11115687492305443
1457.01,6.3768174,6393.0,41.2482,0.11111000869999936
4027.01,3.6074546,5593.0,207.243,0.11108982426119102
5128.01,7.6014943,7642.0,193.998,0.11107902831470909
4959.01,4.6011828,6183.0,911.483,0.11103748276877563
5020.01,5.3450209,6279.0,1440.15,0.1110330480214193
6795.01,2.1250402,5355.0,689.289,0.11098819600251687
4615.01,5.3193755,6350.0,835.907,0.11093712807019758
344.01,6.0672187,6149.0,404.201,0.11091911854308696
3839.01,3.0193545,6341.0,872.986,0.11091486600067904
887.01,5.77114,7173.0,192.612,0.1109042916105187
5569.01,5.4021326,6312.0,974.173,0.11084038975329236
2997.01,2.2060441,6313.0,884.499,0.11080357087674324
2395.01,7.8686762,6394.0,413.22,0.11078551644491022
3749.01,1.8751894,5410.0,639.641,0.1107825522550575
6860.01,0.6183488,5272.0,557.124,0.11077857774559073
1653.01,10.9568722,7106.5,408.36,0.11075248345270967
5022.01,2.244541,5455.0,488.161,0.110751735199468
3198.01,2.1271199,5483.2,476.319,0.11073718546074116
7508.01,1.0065503,5725.0,409.706,0.11073609927135677
3042.01,2.7559464,6277.0,1084.92,0.11071258714700707
893.01,5.6148305,9856.0,1241.42,0.11068179293856942
5849.01,3.9964264,5771.0,273.452,0.11061013180982644
3744.01,3.9010509,6257.0,938.939,0.11060811407567236
842.01,2.7863813,5376.0,368.8,0.11059987581092852
2975.01,0.426988,5333.5,481.558,0.11059580631462271
7839.01,4.5533194,5859.0,335.567,0.11057274066181233
6320.01,3.6360128,6358.0,911.335,0.11045791143531865
7813.01,3.0135111,6113.0,928.727,0.11045122040491791
2301.01,6.0541622,6187.0,120.221,0.11041169253405579
3460.01,4.6288384,5978.9,205.426,0.11032430595170599
4548.01,4.6003967,5970.5,165.593,0.11028087601140973
4042.01,2.3238426,5983.9,869.366,0.11023107867112714
6536.01,4.2380294,6030.0,643.227,0.11021741058104181
7540.01,1.4945574,5751.0,860.306,0.11018539480813364
745.01,1.0790928,5741.0,175.381,0.11018398047685711
6335.01,4.7924038,6176.0,680.868,0.11017855023057009
7768.01,5.4018835,6179.0,1334.05,0.11014593203907895
4082.01,4.625568,5972.0,568.171,0.11014587893409081
6766.01,2.2104947,5421.0,556.822,0.11014329977351998
7784.01,0.6109884,5501.0,348.593,0.11006995699843947
2715.01,4.9640641,6323.0,981.407,0.11006376038492592
2966.01,1.5252473,5698.0,852.718,0.11001995553300425
4812.01,3.3138453,6153.0,807.794,0.10998794339823476
3179.01,4.7076648,5904.0,360.136,0.10995810215267424
5105.01,4.4455436,6355.8,923.354,0.1099564122491908
5210.01,4.5661309,5569.0,302.086,0.10989634289709206
3860.01,3.0012386,6331.0,926.538,0.10988664904610788
2392.01,5.9123565,6187.3,325.608,0.10984545055880696
4458.01,3.939371,5904.4,505.432,0.10983754927518856
6111.01,5.8340292,5698.0,302.326,0.10982569054793202
2437.01,5.1660127,5927.0,286.8,0.10980113988524685
3613.01,3.1493729,5766.0,544.531,0.10976776498315964
3335.01,2.265394,5568.0,744.585,0.10976096497126092
5700.01,1.7812778,5329.0,121.957,0.10975198396416573
5853.01,3.7219898,5806.0,293.498,0.1097365749464781
7846.01,3.9374688,5817.0,441.623,0.10967113191505203
3654.01,2.277182,5622.0,500.459,0.10965841577377042
2647.01,0.5136096,5270.0,792.816,0.10963706894455932
7106.01,2.7945508,6345.0,1072.23,0.10963596961259832
2661.01,3.6257584,5606.0,635.045,0.10962797869959115
7319.01,2.5918359,5891.0,1307.96,0.10960629585964447
3113.01,3.1339232,5980.5,1394.86,0.10957133655765885
2515.01,5.9016526,6127.0,281.448,0.10948140235072672
5143.02,2.3843304,5296.38,181.38,0.10941713351937093
4122.01,2.4307782,6015.0,1212.25,0.10940907286259127
7205.01,3.4844157,5917.0,694.793,0.10936955245665937
4992.01,4.8807474,6356.0,1150.11,0.10936654393561579
1655.01,3.2786617,5411.0,165.314,0.1093257391402471
3446.01,1.8528946,5378.5,740.15,0.10919408077253344
6171.01,3.7473877,5876.0,492.525,0.10906546651067986
1398.01,6.5560604,8918.0,648.398,0.1090626028034424
3546.01,5.2019364,6111.0,500.216,0.10906165251585763
3929.01,3.4608812,5695.0,684.911,0.1090411176493528
5932.01,3.1003012,6323.0,1067.12,0.10897604728876892
6113.01,4.9218915,6178.0,1174.24,0.10880917411185415
5860.01,5.2498931,5988.0,442.817,0.10874004226731117
4984.01,3.6748618,6084.3,1211.61,0.10873002630360756
6627.01,4.8934688,6332.0,853.667,0.1087277233274585
5073.01,3.1393667,5653.4,910.734,0.10870700471926982
6620.01,3.8647617,6119.0,950.963,0.1086464991565963
5921.01,5.0114216,6152.0,1329.58,0.10863988706940848
5401.01,6.8291029,9333.0,212.02,0.10857299938875883
676.01,2.1503007,5430.0,758.199,0.10856795719891343
6495.01,3.7781679,6118.0,966.05,0.1085533421828063
583.01,6.5604227,10902.0,354.432,0.10850420405561229
5459.01,2.8078585,6338.0,921.369,0.10844728845593084
3101.01,4.0467915,5933.0,1121.79,0.10838888996684475
2261.01,1.9011452,5392.0,368.055,0.1083667027694587
7022.01,2.8583729,5537.0,537.48,0.10829277400499762
7571.01,5.2456808,6492.0,1022.04,0.10818090128291168
2988.01,1.8865581,5564.2,441.41,0.10816392186284007
1621.01,6.453624,7257.0,161.088,0.10813004486287867
5945.01,3.3825012,6117.0,849.105,0.10811222587960756
4672.01,6.6132132,6110.0,559.243,0.108104257674777
1117.01,2.2281625,5731.0,167.598,0.10810327972634298
6045.01,7.4826325,6128.0,398.105,0.10805150416221662
4162.01,4.3744258,6013.0,725.754,0.10803796107201791
4278.01,1.7519943,5483.0,688.773,0.10790263136650877
3865.01,3.011593,5542.1,405.395,0.10789161585371211
2108.01,6.8019625,6300.0,251.884,0.10786039239155228
6257.01,6.5452014,6353.0,287.03,0.10781179969437965
7814.01,3.5575696,5648.0,195.974,0.10776071358113776
3544.01,2.2020405,5276.4,496.773,0.10774254764349413
4009.01,4.3271416,5994.0,670.801,0.10774227896628721
7124.01,2.6414334,5753.0,610.592,0.10769976428978095
5748.01,3.0269043,6154.0,866.343,0.10769017540548001
3415.01,3.5714448,5942.0,1053.27,0.10766748530872246
4611.01,5.2289874,6213.0,128.654,0.10757411412666734
6931.01,2.2183625,6307.0,968.621,0.10756139699506408
4499.02,5.5387718,6111.0,175.743,0.10751062310556313
2896.01,1.3475728,5434.0,1362.17,0.10750863254944194
3552.01,0.9277787,6123.0,885.672,0.10745762912622053
6246.01,6.7786403,7665.0,187.612,0.10743492061914901
1291.01,7.16199,6229.0,428.123,0.10738443397369261
5617.01,3.154201,5771.5,760.003,0.10728921705994551
5894.01,3.0076713,5704.0,682.724,0.10718427163277015
2700.01,4.6636858,5720.0,404.662,0.10716729789683503
1208.01,3.4239436,5626.0,134.757,0.10698164102032447
3046.01,4.1343989,6320.0,803.709,0.10695476416812488
2522.01,2.0988541,5531.0,84.5017,0.10692912963404008
5183.01,2.7395591,5919.0,1084.09,0.1069122368765504
835.01,4.7920153,6012.0,166.834,0.10690479019339386
4703.01,5.1155806,6349.0,934.743,0.10669098433494302
3317.01,2.9519989,6136.0,974.737,0.10668554831038285
1654.01,1.8347892,5286.9,304.865,0.10666047672487508
7663.01,2.753152,5926.1,1092.5,0.10664872118164238
3484.01,5.1890769,6195.0,534.304,0.10653594223636985
5166.01,1.7726881,5502.0,112.335,0.10645379737949312
2980.01,3.5910692,5736.0,729.185,0.10640925525604755
3798.01,2.6797436,5573.0,488.429,0.10639285061092478
6789.01,4.2221583,5589.8,447.05,0.10623712886396089
3043.01,2.3725483,6019.0,1213.32,0.10620565566246483
6321.01,2.9086778,5401.0,472.785,0.10620134994394947
6036.01,6.5234669,6409.0,300.063,0.10614994572356257
3297.01,3.9349141,6200.0,900.488,0.10614107938653898
6564.01,3.9854465,5904.0,191.372,0.10613051520548133
2903.01,3.5947639,5594.0,381.002,0.10611239805390645
6515.01,3.8149372,5709.0,1093.34,0.10602738635572845
3279.01,0.4191451,5430.0,614.459,0.10599847779884172
3520.01,3.0086349,5984.0,966.909,0.10598659391956337
2376.01,3.1821969,5672.5,665.583,0.10593466935884116
618.01,7.7614672,6515.0,234.072,0.10589129194713129
5792.01,0.7036041,5726.0,183.242,0.10587882275958192
4057.01,2.4076941,5702.0,590.913,0.10586714928434711
5276.01,2.3612205,5766.0,749.716,0.10576367113585787
5490.01,2.5193047,5706.5,707.292,0.10563971807495368
3866.01,2.1371195,5570.0,587.858,0.10558362717686168
2737.01,3.3328544,6272.0,1368.69,0.10556402834977373
4762.01,4.3591525,5866.0,304.955,0.10547297298332708
5427.01,5.2374183,6042.1,363.385,0.10545970226179877
7809.01,3.2526004,5599.0,688.224,0.10539534181329178
3268.01,1.8641295,5293.0,272.053,0.10534538859226272
4760.01,7.7223185,8539.7,2406.51,0.10528895392499521
5935.01,3.0200448,5585.0,468.664,0.10525318448745645
5261.01,4.1509756,5686.0,377.054,0.1051821897305938
5211.01,2.0961984,6379.0,1054.17,0.10513330904151007
3773.01,2.9508097,5823.8,683.852,0.10511306125763781
6839.01,2.9944742,5756.0,620.723,0.10510947099877098
6870.01,6.6968572,6466.5,320.806,0.10508513728130911
3012.01,3.0920297,5804.0,1423.27,0.10507505475994634
3519.01,3.500869,5870.0,618.938,0.1049909213722516
6823.01,2.8411187,5517.0,435.392,0.10492905176813894
5481.01,3.9315754,6032.1,942.604,0.10491309762639942
4919.01,3.6470909,6050.0,804.907,0.10473435071577261
3841.01,4.1124956,6145.0,1059.16,0.10467523697449542
7555.01,2.8404588,5784.0,686.476,0.10463536414193962
5881.01,2.2377411,6148.0,1101.02,0.1046265811716847
3322.01,1.0571733,6307.0,809.845,0.10453015929551546
2740.01,0.5348968,5414.2,314.782,0.10452448143026424
877.01,6.015802,7836.0,452.682,0.10450965952354432
2923.01,4.3226285,6153.0,668.938,0.10449713632812552
939.01,7.6107227,6159.5,352.195,0.10449598629088236
2645.01,1.4436706,5465.0,360.674,0.104466320626186
4887.01,5.1873583,7868.0,983.925,0.10444626978906887
3106.01,1.485163,5506.2,288.3,0.10425247789626772
3648.01,2.923461,5858.5,1354.64,0.104137518788759
5682.01,3.1159994,6098.0,974.602,0.10412220969552452
6642.01,3.3421583,6022.0,850.423,0.10410852373477564
2884.01,2.935886,5896.0,1150.7,0.10391968578791501
6928.01,3.8978437,6280.0,803.501,0.10390419774108439
7763.01,6.6687462,7073.0,501.524,0.10385562865154611
2907.01,3.168632,6020.0,931.375,0.1038054157972688
5832.01,5.1357505,6301.0,675.49,0.10378378928520746
4128.01,1.9795413,5275.0,308.87,0.10377623085747587
7325.01,2.0394246,5392.0,493.417,0.10375785172887683
4076.01,4.3965758,5957.0,587.551,0.1037273339972522
5224.01,5.2819763,6228.0,960.824,0.10365875645973349
1281.01,6.390888,6191.0,178.259,0.10363871962426703
7364.01,2.9257773,5688.0,532.069,0.10362796609583784
6649.01,5.9867942,6336.4,201.21,0.103612750311409
5350.01,7.5811005,6257.6,277.419,0.10347473800205172
4871.01,1.7687528,6176.0,853.761,0.10337706572382235
6140.01,3.4742682,6121.0,925.873,0.10324252169648324
5129.01,7.4121119,6178.0,201.912,0.10323749590491493
3908.01,1.4680992,5433.0,267.999,0.1032332349755519
3669.01,1.2126653,5958.7,807.206,0.10316134828215877
7657.01,3.8751672,6230.0,1223.19,0.10314818667691428
7017.01,5.0826878,6743.0,1526.54,0.10309256420437313
7012.01,4.0197822,6208.0,931.193,0.10300314518946756
2674.01,7.2972359,6433.0,370.146,0.10298400131342143
6500.01,4.4156851,5599.0,343.112,0.10289151077997351
2311.01,1.5933772,5289.4,264.874,0.10283008187148374
5692.01,1.6929628,5250.0,306.397,0.10267905490751839
5948.01,7.9058861,6294.0,333.474,0.10265336862987731
5597.01,1.9784368,6337.0,893.967,0.10255376819976375
7443.01,2.7472062,5528.0,510.039,0.102538940096982
947.01,7.31523,6251.5,390.775,0.10251444730062892
6613.01,2.5001306,6158.0,1002.32,0.10250917167390161
7452.01,3.0493323,6336.0,1010.66,0.1023496135300205
322.01,3.990533,5868.2,277.798,0.10231269415222986
7355.01,3.6814233,5956.0,1401.9,0.10221439439984778
5494.01,2.0760349,5386.0,265.493,0.1022117649890882
6953.01,0.8204734,5956.8,865.039,0.1020886802035533
5707.01,2.0364271,5553.0,108.095,0.10203720119114978
2615.01,2.2687617,5690.0,639.15,0.10199556312433274
637.01,2.8579169,5637.0,64.5529,0.101965262444438
3657.01,4.0898871,6191.8,1136.97,0.10196037394631537
3314.01,1.3677581,5355.0,353.719,0.10191030926589752
6471.01,3.0758364,5745.0,634.454,0.10188076164618791
7280.01,0.4246068,5576.0,402.156,0.10183580521979514
428.01,0.6333315,5713.0,121.888,0.10180761558949923
3962.01,3.3501179,6238.0,836.639,0.10178890316303255
851.01,0.6296,5485.0,154.477,0.10178532998808336
5449.01,2.5444539,6171.0,1093.14,0.10172012177098147
4752.01,5.0467874,6252.0,746.986,0.10170469749583107
6410.01,5.1491091,6648.0,839.513,0.10166953965357248
2312.01,3.1856867,5590.5,490.314,0.10160030597050396
7223.01,5.3384038,6250.7,1510.58,0.10152480711225342
3330.01,1.0815202,6260.0,834.968,0.10151838135977963
2793.01,0.3559702,5562.0,618.274,0.10151809961544105
1769.01,0.6097554,5493.0,90.6965,0.10150898027638033
7438.01,1.1253333,5972.0,887.927,0.10144774292791216
6412.01,3.9802888,5991.0,934.231,0.10138382306031152
7462.01,2.6236518,5401.6,488.33,0.10113644123147125
6333.01,2.7205913,5784.6,263.454,0.1011011311677189
3334.01,1.9242952,6324.3,851.085,0.10108492316273779
3816.01,1.0358225,6180.0,868.355,0.10102541797479672
4015.01,4.7427131,5947.0,309.161,0.10100290519628553
4381.01,1.4974223,5377.0,289.745,0.100978856834314
6219.01,2.4784193,6115.0,1093.22,0.10092926872661982
2382.01,4.6612025,5884.5,434.92,0.10092789702719564
3031.01,3.9935853,5709.0,353.147,0.10089531056808473
2652.01,2.484912,6240.8,860.552,0.1008626658876483
7707.01,2.6103949,5806.7,656.488,0.10081467239233283
1252.01,1.1219715,5780.0,123.8346,0.10077521088611113
6477.01,3.6860654,6206.0,883.135,0.10076835882359879
6594.01,2.67581,6171.0,1006.66,0.10069994694206935
7181.01,5.1794403,5946.0,355.502,0.1005989681839126
4401.01,0.450264,5366.0,180.524,0.10054562214692518
5900.01,2.4667486,5960.0,1406.96,0.10046734299000948
3834.01,3.3952015,5673.6,627.829,0.10045272439793317
5629.01,2.2853731,5299.0,132.992,0.1004056636160405
3273.01,4.2955192,5875.0,396.881,0.10028789188378617
3412.01,3.1405783,5636.0,565.295,0.1002642524321977
2114.01,6.2099619,6382.0,317.845,0.10025966085613089
7530.01,5.1818499,7571.0,700.04,0.1002557219348455
5001.01,5.069043,6763.0,632.346,0.10025428273263363
6729.01,7.837455,6289.7,186.378,0.1002477831780994
585.01,5.547255,6118.1,157.612,0.10024338195878721
4478.01,2.7586362,5774.0,296.293,0.10017172510880581
372.01,1.1202752,5769.7,340.037,0.10008613332635571
3953.01,2.9873441,5734.9,729.966,0.10006793283003863
6358.01,5.3802465,6476.4,858.675,0.10003114428261893
6922.01,5.0989519,6305.0,652.737,0.10001718357987263
1943.01,1.742573,5309.7,129.892,0.0999370518836344
5054.01,4.2100055,6160.0,695.421,0.09993231650854785
1967.01,0.4262223,5343.0,186.789,0.09986800411664824
3083.01,2.1532179,5997.0,1007.21,0.09970334370693021
6837.01,0.9494413,5872.1,65.74622,0.09970126560055627
3455.01,0.422425,5269.0,532.33,0.09964658844271267
7652.01,4.5549553,6384.0,1130.44,0.09962864727098038
6419.01,4.160454,5963.0,649.613,0.09955365073457527
4821.01,5.469359,7182.0,833.962,0.09949184864524843
7351.01,3.8405138,6123.9,1042.74,0.0994885226453583
3673.01,2.2390796,5615.0,653.952,0.0994690670473101
6226.01,3.8857292,6084.0,1027.44,0.09946384219184115
7254.01,5.0769983,6271.0,630.416,0.09944063455789434
7033.01,0.7312783,5508.0,137.386,0.09919473663780012
5630.01,3.2220038,5382.4,134.047,0.09915887640363161
7037.01,4.1279985,5865.0,445.119,0.0991561383256123
1226.01,3.9287851,5668.15,257.93,0.09914239069226824
1839.01,1.4238067,5382.69,116.086,0.09913786218016664
347.01,4.040003,5692.2,344.084,0.09913286289262983
6047.01,2.0814345,5583.0,690.466,0.09911393744232352
3133.01,4.0902788,6130.0,630.243,0.09908494378454462
5508.01,3.1816478,5949.3,1076.22,0.09908119203943666
2353.01,5.7517969,6510.3,723.392,0.09907023416690272
3521.01,3.2440387,5757.3,761.867,0.09900663797211268
7097.01,4.1560086,6056.0,768.4,0.09897449960046815
3598.01,3.7026941,6282.0,792.835,0.09895745512230535
3266.01,3.7462806,5737.0,334.472,0.09888874480544178
6254.01,1.5361137,5317.0,131.686,0.09883017019813874
6532.01,5.4736892,6229.4,682.391,0.098809058165383
4982.01,2.5665666,6020.0,1068.73,0.09876292246758842
3038.01,2.9677851,6185.0,1134.31,0.09871210632670106
3622.01,3.2131823,5688.6,773.542,0.09869317743716502
2688.01,2.1415519,5530.0,350.687,0.09867286817662682
7289.01,2.855993,5780.4,587.729,0.09867115086388177
2937.01,2.0139493,6074.0,954.421,0.09864053202820403
2676.01,3.4082154,6231.4,840.941,0.0985566600900804
5918.01,2.0353259,5771.0,537.542,0.09855580776202592
1783.01,1.4198659,5406.0,88.3983,0.09845703521870312
2601.01,6.0210332,7668.0,641.596,0.09842357806482906
2974.01,0.689421,5270.0,1241.9,0.09841622190742964
5911.01,4.009823,6304.5,786.279,0.09841392103237087
3177.01,2.114655,5254.0,335.166,0.09832877273505469
5895.01,3.6491012,5628.0,486.566,0.09822344983174507
5965.01,4.2254748,5729.0,408.59,0.09809355311454873
2834.01,4.6391531,5928.2,317.232,0.09802913009481429
4287.01,4.2337624,6387.0,939.295,0.09802905682102599
2489.01,1.426951,5421.0,215.394,0.09797672050318923
7770.01,2.9997292,5672.0,573.983,0.09796187605852409
2731.01,0.9953936,5697.0,107.926,0.09791617697353132
6503.01,3.9535041,6166.0,1079.16,0.09780221720760783
4976.01,3.027103,6275.0,802.781,0.09778290401194692
2396.01,1.5099302,5735.0,469.613,0.09770057142755245
2877.01,3.4074188,6237.0,805.159,0.09760294978002376
5217.01,4.3713133,6029.0,517.506,0.09748507814479129
4972.01,2.6492703,5743.0,677.826,0.0974840849956498
3095.01,4.2839945,6022.0,536.222,0.09744424874953742
1153.01,6.0360758,6528.3,147.134,0.09740875619435353
4809.01,4.4722598,6211.0,767.716,0.09736540291977364
2222.01,2.245686,6381.0,859.449,0.0972906074634834
4271.01,4.5016988,5829.0,460.819,0.09727853884353052
7788.01,3.2160092,5773.0,547.834,0.09716283276059448
829.01,3.2877916,5636.0,142.461,0.0971611704302688
3567.01,1.9990323,5675.0,516.364,0.09711886727621366
7407.01,4.4640046,5672.6,470.7,0.09702099890343295
4927.01,0.8166936,5951.0,1080.6,0.09698385119199657
1302.01,5.6666168,6530.0,339.455,0.0969414838181076
510.01,1.3523942,5915.0,93.0994,0.09692970665185051
7183.01,10.5739387,9088.0,320.872,0.09692797897201556
6502.01,5.0711656,7304.0,1355.12,0.09685125481020272
426.01,1.3205037,5731.0,113.59,0.09682157360641837
3274.01,2.9075077,5709.0,599.012,0.09678579578445866
2686.01,3.5746058,6257.0,861.62,0.09677831488365336
4733.01,5.3054422,6473.0,796.776,0.09667129590184033
2755.01,3.3187528,5709.0,703.295,0.09657299415402294
5282.01,1.392516,6082.0,892.373,0.09656626472572187
1610.01,2.5287981,5740.2,191.957,0.09653607664191721
1686.01,6.7053949,6141.0,209.153,0.0965002930774496
5432.01,2.9525486,5612.0,373.957,0.09649729196337718
4857.01,1.8881146,6309.0,849.5,0.09647450725724674
2363.01,5.5436298,6510.0,721.25,0.09643969037681543
5810.01,5.6857105,6142.0,320.387,0.09640253350103026
4580.01,0.9167992,5659.0,67.7223,0.09640092679234791
2533.01,6.6857865,6144.3,368.409,0.09631778927649348
3434.01,3.1510024,5927.9,607.396,0.09626418920849965
3188.01,1.5659063,6356.0,1072.85,0.09621137310172832
3739.01,3.4471559,6083.0,962.115,0.09620369648157888
1311.01,6.1406417,8298.0,556.813,0.09617830890481228
7636.01,3.4291124,5902.0,572.2,0.09615985971212179
1659.02,3.3985674,5977.0,122.494,0.09614196624720447
2929.01,2.0391352,5773.0,464.854,0.09610043940757883
6095.01,2.1613171,5260.0,99.172,0.09609784730821634
3075.01,1.8030565,5982.0,871.063,0.09606046194261145
3635.01,1.8048106,5972.0,1013.06,0.09600890807821182
6955.01,5.1185703,6547.8,1020.81,0.09597974770433869
6213.01,2.3921761,5817.0,628.024,0.09590097899479662
2621.01,2.4125012,6190.0,867.586,0.09589838423760702
2830.01,4.2555436,6053.1,566.013,0.09586084576238259
4156.01,4.461878,5986.0,213.719,0.09583652797798839
958.01,0.5875044,5745.1,297.121,0.09583065189517909
3596.01,4.9056578,5989.7,527.73,0.09582888391572178
7300.01,0.6439909,5225.0,300.868,0.09581653928561028
671.01,10.1970284,7949.0,279.74,0.09570821242934689
5219.01,2.88753,6095.0,991.551,0.09558203938745026
3407.01,1.3847905,5596.0,714.755,0.09557217829442674
7533.01,1.7518061,5975.0,521.532,0.09551773485553663
3134.01,2.2308431,6386.0,1245.7,0.0954977383709201
3315.01,5.2330803,6375.0,565.094,0.095380971180694
4944.01,4.075051,5674.0,454.335,0.09535303046063806
5668.01,4.1753448,5686.0,295.293,0.09516896686275597
659.01,4.7192771,5990.0,245.318,0.09515741179241947
1961.01,6.7018963,6231.8,240.34,0.09514869287960775
6460.01,4.4044418,5754.0,299.878,0.09510809998729447
1409.01,4.7182888,6112.0,83.2324,0.09479566516454663
4118.01,2.5551882,5855.0,594.975,0.09469440416494158
4708.01,3.3560085,5906.0,708.347,0.09445795505421381
5049.01,2.9204289,5508.0,478.128,0.094441635533137
7854.01,1.1260914,5780.0,332.402,0.09441562555258447
3802.01,1.4658218,5586.0,550.393,0.09440285717376123
6371.01,1.8597817,5751.0,431.523,0.09427502350854054
6098.01,2.7297541,5599.3,82.2325,0.09421604676605534
7845.01,5.7023604,6387.0,628.054,0.0941989512790456
7002.01,4.9792822,6677.0,1260.84,0.09416383766376223
2564.01,3.7257237,5698.0,486.785,0.09413125255491041
1056.01,5.3079507,6124.3,168.354,0.09411289158583208
6323.01,4.071096,6008.0,773.844,0.09408731161733297
5430.01,3.8635521,6797.0,1031.52,0.09406790765751849
3127.01,3.606557,5775.3,308.901,0.09405095753202422
6050.01,5.4823596,6243.0,462.414,0.09385165870378516
5439.01,5.0775738,7648.8,1810.17,0.09377115786066131
7634.01,2.2807843,5810.0,553.678,0.09373215133126957
3949.01,2.2297524,5846.0,682.99,0.09367642319809784
3030.01,2.1510781,5769.0,1107.81,0.09366173251182534
800.01,0.9657303,5780.0,7596.91,0.0936436434739197
3556.01,4.118418,6374.0,795.26,0.0936293410421642
3105.01,5.3332571,6068.0,354.09,0.09361958554178024
7151.01,7.1467369,6252.0,350.869,0.09361740129305936
7330.01,2.8411706,5801.0,551.456,0.09361006818125477
3169.01,4.4814049,6232.0,684.827,0.0935674468077608
4861.01,3.4321678,6176.0,946.232,0.09346861700843656
4101.01,4.3202706,6287.0,691.697,0.09345254870603785
565.01,3.7271641,6231.0,988.801,0.09344955909299874
4065.01,3.5908038,5657.0,579.364,0.0934417080794712
6552.01,3.2706204,5933.0,698.403,0.09339603779406426
3707.01,4.9107194,6302.0,755.552,0.0933556992770201
1703.01,1.2016105,5747.6,198.501,0.09330609550842368
6991.01,0.9902419,5643.0,755.331,0.09330335653005559
7039.01,3.3206355,5768.0,183.08,0.09324889960933026
6400.01,5.0358501,7455.0,1533.65,0.09322991769887422
4318.01,1.1343824,5683.0,120.871,0.09319725659117158
5488.01,3.1910454,5907.0,676.829,0.09319126166497382
6466.01,1.4571902,5712.0,458.026,0.09317671650044917
5764.01,5.0859973,6503.0,960.081,0.09316183108920033
3588.01,3.7037478,6688.0,1023.15,0.09314592939756611
4196.01,3.125924,5828.0,560.078,0.09307649779901288
4696.01,4.1249095,6007.5,759.867,0.09305120901043329
3431.01,3.919695,6438.0,1198.58,0.09303737483623632
4236.01,0.4021401,6115.0,1171.09,0.0929571565357599
3477.01,3.3626798,6165.0,982.497,0.09293807629751522
350.01,2.5130547,5635.0,341.681,0.09289428093285249
4786.01,5.6984189,7528.0,885.636,0.09287749319623556
3016.01,5.1139634,6451.0,930.905,0.09286636642064656
3302.01,1.5570251,5590.0,705.625,0.09279172455102402
1254.01,1.0180114,5451.0,199.039,0.09276377516287075
1461.01,3.5686777,6046.0,359.959,0.09271583932678036
7623.01,4.3507956,5955.0,177.758,0.09270018143065706
7837.01,0.4669515,5740.0,246.75,0.09268972418117101
5647.01,4.0134273,5935.2,415.29,0.09265276375562863
167.01,4.4531846,5766.0,310.951,0.09262265835818212
3517.01,3.3687307,5727.0,775.36,0.09260843388685505
3844.01,0.896271,5726.0,655.503,0.09259165682425458
7617.01,3.933506,6586.0,1267.73,0.092516427269669
2814.01,5.479335,6332.7,427.312,0.09248815111240016
4732.01,1.8911553,5711.0,570.837,0.09247171316725622
6190.01,3.5595352,5669.0,261.749,0.09242501473344747
6100.01,1.2280156,5223.0,235.778,0.09237943750395246
4896.01,5.1609259,7102.0,837.932,0.09233854581184196
6244.01,2.5553078,5739.2,230.559,0.09233056619911224
5336.01,4.0153167,6093.9,778.572,0.09233027659964631
3430.01,5.0949767,6565.0,872.374,0.09228819133351418
7174.01,4.2422767,6223.0,624.168,0.09222712980735233
2678.01,3.4523955,5614.0,602.385,0.09219311757340043
2520.01,2.0944084,5298.0,87.4053,0.09219013537226786
5596.01,0.3642961,6164.3,1439.26,0.09215011973033999
7388.01,0.3328569,5780.0,164.011,0.09213573151519741
7733.01,1.1838811,5324.0,200.453,0.09201183827961566
4744.01,4.8013522,6399.9,999.297,0.09197137660451718
447.01,5.5292743,6350.0,126.177,0.0919557854956709
6421.01,3.750778,6751.0,1182.83,0.09194022704517209
6349.01,2.7934699,5635.0,350.759,0.09186264979990551
6562.01,4.0947485,5983.0,758.968,0.09185604033344032
4160.01,4.4427146,5754.0,399.676,0.091815386928191
1818.01,5.5115114,6236.9,401.96,0.09176910258169176
759.01,4.2135662,6107.0,516.041,0.09161209051901655
3278.01,3.2464257,5729.0,904.752,0.09160749418606745
7224.01,5.5698339,6500.0,633.285,0.09155766372007895
5890.01,5.9029732,7142.0,665.349,0.0915575068752145
2815.01,3.4044402,6097.0,1028.76,0.09154626870305226
3856.01,2.0436029,5568.0,314.443,0.09151855826017818
740.01,2.131225,5776.0,115.091,0.09149739529386577
3382.01,4.4575332,6289.3,713.283,0.09141472319936472
4772.01,2.8894603,5604.0,591.645,0.09134378286579561
3425.01,0.765415,6034.0,923.779,0.09131189197226977
3870.01,2.6292572,5933.0,642.727,0.0911689863129711
3310.01,1.3828196,6362.0,890.249,0.09112346482636419
5903.01,2.4707357,5869.0,682.522,0.09112149392658406
7853.01,1.6886248,6138.0,974.199,0.09109189160022226
7362.01,1.1930966,5906.0,1144.22,0.09109025092124119
6048.01,5.4928246,6235.0,280.271,0.09103372799158616
301.01,3.7440143,6048.0,667.745,0.09103357025189282
7757.01,0.8258114,6046.0,991.832,0.09098396499537056
5291.01,2.3007511,5603.0,236.736,0.09085310766237181
171.01,1.238601,5237.0,256.345,0.09081667067266955
1350.01,5.5402372,6415.0,598.635,0.09060336925965036
4147.01,2.3745416,5865.0,631.739,0.0905802610556199
5386.01,3.6215615,5920.2,394.486,0.09054847617983
5410.01,4.1059353,6140.3,711.856,0.09052730602010756
1960.01,5.3418199,6466.2,400.718,0.09051875118413251
6756.01,4.9354155,6500.0,1281.82,0.09051032222743358
6939.01,1.9207699,6039.4,862.172,0.09049285903324294
2747.01,0.5209929,6116.2,995.15,0.09039017574177693
2864.01,0.4777885,5286.9,748.5,0.09034401903004197
2491.01,5.92777,8343.0,533.726,0.090326073610217
427.01,0.6090253,5271.7,151.054,0.09031404965850723
3700.01,4.4184429,6166.0,600.806,0.0902669272622283
7698.03,1.2377157,5352.9,109.79,0.09025484104498503
182.01,1.7691703,5569.0,107.399,0.09024694153529252
4823.01,3.7260939,5736.0,401.311,0.09024317998265545
7588.01,4.1835297,5970.84,477.122,0.09014684113141483
5828.01,1.1951761,5313.0,264.73,0.09013719145268656
6191.01,3.7752321,5585.0,303.581,0.09012444793696427
1727.01,1.8308782,5566.0,115.362,0.09007155868633904
170.01,3.7115129,5973.0,428.915,0.08995843869647378
3329.01,5.0648278,6411.0,441.315,0.08988298195521358
2030.01,1.3254567,5778.0,367.355,0.08986160664750019
5351.01,2.8817237,6182.0,796.298,0.08981740939971297
5880.01,3.1162505,6244.0,943.441,0.08972731352149045
5213.01,4.5333993,6254.0,625.326,0.08970586505131703
354.01,3.0002084,5767.0,366.824,0.08967562683275263
6538.01,5.7180689,6219.0,666.515,0.08958438130400552
4780.01,4.6942884,6400.0,1004.09,0.08955936117870335
6773.01,3.272056,5668.0,782.336,0.08955266472528162
5665.01,2.2465076,6064.0,1443.94,0.08954504270067874
5286.01,3.2988824,5735.0,533.065,0.08949044034044622
5891.01,4.1784844,6283.0,688.501,0.08947211322415186
4804.01,5.0648401,6675.0,495.004,0.0893577942960833
2753.01,1.6281719,6020.0,890.799,0.0892604158278413
6934.01,2.8398671,5954.0,654.771,0.08919660594556221
3510.01,2.8724894,5752.0,518.905,0.08919615590070044
2859.01,3.9589903,6551.0,1047.94,0.08918292468255981
5689.01,3.3299795,5794.0,591.975,0.08917265127880233
2302.01,1.3103832,5228.0,171.909,0.0891474795654694
2880.01,4.7799716,6605.0,1251.5,0.08914136514113338
4290.01,1.1771655,5313.0,228.13,0.08910616803399922
5039.01,2.1967461,5709.0,1079.8,0.08908398170030044
3136.01,2.6841894,5914.0,572.389,0.08907506164938159
2037.02,5.5470937,6319.0,263.958,0.08904776489739383
5472.01,2.2703829,5845.0,536.648,0.08900066467713855
1972.01,4.7631,6105.1,202.033,0.08892152662213804
2229.01,4.98668,6046.0,329.989,0.08885568930138836
5934.01,2.5505105,6190.0,940.966,0.08881947219740692
2478.01,2.6473916,5748.0,209.93,0.08879685976975045
4724.01,3.572359,5730.0,225.229,0.08877002549534513
5883.01,0.5223032,6285.0,882.718,0.08875771050126696
3259.01,3.4470312,5629.0,411.798,0.08875135334511278
6356.01,3.7799201,6121.6,374.605,0.08871210435780988
3628.01,3.4945148,5699.0,332.852,0.0886587124822594
5190.01,5.7488688,6728.0,675.281,0.08864804327180754
3872.01,4.4100654,5726.0,409.36,0.08859469932657976
5848.01,1.5101054,5964.0,1095.42,0.0885872401141082
5869.01,3.3879742,6236.0,1368.83,0.088585130750237
4088.01,2.7284428,5686.0,439.803,0.08852282909242164
5684.01,1.1000285,5644.0,340.9,0.08842976423084957
4280.01,3.518972,5972.0,709.048,0.08834018372080907
6759.01,1.318678,5764.0,584.561,0.08831754176256033
5452.01,0.9907914,6273.8,947.518,0.08819196713670455
5907.01,0.6583175,5766.0,456.741,0.08816582658332216
2401.01,5.8681984,6294.0,323.506,0.08813871279278664
5593.01,4.7974601,6549.4,1130.59,0.0881358931331449
5195.01,3.1523405,6124.0,491.054,0.08811360578154769
2791.01,3.7482756,6425.0,1148.8,0.0880941127341886
5185.01,4.2788309,6353.0,770.483,0.08806901467936885
3387.01,2.7678404,5908.7,617.178,0.0880501085815648
3094.01,2.8396238,5915.3,707.151,0.0880495015148086
3040.01,3.5366051,6026.0,457.568,0.08804082347901616
5395.01,6.5811814,6269.0,165.951,0.08796247417702714
6473.01,1.0992893,5636.0,558.189,0.08792496741083705
502.01,2.9412694,5642.0,215.387,0.08779809817232394
6938.01,4.8789974,6473.0,1454.11,0.08766456083526052
7549.01,2.1610101,5394.65,357.653,0.08760656463961874
5340.01,4.9393117,6287.2,532.629,0.08760342354630074
4192.01,4.2300182,6064.1,507.639,0.08757837359719435
4763.01,5.8679992,7054.0,849.357,0.08755777249027177
4788.01,4.3930669,6328.0,620.549,0.0875143463961372
4761.01,3.7863767,6892.9,1053.95,0.08750592724322237
6265.01,5.7935723,6387.1,71.8401,0.08750505251635796
3780.01,1.4005308,5765.0,610.587,0.08748052897440296
6428.01,1.6763835,6087.0,972.897,0.08745736932537318
7681.01,1.6498042,6157.97,1158.45,0.08742089106563806
831.01,1.5617357,5808.0,86.0601,0.08741769242408141
2733.01,3.7170532,6065.0,1080.65,0.087416794931855
386.01,5.1119781,8562.0,627.07,0.08738644511390804
7048.01,4.0863647,5969.0,753.924,0.08737747311120443
6843.01,5.4977872,6281.0,470.668,0.08731746781779101
5297.01,3.3014986,6311.9,670.528,0.08729262275014639
4718.01,5.1409029,6282.4,563.123,0.08723767709430702
3250.01,3.2806578,5717.0,410.674,0.08723145665239464
3267.01,2.7674682,5890.0,714.829,0.08719628973150302
4836.01,5.1035091,8086.0,790.152,0.08691835664117609
4242.01,3.0579913,5967.0,656.6,0.0869019142903227
7569.01,5.672796,6304.0,460.642,0.08689256393546307
2238.01,3.3904897,6113.8,285.78,0.08681660261194839
5929.01,4.6079976,6662.0,1011.55,0.08673594469040438
312.01,3.541231,5755.0,506.715,0.08669752870065649
3271.01,4.1394473,6014.9,365.226,0.08665489164879299
2883.01,3.7064049,6016.0,696.926,0.08664175834427158
5045.01,3.4792084,6052.0,1024.34,0.08662776047621913
6051.01,3.9200919,6574.32,915.507,0.08654373720630415
3014.01,1.7946783,6351.0,1023.59,0.08653750062231998
874.01,5.9049733,6437.0,130.527,0.08647093478455149
6204.01,4.0673088,6333.0,685.554,0.08643658954567632
7134.01,3.5899561,6224.0,937.871,0.0864132750271451
6553.01,3.6342494,5829.0,227.014,0.08640400461258738
7208.01,3.6366231,5978.0,620.15,0.08638272952275708
6987.01,4.6017382,6233.0,753.271,0.08624566666093882
4307.02,4.6545798,6079.16,36.0469,0.08622811595187102
2343.01,3.2553185,5927.0,511.208,0.08621647466869443
6603.01,5.015806,7155.0,1310.99,0.08616864096996933
3183.01,4.2174286,6841.0,1085.05,0.08616162357337726
6141.01,2.6607389,6090.2,560.429,0.08613153075477754
4640.01,2.6857229,5978.0,245.089,0.08609935702143158
4097.01,2.7741864,5636.0,317.929,0.08607381704797955
7380.01,4.4136877,6627.0,1305.98,0.08606389560237128
3516.01,2.501531,5823.0,378.28,0.08602047652242063
2722.01,0.708548,5678.0,349.979,0.08595883964957056
2516.01,5.4927168,9623.0,545.079,0.08594602682549816
4293.01,1.6242109,5705.0,472.755,0.08591605157357765
7144.01,0.5289141,5739.6,625.682,0.08591302620611461
2356.01,3.66275,6150.0,415.04,0.08588137080167044
3748.01,2.3753009,6087.0,796.177,0.08585946844547714
3515.01,3.0415724,5814.1,508.733,0.085810987563538
6951.01,3.7279887,6514.0,1030.88,0.08576846671890369
2432.01,1.82738,6130.5,463.05,0.08572498752438308
7206.01,3.5689392,6326.0,730.775,0.0856202280317047
6948.01,5.4911822,6250.0,569.591,0.08557468738400345
4884.01,1.5300843,5951.0,1102.0,0.08550716268809212
5840.01,4.006489,6600.0,1176.96,0.08549454959670925
3285.01,2.7022764,5969.0,614.218,0.08548966820722917
4617.01,3.4878754,5752.44,333.973,0.0853948947250365
5167.01,4.8740385,6504.4,1425.02,0.08539421458066859
7732.01,1.5925045,6305.0,937.292,0.08538929957054965
3625.01,2.9708659,6122.0,556.008,0.08534790261694415
7794.01,4.7464662,6281.0,612.322,0.08532857135669294
5851.01,4.5049415,5697.0,433.416,0.0853009985723583
3835.01,1.3460633,5788.7,504.711,0.08526154415908609
7626.01,5.0712059,6102.0,186.659,0.08518679528262657
5426.01,5.8095099,6353.1,283.552,0.08515953404359232
6313.01,4.9570983,8120.6,2579.15,0.08514585255150892
7454.01,3.1733972,6227.0,1544.44,0.0850895380549901
3289.01,1.4259934,5955.0,915.052,0.08495409450570404
3731.01,5.6619072,6294.0,300.021,0.08484260623627918
4790.01,1.6102435,6080.2,954.883,0.0848382395473401
3998.01,1.81451,5696.0,399.813,0.08480886651239744
5958.01,2.3062125,5816.0,108.991,0.08480784698873547
5103.01,4.9898664,6242.0,528.469,0.08470411493068157
2440.01,0.6461571,5256.8,212.588,0.08468245939891247
5582.01,4.51125,6297.2,533.617,0.08462700187565739
4799.01,4.0234634,6678.0,1008.83,0.0845927460584498
2216.01,5.6807412,6295.0,563.621,0.08458799995046629
7126.01,3.2966077,6259.0,666.281,0.0845491965213819
2976.01,3.4859402,5941.0,750.393,0.08454366152925787
3954.01,3.4043154,5833.0,499.795,0.08443382444980313
3283.01,3.502221,5983.0,527.005,0.08437984313816632
3265.01,3.3792968,6125.1,637.042,0.08433949832202543
6636.01,3.5171227,6386.0,914.054,0.0843381660029324
7806.01,2.212242,5839.77,583.113,0.08433714129669541
6545.01,5.6177467,6315.0,346.576,0.08432340361514411
4664.01,3.0002713,5902.3,606.404,0.08430823952861323
4645.01,5.0872348,8972.0,709.453,0.08425509427873154
4098.01,1.1789842,5650.0,425.694,0.08424292113996142
6277.01,3.3733921,5704.0,362.374,0.08419265862317969
3391.01,4.7131119,6785.0,1249.01,0.08415498784294007
1987.01,2.5861562,5635.4,273.491,0.08414160839459076
2780.01,4.9062135,7169.0,1353.97,0.08407881791955382
5113.01,4.136488,6113.0,222.874,0.08405814343289697
6237.01,4.1533998,6866.0,1556.04,0.08403436939645886
2824.01,2.2087864,5827.0,732.634,0.0839969748077229
2949.01,2.8652288,5945.0,645.262,0.08391639171772415
4003.01,3.9606593,6647.0,626.396,0.0838915793944019
7312.01,4.2990991,6013.0,486.159,0.08381613523805014
392.01,0.8490674,5624.7,87.4715,0.08381573483920582
6657.01,4.0610981,6193.0,96.6949,0.08374795333114594
5510.01,5.7380349,6786.0,620.47,0.08373676497566422
4014.01,2.8067423,5863.0,562.401,0.08373268403533032
3601.01,4.0517972,6284.0,694.069,0.08366873158883488
4607.01,5.5109534,6404.0,180.022,0.08366728729055285
5419.01,4.8002161,6498.4,1088.28,0.08354843505606648
6637.01,2.231293,6356.0,782.642,0.08353787640343116
6804.01,3.7724643,6170.0,545.522,0.08353349279305411
6643.01,4.8332515,6431.0,1015.39,0.08352563759946807
2369.01,3.3651586,5713.3,418.29,0.08351558810772117
4221.01,2.8395663,5858.0,746.058,0.08339617580018097
6118.01,4.6474314,6455.0,1242.07,0.08338631665799247
5691.01,3.3894889,5657.3,483.682,0.08337166299004832
5003.01,4.4540914,6188.0,404.148,0.08334039248351224
7426.01,0.766526,5978.7,660.292,0.08326965085213364
7180.01,3.2607791,5975.0,244.502,0.08324527374208948
6660.01,2.9852193,6116.0,522.201,0.08323588989943495
4214.01,3.491383,5936.5,346.881,0.08313599496604619
3786.01,2.1040634,5973.3,632.756,0.08313130879872047
4848.01,3.7235407,7492.0,1097.3,0.08312720576099665
5179.01,0.2874782,5702.0,256.739,0.08305393252514351
6432.01,3.356169,5941.0,552.368,0.08303077412208731
7436.01,4.0616142,6525.0,1372.43,0.08300175126900976
6803.01,3.3522572,5951.0,594.791,0.08292940856759982
5884.01,5.8311038,6390.0,440.704,0.08273378040672939
3650.01,1.7556768,5670.5,726.26,0.08267435293634268
2609.01,1.1645141,5979.0,347.307,0.08265029648833243
4442.01,4.0434287,6557.0,1435.21,0.0826064383215437
3932.01,2.4892754,6285.0,672.679,0.08260531678308425
3723.01,3.9442027,6518.1,787.446,0.08259389458356962
3454.01,3.9415006,6011.0,633.798,0.08257231565673903
5255.01,2.612273,5874.0,678.578,0.08249521018784167
5500.01,1.7530712,5625.1,513.084,0.08240854569826053
7219.01,2.9069573,5744.0,329.719,0.08226910235718304
5314.01,2.5351022,6143.0,641.876,0.0822159068555383
2881.01,2.9301843,6032.0,1059.52,0.08216865194376133
4870.01,1.8119168,6146.0,643.517,0.08196435947269577
7790.01,3.1764755,5916.0,594.506,0.08192649743686305
3851.01,3.383466,5838.0,298.349,0.08189656003779767
1060.01,2.0685633,5687.9,128.491,0.08179693263028633
3997.01,3.4600026,5997.0,654.004,0.08179199055527667
7266.01,3.8789319,6148.0,432.431,0.08168179574141571
6800.01,4.1518071,6702.0,916.11,0.08152087745845832
4250.01,4.0185922,7156.0,1432.78,0.08150489152327153
6993.01,0.3695622,5661.0,342.122,0.08150465036206996
4164.01,3.522843,5952.0,511.193,0.08149456270839034
6968.01,2.3475051,5924.0,430.708,0.08148292327190075
3211.01,3.5949457,6131.0,622.381,0.08148174291813419
5370.01,3.7539574,6350.0,621.805,0.08147786839487325
3126.01,1.8246123,5655.0,693.951,0.08137079329624566
6107.01,3.7899018,7810.0,1311.48,0.0813118207595079
3180.01,2.0963263,5809.0,716.553,0.08129725253927444
3859.01,1.8460997,6123.9,784.669,0.08125821752322608
298.01,1.3287182,6273.0,957.936,0.08125316616490937
5130.01,2.1667786,6224.0,101.55,0.08122969567586041
4272.01,2.7302636,6307.0,770.937,0.08120681067625579
5917.01,4.0387941,6345.0,654.081,0.08117679433076037
7365.01,3.1924816,5964.0,772.216,0.08117274073267797
5978.01,0.7394818,5632.0,110.828,0.0811578593071569
3027.01,3.3794034,6072.0,652.69,0.08114762829538502
3670.01,2.1947767,5601.5,477.19,0.08114150918341342
6402.01,3.4053234,6111.0,552.846,0.08111916751637184
4495.02,2.5693728,6156.0,132.214,0.08110579156353252
3804.01,3.2905683,5689.0,601.602,0.08104724111554935
2561.01,2.7754004,5905.0,581.074,0.08097217546468415
6687.01,3.4414188,5965.0,584.723,0.08095801699309142
7439.01,3.5466109,6309.0,728.879,0.08089456334300399
3080.01,4.5744909,6993.0,1068.84,0.08086479670381688
4378.01,1.0690665,5930.0,355.943,0.080847696201093
6248.01,3.8528933,6306.0,701.295,0.08080591848393733
7735.01,3.1613631,5821.0,370.594,0.08078000741103866
4831.01,2.6375869,6196.0,1142.11,0.08075095561368346
5365.01,4.0069668,6080.3,651.291,0.0807362846475637
4141.01,3.6022715,6338.0,702.211,0.08073056842662457
863.01,0.5251251,5867.0,111.279,0.08057760365230894
3473.01,4.0358074,6599.0,1014.58,0.08042974950769566
1878.01,3.2351013,5976.0,603.015,0.080384949802389
7505.01,3.8618241,11396.0,1663.32,0.08035318453642913
2941.01,0.7127815,5625.4,483.964,0.08032654604191493
3093.01,4.3653308,7109.0,989.462,0.08022499170320885
2994.01,4.0257967,9045.0,3222.05,0.08015671075438285
6115.01,3.5529033,6389.0,1056.92,0.08012754625142762
7674.01,3.8831272,6905.19,819.977,0.08010568948489764
2234.01,2.91615,6103.0,558.211,0.08005242063466289
201.02,5.8492379,6461.8,113.825,0.07992465364840967
4056.01,5.0518907,6328.9,484.852,0.07990015630106044
6846.01,3.334884,5771.0,491.962,0.07978445983399823
3854.01,3.2693612,5814.0,559.867,0.0797057456706714
5334.01,3.6136326,5957.5,536.758,0.07970433867837937
4161.01,4.2607797,7409.0,1064.43,0.0796602968640088
6554.01,2.6141047,5650.0,220.877,0.07962072329788622
5367.01,1.6649585,6155.0,571.89,0.07961744114227608
5223.01,4.0656968,6424.0,1027.87,0.07960987966249909
3400.01,3.8036198,6464.0,913.915,0.07960140948817591
4277.01,3.2738129,5976.0,748.416,0.0795750922216053
7339.01,4.2470926,6232.3,539.085,0.07952355920178045
2728.01,1.7246234,5776.0,635.053,0.07947782457370044
5287.01,4.1976789,6058.0,357.584,0.07946978208863713
5768.01,3.7749324,6448.0,928.084,0.0794677695182906
3034.01,1.4032876,5649.5,730.429,0.07944128738091952
2681.01,3.1292868,6078.0,547.103,0.07933514192713306
6196.01,3.6119975,5979.0,578.849,0.07930489691684918
4034.01,1.8020923,5760.0,745.145,0.07929438943060865
6135.01,3.1106751,5660.5,399.63,0.07917808775562571
3039.01,3.412893,5691.0,455.237,0.07915935961720601
6265.02,4.1793325,6387.1,71.8401,0.07914785262574828
4978.01,4.7190303,6389.0,719.916,0.07912813677202458
7629.01,1.8202857,5627.0,657.913,0.07905518922272588
3376.01,4.7260751,7311.0,1055.67,0.07901128989190542
6615.01,3.5911377,6094.0,358.155,0.07894215706116357
6373.01,4.9613647,6592.0,767.899,0.07892440055677864
7800.01,1.6992461,5797.0,504.321,0.07891836840757692
4717.01,4.1583367,8131.7,1422.73,0.07891356586493395
5259.01,3.0321361,6071.0,487.68,0.07878333440580357
7409.01,2.6800806,6164.0,772.454,0.07877906772595968
6122.01,4.6107024,6391.0,765.772,0.07872714774899353
5006.01,4.254955,8653.0,1340.01,0.0785764433240296
5927.01,3.7306955,6503.0,700.098,0.07846460489202474
7308.01,3.7002646,6971.0,811.081,0.07844875439947073
3245.01,2.8977031,6397.0,881.501,0.07844069499416093
1527.01,5.0625809,7664.0,482.203,0.07843331146575078
7248.01,3.8148598,6425.6,830.91,0.07831747464331563
3166.01,1.87502,6263.0,1011.69,0.07828735007407793
2576.01,3.8229149,6166.4,430.46,0.07825771713398473
4754.01,3.6307276,6350.0,746.24,0.07824798121895145
5320.01,0.3852177,5313.9,275.255,0.07820967289282987
3695.01,0.6041576,6231.0,1431.98,0.07817858556344397
753.01,0.555255,5591.0,597.747,0.07816142721287227
4094.01,4.9111786,6186.0,312.41,0.07814424364136961
2773.01,0.5993364,6232.0,1695.32,0.07805094426636974
3244.01,4.6606892,8608.0,1206.98,0.07796738425439617
2823.01,4.7962078,8083.5,1106.49,0.07788793468849335
2954.01,4.8401948,12745.0,1968.35,0.0778632557545706
3671.01,1.7266138,5972.0,749.29,0.07781022037215718
7831.01,5.3428266,6262.0,449.576,0.07779732999213161
7294.01,1.6047466,5972.0,708.537,0.07761165612680285
4787.01,3.5037708,6107.0,695.55,0.07753500740797688
4371.01,1.0604139,5801.2,261.247,0.07753241557464535
4687.01,3.313358,6209.0,977.374,0.07752996556632344
3703.01,3.8901335,6530.0,786.966,0.07750403694228139
2203.01,3.05631,6344.0,701.717,0.07747146041687894
921.01,5.1287265,6055.5,294.015,0.0774488034626304
4950.01,3.9358604,6975.0,776.949,0.07743118662438193
2802.01,3.5266608,5668.0,441.989,0.07742937040215077
6230.01,4.3518774,6496.3,891.159,0.07734324888110526
2888.01,4.218652,9307.0,1658.85,0.07727973931101223
275.01,0.9195617,5616.0,144.866,0.07727524712273912
3437.01,4.9873145,6199.0,461.605,0.07725213980104001
6131.01,2.5530138,6286.0,692.772,0.07722109320242826
4873.01,0.8313018,5983.0,516.417,0.07719438878154039
2746.01,4.9208778,9668.0,1006.85,0.07715747603015978
3756.01,4.4236732,6096.0,327.13,0.07715633402105918
6296.01,4.2234273,6696.0,853.919,0.07715441978721188
4028.01,3.9589142,5963.0,610.074,0.07714964871233017
1425.01,1.0318213,5810.6,153.904,0.07709017179869716
5346.01,3.9783327,6441.1,839.92,0.07706014413986088
668.01,4.3787302,6159.0,344.134,0.07705883829073001
7773.01,3.2397806,5748.0,489.131,0.07700656812229818
2595.01,3.817421,6033.7,212.383,0.07699095802339541
4794.01,3.5658043,6214.0,543.008,0.0769762544984999
7633.01,3.6746814,6048.0,624.333,0.07689612355690507
7133.01,3.8282053,6455.0,884.206,0.07686858762429366
7498.01,2.789278,5880.0,750.217,0.07686804288848255
2934.01,1.1239749,6220.0,466.664,0.07685006497197247
5122.01,3.3885867,6148.7,183.637,0.07676867948371416
4869.01,3.0978928,5962.0,536.765,0.0767195819856698
4957.01,4.6622996,6870.0,914.534,0.07657836725526228
4021.01,5.1175439,6429.0,488.31,0.07655341435908816
6119.01,4.2070367,6437.0,920.216,0.07654871508727605
3988.01,2.8744227,6334.0,773.366,0.07653348372900927
2965.01,4.2672965,6548.0,920.771,0.07651057947385133
3959.01,3.8426038,7032.0,868.492,0.07650956269925618
6604.01,3.917482,6466.0,662.96,0.07648876888659331
2921.01,3.0044799,6302.0,706.87,0.07647718238416268
754.01,3.8639681,6214.0,498.36,0.0764737139463144
7638.01,1.522851,5617.0,460.349,0.07645636627522799
4224.01,1.161347,6289.0,715.234,0.07644578807347983
6134.01,4.679209,6600.0,1004.18,0.07636104411684787
4725.01,2.0763072,5805.0,367.045,0.07629322788746502
4420.01,4.7259317,6203.0,230.661,0.07625624166306158
7515.01,3.5881072,5983.92,605.253,0.07623671162335455
7255.01,1.6831237,6264.0,1030.1,0.07620480691919149
5677.01,3.8480524,6153.0,137.2,0.0761448858470172
5679.01,1.6622263,6152.0,420.716,0.07609135438192412
5698.01,2.346931,5901.0,301.644,0.0760730513569667
2265.01,0.8294084,5951.67,88.0815,0.07606912034651675
4936.01,4.7750178,7121.0,956.723,0.07603191220604909
7560.01,2.1974264,6389.0,976.576,0.07597273002059111
3689.01,2.4145007,6391.0,1043.15,0.07596801843436353
2499.01,2.5574812,5844.0,233.953,0.07590854574740886
4866.01,4.1059615,6524.0,839.783,0.07590353739148871
2950.01,3.2690486,6368.0,773.248,0.07585360632453972
3474.01,3.8795023,6048.0,420.123,0.07585130290879456
4702.01,3.121702,5944.0,521.26,0.07583761376065441
3131.01,2.6274574,6148.0,764.831,0.07582628735378613
5842.01,2.8091879,5821.0,460.272,0.07574562742688246
4243.01,1.0886286,6127.0,650.191,0.07574057970475857
3298.01,3.0537856,6103.0,588.129,0.07571314644680918
4136.01,3.7630305,6357.0,608.697,0.07570136866479453
4911.01,4.4573401,7514.0,999.139,0.07567503372112781
6287.01,1.640758,6262.0,779.009,0.07563369002404027
4723.01,3.6590997,6624.0,982.931,0.07551085126549527
2546.01,2.1811989,6125.96,515.356,0.07545756484351933
3184.01,3.6071588,6071.0,649.368,0.07523345423072969
4285.01,1.1703152,6328.0,746.443,0.07516246625778727
5417.01,2.8675385,6219.5,595.812,0.07509786457742351
1681.01,1.5379237,5672.5,153.896,0.07505457155250454
5015.01,2.4533968,6333.0,637.121,0.07496348133298338
3295.01,3.4379994,6193.0,981.113,0.07495756388955603
4938.01,2.913692,5816.0,377.703,0.0749463021047988
2851.01,4.8257226,7141.0,926.193,0.0749440342324909
2922.01,1.3605223,5924.0,366.67,0.07493856609251542
3061.01,1.3185787,6040.0,2578.83,0.07486437960609202
6177.01,3.89989,6076.0,635.864,0.07479150885543183
6462.01,3.8720204,6976.0,761.889,0.07475093539296174
3771.01,3.6238662,6717.3,810.882,0.07474405404432663
3618.01,3.4898546,6083.0,588.794,0.07452398560905976
7261.01,2.3273503,5957.0,673.445,0.07445362790949735
2665.01,2.8456505,6112.0,222.0,0.07445312806869982
3514.01,1.5039495,5623.0,413.169,0.07441186615018332
3172.01,3.0031058,6212.0,1373.41,0.07438571107429666
3100.01,3.2907468,6229.0,697.681,0.07437690808811052
446.01,3.5018023,6383.9,674.155,0.07435897837639888
3758.01,3.4177514,5868.0,477.787,0.07434217500642737
2308.01,3.86866,6373.5,613.155,0.07430776157307326
6461.01,4.064628,6876.0,631.411,0.07430038751080714
5638.01,1.0034686,5601.2,276.04,0.07428688591688734
5209.01,2.635737,5900.0,404.438,0.07428635400635092
3099.01,2.5543095,5990.0,444.736,0.0742846214547751
7169.01,3.4375711,5874.0,467.151,0.07427056884627546
3478.01,1.82856,6078.0,657.544,0.07423994435709941
2549.01,4.8580501,8303.0,970.123,0.0742074389800805
6417.01,3.3458255,6089.0,577.753,0.07406308547782134
2539.01,0.985586,5799.4,386.525,0.07404176934936006
4883.01,4.4967355,6534.0,907.699,0.07403819899805077
3203.01,4.2442882,6915.0,813.39,0.07394260082256777
6350.01,2.4766677,6197.6,602.08,0.07393006972494297
4100.01,3.585982,6195.0,489.834,0.07387663929408637
2622.01,1.2207037,5991.0,782.496,0.07385300662335703
3505.01,2.9151556,6220.0,373.477,0.07378782713456976
271.01,2.475987,6025.0,100.245,0.07378105418893044
4659.01,1.0451165,5921.2,329.19,0.07376202318034282
205.01,4.2529857,6222.5,177.759,0.0737052348071328
2166.01,5.1354577,6515.0,348.554,0.07368115892286645
7194.01,4.167309,6552.0,828.804,0.07366898460256337
2562.01,4.0483695,6054.0,587.158,0.07365696571222625
4742.01,4.1034672,6753.0,803.756,0.07363341394023637
6271.01,1.604607,5780.0,705.238,0.0736075423543886
779.01,0.7839149,5780.0,634.714,0.07359035658216734
6778.01,3.9718475,6064.0,591.27,0.07357548641314145
5332.01,3.9544873,6002.5,609.385,0.07356093534988531
3916.01,3.4014954,6005.0,610.654,0.07354983930527192
2939.01,4.8306667,6567.0,841.049,0.07354679008772726
4499.01,3.4902115,6111.0,175.743,0.07350121700619992
2163.01,5.2132496,6318.0,261.045,0.07345220773325158
5438.01,2.5842514,5860.5,317.022,0.0733290920309098
641.01,1.8930707,5646.0,134.043,0.07326439548614772
7184.01,1.1976555,5598.9,105.18,0.07326217062088544
3326.01,1.0664194,5897.0,685.8,0.07325421690228891
1940.01,3.4158668,5986.0,264.051,0.07313956087450445
2574.01,4.4817684,6734.0,834.038,0.07313609802505511
6777.01,3.3615701,6258.0,730.364,0.07312722714593155
4741.01,2.4849639,6252.0,772.403,0.07312252363800471
2649.01,3.375591,6408.0,626.504,0.07305505369785198
2584.01,4.6965638,6502.7,840.101,0.07305502968766868
6431.01,3.5423487,6195.0,735.252,0.07291803097572218
6971.01,4.1866989,6309.0,231.047,0.07287409684395106
3395.01,3.2730247,5769.7,440.82,0.07287356801897803
7441.01,2.2351679,6229.6,647.797,0.07286455754849477
4793.01,3.4658629,6688.0,1174.05,0.07286105389518953
2986.01,3.2783445,5940.7,563.149,0.07285228180137039
4782.01,3.7244324,7759.0,814.057,0.0728221930604933
3980.01,3.6089193,5854.0,486.721,0.07279610784300532
3228.01,1.8118703,6222.0,769.274,0.07271750074003769
2226.01,0.9017685,5828.0,164.418,0.0726975986848889
3024.01,2.5071775,5996.0,777.224,0.0726836622535178
2505.01,2.8972041,5879.0,282.783,0.0726458476333587
4449.01,2.7519172,5856.0,213.604,0.07259429839782948
3967.01,4.6709424,7211.0,920.632,0.07258758940044706
1085.01,3.2541181,6102.0,444.066,0.07258449838000214
601.01,3.477756,6221.0,409.766,0.07246256663809555
6514.01,4.0236761,9833.0,965.229,0.07238372392649811
6153.01,3.6720231,6158.0,723.473,0.07227495602275366
4749.01,1.3832999,5786.0,692.636,0.07224129351297254
7406.01,2.8885639,6207.0,542.965,0.07223424188954303
7662.01,5.028696,6507.7344,200.727,0.07202619226762703
3792.01,0.7729066,6125.0,640.574,0.07200432115170426
7751.01,2.6759638,6013.0,501.356,0.07198752363514346
5923.01,4.0252588,6059.0,742.549,0.07197282235003154
5485.01,2.5840753,6119.0,774.157,0.07196736465253346
7423.01,2.889977,5949.0,263.949,0.07186575839634625
3304.01,3.4930546,5986.0,502.336,0.07181658736420438
5271.01,4.3108587,6358.0,295.41,0.07180702371779144
4089.01,3.2462849,5895.5,321.956,0.0717457940075961
5364.01,1.4466879,6332.0,645.231,0.07168618853746693
6707.01,3.8347282,6088.34,641.467,0.07163241623400107
5181.01,3.8922407,5943.0,480.155,0.07160347569083042
6479.01,2.9193825,6037.0,455.749,0.07159020219604552
5064.01,3.5108018,5860.0,433.55,0.07155105099675649
3087.01,4.1414861,6920.0,780.12,0.0715179364668165
3950.01,3.4488281,5994.0,701.783,0.07149339606561173
4802.01,1.7131374,5843.0,610.318,0.07148452833636998
2325.01,4.26991,6580.0,223.852,0.07146307194076043
3590.01,4.4064273,6592.0,911.211,0.07142011047251164
3144.01,3.7724947,6623.0,775.951,0.07140722067298051
7647.01,3.958213,6059.31,704.588,0.07139892673702436
1454.01,2.6794168,6075.0,289.372,0.07137409267592372
1677.01,0.6435807,5919.7,197.14,0.07126429029174143
5928.01,3.246565,6277.0,722.174,0.07122840500546071
7161.01,3.8285502,7075.0,736.113,0.07119902803119059
4170.01,2.190225,5929.0,587.217,0.07113510354057953
3600.01,5.016641,6616.0,607.523,0.07113343958575481
2809.01,3.1660849,6225.0,308.013,0.07111230945725708
6353.01,2.5048108,6080.0,615.476,0.07108176141103581
5831.01,3.7846792,6360.0,324.532,0.07104740373303156
2628.01,0.8715953,5969.0,765.238,0.07102822635514947
6966.01,2.1659522,6194.54,216.411,0.07100814846287058
2799.01,1.4367914,5873.0,651.979,0.07091779126494732
4244.01,1.8665254,6310.3,767.846,0.07091755469732837
4833.01,3.6520005,7194.0,878.599,0.07091536906207867
5872.01,2.2425137,6032.0,466.611,0.07089513406192427
6334.01,3.8363055,5982.0,729.418,0.07087687375886953
7139.01,3.8850223,7162.0,699.662,0.07087425888558947
7682.01,1.3409758,6229.0,259.037,0.07083198651228387
3337.01,1.2436504,6070.0,781.789,0.07074609040972402
7035.01,4.18142,6293.8,318.756,0.0707433306170082
3941.01,2.8817718,6137.0,707.03,0.07069146939834679
6319.01,3.2964006,5883.0,517.51,0.07060149314164878
343.01,1.7563116,5885.0,519.27,0.07060097081756289
2673.01,1.9126596,5601.4,98.3018,0.07058134948074174
3973.01,2.0615575,6213.0,701.76,0.07052634878333074
3191.01,4.4367891,6426.0,864.432,0.07045213297962273
7731.01,3.2874829,6096.32,680.533,0.0703817921712584
5856.01,0.5498864,5808.0,298.032,0.070356844571499
7115.01,0.8738186,5838.0,646.214,0.07025930336304932
4387.01,3.562038,7042.0,631.098,0.07023641131800792
7628.01,4.0391331,7691.26,848.224,0.07023392219543503
2916.01,3.9216762,6706.0,588.385,0.07021034229188432
7295.01,0.7729056,6269.0,703.22,0.07018816533800414
2886.01,1.6020002,6141.0,413.673,0.07014825898330823
3569.01,4.5956692,6157.0,284.927,0.07008668490963836
3103.01,4.3437796,6513.0,730.225,0.07000863636106797
7284.01,0.8760587,6306.0,708.379,0.06980529389391325
7410.01,3.5043637,6000.0,246.196,0.0698031111418331
3128.01,2.3155132,6011.0,444.507,0.06977462418727803
4560.01,3.7634028,6491.0,207.571,0.06970960377924683
7606.01,4.8870585,6912.4,817.855,0.0696879848418114
5100.01,3.4532143,6028.0,513.756,0.06962478380532866
3655.01,3.3325651,6229.9,535.52,0.06957667166845041
1207.01,2.6282553,6282.0,113.758,0.0695486342459045
7412.01,1.7636086,6201.0,425.523,0.06954588298648541
1131.01,0.5860366,5579.0,222.74,0.06954428921706331
3652.01,3.4796904,6841.0,928.908,0.06952502120068829
906.01,1.6647888,5954.53,133.752,0.06939205566120556
7741.01,3.5686332,6626.0,1321.52,0.06936442865954104
2898.01,3.6128161,7186.0,1441.09,0.06934481188547888
6875.01,3.5245689,6203.0,753.865,0.06929478638785722
394.01,0.39149,6216.1,142.401,0.06923858203059131
6712.01,1.8987896,6016.28,114.978,0.06921487405987105
6440.01,3.8190051,6379.0,546.411,0.06920015477828657
3338.01,1.4893582,6208.0,533.245,0.0691960242112853
6597.01,0.9097915,5822.0,571.796,0.06918857527617407
3668.01,0.7415247,5921.0,647.3,0.06918708502341216
6847.01,1.3939452,6140.0,702.363,0.06915911703448666
680.01,0.433569,5967.0,163.41,0.0689811372345547
7475.01,3.2527618,6389.29,120.042,0.06897883123706616
7643.01,4.0521479,7356.0,632.12,0.0689645755488725
4903.01,4.9142901,8065.0,854.029,0.0689576810812996
1546.01,1.13345,6223.0,210.101,0.06892835527942152
293.01,0.8054361,5905.0,336.367,0.06886745163291509
2220.01,1.3926549,5615.0,356.5,0.06884383541922329
6297.01,4.2771464,6707.0,773.628,0.06878649486735883
4441.01,4.3745757,7305.0,627.308,0.06867379566774581
5770.01,1.4529225,5986.6,512.769,0.06863639975087908
4639.01,3.990679,6153.0,205.737,0.06854155786644199
6579.01,3.4732477,7081.0,1207.19,0.06852872421351623
243.01,3.4373093,6046.0,709.175,0.0684982744909938
5264.01,4.4274169,6812.0,673.959,0.06849791484046815
5385.01,5.1665549,6238.0,483.675,0.06848790184121584
3160.01,3.9712794,6200.0,567.678,0.0684470207073014
5470.01,1.450491,6067.0,594.261,0.06840985128513419
7787.01,2.2189649,6103.0,582.644,0.068409544362387
2392.02,3.4072162,6187.3,325.608,0.0684019783450653
6854.01,2.7663479,6413.0,790.585,0.06837333778490624
6236.01,3.3045926,6102.0,403.61,0.06834344087346621
5177.01,2.2085904,6183.0,154.965,0.06834088866907191
7204.01,3.8080897,6343.0,425.046,0.06833444267735081
5330.01,4.6303272,6701.0,667.058,0.06829663542023282
6044.01,2.2538642,5957.0,161.482,0.06829457192426741
2762.01,3.9072351,6294.0,522.789,0.06827756615951976
3141.01,4.4338805,6695.0,678.463,0.06819603746211603
3551.01,3.1940809,6417.0,680.464,0.06817292108987814
2174.01,2.9601848,6069.0,262.427,0.06816382672642385
4948.01,0.4722347,5827.0,608.062,0.06810736534435737
4209.01,0.8631737,6142.0,764.305,0.0680513354336735
3718.01,4.230596,6455.1,767.821,0.06795219578586659
5063.01,3.613799,6955.0,881.246,0.06791506314465978
7808.01,5.0184758,6639.0,577.248,0.06790003761618815
3605.01,3.6554335,6321.0,526.417,0.06788444953376299
3632.01,3.2403602,6605.4,635.54,0.06786381783009333
5446.01,4.4977307,6544.0,872.619,0.06776707908675364
348.01,0.4947938,5879.0,607.923,0.06775477138419136
7672.01,1.0272009,6390.0,1074.91,0.06772696946546074
1032.01,5.6643704,10395.0,587.196,0.06762252381082186
4370.01,2.5610662,6161.0,211.98,0.06759221260011021
7075.01,2.8120379,6004.1,512.025,0.06752340965542045
1293.01,1.6849938,5923.0,239.983,0.06745905917226228
2906.01,3.7062792,6524.0,591.529,0.06737727280414257
3935.01,1.2257683,6205.8,1872.2,0.06729212661913057
2663.01,0.58228,6288.0,730.972,0.06727383097227756
1834.01,1.2164402,5610.0,265.941,0.06721502306878442
4159.01,0.8659846,5815.0,745.908,0.06715705467290489
2757.01,3.4813976,6704.0,792.979,0.067144034683275
6565.01,0.8778729,6210.0,457.078,0.06713155399401044
5902.01,4.8292589,7035.0,760.606,0.06712498300210108
5930.01,3.7984372,6289.0,486.583,0.06709689682940646
3116.01,1.6484941,6316.0,713.76,0.0670920800553744
3738.01,4.3847594,6806.6,715.956,0.06700985864379884
3055.01,1.3071566,5958.0,405.819,0.06698313220606905
6010.01,0.5868508,5842.0,274.738,0.06695133137432595
2887.01,4.9182798,7185.0,781.709,0.0668832054426269
6747.01,0.7025922,5875.0,476.693,0.06687773269259355
7823.01,2.0977256,5947.0,615.776,0.06687432666550164
7795.01,3.9948066,6483.351,472.688,0.06687012890973314
2890.01,3.1958886,6496.3,776.868,0.06684622088403737
3129.01,2.3348152,5949.1,321.683,0.06684482102569136
3447.01,3.6562554,5994.0,595.56,0.06682862621359272
6423.01,1.364829,6392.0,1370.47,0.06677947222635885
2996.01,2.3627442,5939.0,354.772,0.06674469557314165
5592.01,2.6085851,6331.0,597.026,0.0666587406296773
4897.01,4.3066915,6618.0,781.614,0.06664886537844214
3186.01,3.6130857,7520.0,1403.69,0.06653869880388835
3706.01,4.3701795,6647.1,740.11,0.06653531812726274
5754.01,3.6479472,5999.0,557.293,0.0664876304503649
2701.01,2.169466,5823.0,600.01,0.06647298818191881
5462.01,3.5533716,6280.9,285.501,0.06643831079075915
6347.01,3.9332583,6699.9,547.43,0.06640183127383038
7242.01,2.9383886,6059.0,675.638,0.06638476251428062
6729.02,3.8638303,6289.7,186.378,0.06637314398811195
2778.01,4.4445101,6288.0,386.737,0.06634417798969552
5356.01,3.1948695,6577.4,933.117,0.0663273646983191
2577.01,3.7494409,7899.0,786.59,0.06628991519041694
2313.01,1.8905304,5816.0,330.949,0.06628372347897417
2315.01,1.440707,5941.2,290.436,0.0662243095455442
2964.01,3.8331282,8408.0,644.948,0.06620716103533099
4541.01,1.1339769,5986.2,337.7234,0.06617156250280502
5380.01,3.7723119,6525.0,286.781,0.06609070471135536
498.01,0.2750478,6218.0,188.364,0.0660824096123832
7197.01,2.5122863,6156.0,754.266,0.06607154885770268
2352.01,1.6804461,5695.0,231.907,0.06604875538215331
5625.01,3.4645195,6351.0,260.349,0.06604725687025464
3476.01,4.3205081,7627.0,644.3,0.0659904116034753
2942.01,3.525723,6442.0,1025.86,0.06592550359267613
1598.01,1.1020719,6011.0,143.239,0.06589213703783771
7290.01,3.776966,6446.0,720.361,0.06589162941475658
2901.01,4.6086828,8097.0,808.284,0.06581924170345411
6370.01,2.9124991,6051.0,534.894,0.06581013485408549
422.01,0.6333372,5999.0,124.504,0.06574297761745598
3965.01,4.7253516,7220.0,870.816,0.06571106887514845
364.01,0.4941631,6219.7,265.729,0.06565487475396595
4199.01,4.4466179,6534.0,598.941,0.06565479542035067
3264.01,3.3133491,6690.0,867.089,0.06560398311495243
3092.01,4.4163989,6273.0,449.139,0.06557819531212086
7832.01,1.7389103,6061.34,524.17,0.0655760598232981
5492.01,2.9238483,6004.0,657.548,0.06557317159820605
5806.01,3.1856488,6602.0,119.199,0.06555017572071295
5342.01,0.5894678,5946.0,534.078,0.06553247799153433
7745.01,1.5427029,5904.0,370.614,0.06550576388285863
6969.02,4.5565614,6616.0,658.741,0.0655026057979412
5646.01,2.4277208,5999.3,429.221,0.06543983713626231
3464.01,3.6515704,6353.0,597.774,0.0653776456811818
6494.01,3.5327892,8706.0,1136.24,0.06534531709964603
3698.01,2.3467263,6121.8,741.97,0.06532679669857065
1719.01,2.7552586,6096.4,227.754,0.0652386872072491
7658.01,1.642501,6247.325,725.621,0.06523013971053614
7367.01,2.9814911,6168.0,363.454,0.06518805686755866
6268.01,2.8959153,6249.0,629.506,0.06507168627444916
3491.01,2.4038651,5961.0,377.32,0.06500705954727656
7451.01,3.9461778,9225.0,696.033,0.06500215338793992
4047.01,4.5029619,8103.0,817.383,0.06497701157426437
7609.01,3.1952201,6779.0,875.568,0.06497629138969724
7020.01,3.1642475,6975.0,661.226,0.06493497616679839
1205.01,2.3922703,6090.0,309.932,0.0648797188503063
3873.01,3.8951475,6071.0,749.176,0.0648680181406847
1717.01,4.052389,6578.0,188.086,0.06485051218095123
4365.01,3.3784364,6311.0,253.221,0.0648406221533573
4194.01,1.0432995,5943.0,505.742,0.06474658159318315
6180.01,2.7432173,6087.0,761.754,0.064741869169688
827.01,1.2282706,5848.0,336.988,0.06473909359814087
1124.01,3.5187707,6690.0,75.7145,0.06470554191291591
926.01,1.7957918,5658.4,216.207,0.06463488224385264
3680.01,1.7054246,6304.0,604.837,0.06453399662358393
2335.01,1.4492052,6004.9,439.747,0.0644633897100398
5376.01,2.9859596,6417.0,685.736,0.06446237935003903
2813.01,4.5654898,9162.0,854.236,0.06432041254829839
6761.01,4.3430254,6594.0,590.613,0.0641901432308335
1445.02,4.7842093,6240.0,215.246,0.06413293820061614
6093.01,1.2710408,6004.0,219.78,0.06406385153209498
3942.01,3.1082514,6413.0,691.327,0.0639965882159658
1079.01,3.1644075,6519.0,1179.27,0.0639911900815257
6240.01,1.1797412,6393.0,960.615,0.06397148890223808
6105.01,3.1122458,6176.8,266.809,0.06396170836768542
2347.01,1.1736318,6033.7,587.369,0.06391040281428562
7127.01,3.3683989,6902.0,833.536,0.06380704805100702
3928.01,2.2035349,6141.0,710.588,0.06379676485354326
4921.01,3.4975869,6987.0,677.488,0.06363439139394304
4436.01,1.7590566,6250.0,621.061,0.06355766940321686
7381.01,3.1653382,6463.47,951.289,0.0635564304962891
2038.01,3.7321195,6570.0,603.172,0.0635340226767679
6339.01,2.5938771,6110.0,304.522,0.06351153868867228
2840.01,1.532427,5957.0,609.523,0.0634459350013823
6198.01,3.6166109,8143.0,937.243,0.0634366612620658
6617.01,4.315664,6707.0,580.371,0.06341058470611395
459.01,4.4291257,6559.17,286.94,0.06340740449217062
7574.01,4.4802689,6231.0,268.296,0.06336317824107235
6903.01,4.9676784,6971.2,165.652,0.06330106990684235
2704.01,3.6364993,6552.0,718.493,0.06323199445844084
3202.01,1.5169786,5828.0,373.996,0.06319229071207602
5048.01,1.3583233,5604.0,610.636,0.06317929895450343
4844.01,4.5425274,7333.0,686.445,0.0630999363580559
4046.01,0.7583741,6209.0,328.581,0.06292051203949872
5957.01,3.2520192,6756.31,783.179,0.06292000483843373
6439.01,2.9896663,6689.6,840.511,0.06291914198047693
4970.01,4.8338813,6859.0,583.541,0.06271421100892571
3545.01,3.1872086,6578.0,567.193,0.06270307383647071
2961.01,4.6259138,7388.0,763.001,0.06268595942914118
5409.01,0.594385,6078.0,675.216,0.06263104889669323
3806.01,2.9859012,6709.5,806.325,0.06258490724496378
930.01,4.90038,6504.0,306.118,0.06255113898584223
7046.01,3.1084574,6024.0,528.702,0.06254083801294014
5973.01,3.1643744,6238.0,552.989,0.06250238973933434
4947.01,4.1400273,6639.0,607.38,0.06241778661382186
6455.01,0.8970559,5811.0,409.393,0.0623390806793061
6786.01,2.7142282,6063.0,764.325,0.06231780231549803
4730.01,4.0681112,7070.0,572.079,0.0623066597761737
7076.01,3.4747684,6572.0,807.901,0.06228094645958558
6151.01,1.4354814,6008.0,590.69,0.0621844487688791
7343.01,2.1011992,5959.8,531.536,0.06209951664239093
1968.01,3.97195,6535.3,357.686,0.06206831351278223
6166.01,1.8021196,6012.0,413.383,0.06203614214202511
6735.01,3.3357969,6517.0,768.537,0.061966393052704793
7096.01,3.3505745,6940.0,999.917,0.06191856826893217
5037.01,4.1245473,6433.0,605.313,0.06189977734509454
6808.01,3.0449187,6026.0,564.778,0.06189161787130586
6066.01,1.8330979,6335.0,157.64,0.06189091915655186
2578.01,3.4580018,6427.8,285.53,0.06181640144826107
7014.01,0.7406805,6204.8,537.401,0.06179552207608263
1872.01,2.2349708,6305.2,608.57,0.06172047331171196
686.01,3.5137609,6279.8,255.337,0.06170820861980379
7651.01,1.4790072,5892.2,209.489,0.061647970011811035
1455.01,3.6231364,6458.8,245.692,0.06159889885734495
3219.01,3.2969977,7108.0,1227.81,0.06149658020824183
3237.01,3.0271374,6678.0,1016.11,0.0614189926498638
7696.01,2.5824371,6104.0,299.419,0.06141723187947874
3054.01,2.8281656,6412.2,718.133,0.06132062767968649
2992.01,3.00782,5999.1,542.026,0.061295371835773826
3282.01,2.9478339,6296.0,470.939,0.06113900934086179
140.01,2.2813432,6174.0,337.105,0.06113230544621109
4393.01,2.2676081,5958.0,359.343,0.06104252150225633
1949.01,4.6211026,6531.7,200.156,0.06096881735613005
5871.01,1.343636,6339.0,581.579,0.06096360961158939
3371.01,3.5071842,7462.0,627.758,0.06091931639802742
4392.01,3.9693722,7030.0,307.139,0.06091202881866454
7786.01,1.0730268,5947.0,378.415,0.06089477841586171
3793.01,3.2551315,6433.0,930.864,0.06088978744212663
7803.01,2.9924309,5985.0,702.927,0.06082358446103798
6787.01,2.9588636,6405.0,644.937,0.060812702294089
7119.01,2.5933417,6258.1,563.413,0.060735124821509785
2590.01,0.7460577,6162.0,139.151,0.06071724225475249
6949.01,3.2232502,7164.1,1116.31,0.060698081742963025
3051.01,2.9489639,6506.0,851.976,0.060472220592185134
7536.01,3.3287841,6566.0,1262.38,0.06043717271334637
3735.01,3.3526843,6245.0,278.597,0.060359967313599945
1371.01,5.0095595,6527.0,302.295,0.06031945811734741
5326.01,3.133469,6312.9,455.36,0.06027970430008743
3617.01,3.2337884,6065.0,749.393,0.060268621115291736
6385.01,2.8895991,6451.9,1216.71,0.06026269823135417
4822.01,4.4712213,7586.0,736.403,0.06024274703210323
2513.01,2.5577037,6039.0,258.693,0.06021741770711113
6631.01,3.4714821,6604.0,690.045,0.060190428915636154
6623.01,3.1791661,6452.0,651.466,0.060161288028622195
5951.01,3.1728284,6689.0,160.708,0.06015970612448669
4920.01,2.5245706,6687.0,832.199,0.06011766405808603
4880.01,3.4717583,6549.0,717.786,0.06005168167716499
3564.01,4.0875563,6454.0,737.575,0.06002769781464556
6200.01,3.1923193,6003.0,554.658,0.05995891295346833
5466.01,2.8066134,6709.0,821.135,0.059914663049690925
7293.01,3.3202789,6443.0,833.205,0.05990053358481512
3041.01,2.9599541,6267.7,484.97,0.05987445880203308
5040.01,3.3808424,6445.0,1145.04,0.05986747946711238
2832.01,2.6889686,6685.0,838.737,0.059859728360454285
6314.01,3.1777383,7233.0,980.327,0.05984481357607805
4619.01,3.4732399,7406.97,1490.49,0.059672728103162376
2764.01,2.276734,6494.0,901.072,0.05963930250530169
4204.01,3.9592516,7068.0,346.758,0.0596008048196814
3406.01,2.623354,6437.0,889.866,0.0594256251379589
4953.01,2.9590176,6808.0,1022.81,0.05936828775869609
2460.01,0.515461,5994.0,279.5,0.05931313145962097
2588.01,3.587158,6495.7,413.058,0.05930616198893318
5522.01,1.3852161,6294.0,571.447,0.05926477219423326
3320.01,2.625748,6693.0,956.388,0.0592045193248423
2683.01,1.5292851,6295.5,573.731,0.059147628000868605
4079.01,1.9872259,6178.0,360.76,0.05911627648287309
7573.01,0.7014613,6022.0,592.738,0.05910829663358588
6990.01,1.5829358,6047.9,598.703,0.05904194364511772
6193.01,2.8953095,6526.0,932.053,0.05903526116616823
2465.01,3.759205,6808.4,219.093,0.0590341349696072
5237.01,2.9889845,6002.0,603.735,0.05903198059753868
2865.01,0.451685,6353.0,598.315,0.05902253302078874
6610.01,3.1651539,6396.0,407.645,0.058989795860438884
6512.01,2.5011016,6421.0,1515.49,0.05897777824872634
6733.01,3.2529571,6623.0,1196.73,0.05895292334391653
4777.01,2.9588764,6041.0,767.763,0.058886797516110256
6375.01,3.0679061,6632.0,913.0,0.05886255231291973
2160.01,2.2390502,6021.0,244.804,0.05881722500565062
5061.01,3.3645349,6443.0,792.868,0.05880513652141129
7023.01,2.3404152,6686.0,879.003,0.05871707020837914
2932.01,3.2569118,7320.0,1052.16,0.05869673382822223
4146.01,0.7011578,6036.0,464.611,0.05868514970521515
3882.01,2.071333,6004.0,509.299,0.05867280669079867
7577.01,3.1969894,6467.28,680.471,0.05866804641428127
5377.01,4.4626933,6803.0,214.278,0.05859478060838033
3777.01,2.3365744,6545.0,1028.89,0.05858629342665427
4750.01,3.2141617,7137.0,670.702,0.05849068332296184
7120.01,3.1739167,7099.0,1353.61,0.05844203676022187
5243.01,1.6087939,5995.0,764.006,0.05843976205033083
5012.01,4.18438,10708.0,729.115,0.05835016931954348
7210.01,2.2609143,6453.0,975.125,0.05834475989347147
3185.01,3.5601365,6762.0,554.954,0.05832812056502621
3502.01,3.4468018,7853.0,627.463,0.058315152979872595
4227.01,3.4169475,6610.0,857.708,0.058172127970730195
4254.01,1.1462769,6416.0,955.191,0.058123476812012236
3732.01,2.9594651,6633.2,1033.68,0.058121477495433845
2846.01,2.6792695,6718.0,1083.88,0.05806811626032769
4757.01,2.0804611,6434.0,1273.46,0.05803240768685156
3691.01,3.3411398,6702.0,607.498,0.057949435367242376
3791.01,3.1833919,6405.0,476.831,0.05790500668744059
5971.01,3.9914012,6528.05,427.467,0.0578957082550027
5220.01,2.0876485,6655.0,1094.99,0.05784499090955581
4810.01,2.4162514,6688.0,1221.9,0.05777438983405154
4289.01,2.9757428,6025.0,610.604,0.05776480293705836
2568.01,3.4843271,7250.0,751.206,0.057758384377705294
801.01,0.775701,6283.39,71.3672,0.05760583784022906
1866.01,2.1863095,6728.0,1152.5,0.05755837978169254
6680.01,4.3816966,6875.0,477.776,0.05752824247280938
1190.01,3.6950015,7106.7,280.948,0.05751991496770427
3413.01,4.7114264,8238.0,726.071,0.05748167095629853
7257.01,1.0495702,6222.0,436.619,0.057480096536526054
1870.01,2.7633917,6511.0,876.378,0.05747521740053597
1954.01,4.9064175,7119.5,232.276,0.05731731411927358
2920.01,3.2003149,6060.0,728.811,0.05731311203555244
7648.01,2.6399819,6475.0,1088.66,0.057264487250344026
5441.01,2.8633026,6642.2,1128.92,0.057247725502314724
7273.01,2.2473177,6037.8,419.676,0.05719305006907734
6429.01,2.4257176,6658.0,873.301,0.057181207416217995
6292.01,0.8236066,6202.0,522.859,0.05717627190241832
4340.01,2.6680587,6406.0,231.084,0.057162229347061194
5847.01,2.5641981,6014.0,351.781,0.05710119612510491
2055.01,4.6981739,6782.0,376.423,0.05702523481027463
5518.01,4.469996,6948.0,379.6726,0.05697695732638519
3438.01,1.6660179,5993.3,735.129,0.05696914445642205
2725.01,0.1846924,5958.8,341.371,0.05683397754833524
3069.01,3.8277062,6610.0,367.188,0.056766451943601845
1997.01,1.8359766,6311.5,254.439,0.05669397757337977
2945.01,3.2006677,7438.0,1152.65,0.056645842239263916
6497.01,2.1439841,6788.0,957.246,0.05656055536828331
4331.01,2.9034242,5992.0,346.327,0.05655050808748521
4837.01,4.4644761,7013.0,353.288,0.05654189529286105
6341.01,2.7182588,6433.0,980.978,0.05648911332274806
3751.01,2.9157041,6400.6,613.765,0.056466046600778634
6589.01,3.0589547,6821.0,1325.9,0.056389379987354854
3469.01,2.6566986,6823.0,885.345,0.05636335615776753
2776.01,3.4590552,7911.0,1444.65,0.056357798130901665
2882.01,2.0083269,6656.0,855.978,0.05631222506948099
3715.01,2.4713543,6351.8,348.661,0.05630205923626596
6155.01,1.6029811,6049.0,504.806,0.05627560242101419
7649.01,3.1455293,5994.0,635.178,0.05623162642997752
3072.01,2.9828061,6879.0,1213.37,0.056230005809063746
3287.01,2.7176413,6567.0,988.609,0.056161552849407104
4074.01,3.2175013,7932.0,885.18,0.0560592167855652
3720.01,4.7378265,6533.0,487.904,0.05595756872700028
7186.01,1.7024504,6026.0,756.615,0.05594873340032029
5348.01,3.089007,6622.0,631.337,0.05582969517722777
6784.01,3.1539313,6610.0,1181.26,0.055783260170207585
4713.01,2.9532479,7076.3,1028.39,0.05564114177613121
3098.01,4.7323433,6438.0,401.011,0.05563857720451829
6121.01,4.2916798,6725.0,441.015,0.055584908707067775
7337.01,4.2619292,6846.0,379.929,0.05558472977262812
2790.01,2.3341583,6901.0,832.581,0.055540890965172576
3803.01,2.5492773,6862.4,1039.33,0.05549886897538306
7566.01,2.9538158,7129.0,1132.73,0.05548629993398133
4177.01,3.6928289,7042.0,430.587,0.0554813020868925
901.01,3.2308423,7062.0,190.467,0.05546447861411153
7730.01,2.7875862,6627.0,1039.62,0.055462803528228515
3699.01,3.0423931,7046.0,770.947,0.05543451653363709
6575.01,3.3047459,6636.0,578.91,0.055373088986342814
3348.01,2.6156239,7002.0,820.182,0.05534259832883667
3351.01,4.311529,6777.0,388.82,0.05528963843715839
3293.01,2.589659,6650.0,1270.93,0.055286508173518614
5368.01,3.612762,7976.9,748.464,0.0552122538072483
7433.01,1.8179336,6725.0,845.779,0.055103121852999856
3955.01,3.1274951,6457.0,591.045,0.055084803903281826
4770.01,1.9491813,6472.0,799.474,0.05506812676600226
2995.01,1.6566182,6504.0,779.544,0.0549387137561157
3531.01,3.8099858,6674.0,360.072,0.0549104768127853
4960.01,4.0557174,6664.3,520.445,0.05489248225327577
7344.01,2.4364562,6844.0,1046.81,0.054852438143681716
6228.01,3.3338016,7894.0,960.874,0.054788138107746846
6326.01,2.3556749,6708.0,796.313,0.054753477372262306
6300.01,2.8976822,7006.0,947.643,0.05467627716537685
6424.01,2.0396825,6559.0,873.87,0.05467172166671173
6619.01,1.6930171,6010.0,755.87,0.05465962707550642
5411.01,3.0604071,6623.0,1030.07,0.05464240805310437
3404.01,2.5087868,6255.0,513.6,0.05464041630643746
1115.01,4.45199,6708.3,359.215,0.05460393525177738
5091.01,3.6413702,6832.0,500.511,0.0545863182186294
4273.01,2.9346956,6728.0,1370.72,0.05454716911950342
890.01,3.2022978,6600.0,474.565,0.05452501690025161
6767.01,2.3519086,6026.0,737.776,0.054475540819107146
188.01,1.1619531,6340.3,210.812,0.05444475605285733
3736.01,2.2091186,6876.0,1280.39,0.054419960846671465
4882.01,4.4360402,6633.0,408.748,0.0543751004443681
5536.01,3.1479748,6555.0,463.124,0.054356140528337545
5399.01,4.0625969,6629.0,320.903,0.05429041500791528
3017.01,3.052529,6802.0,718.959,0.05428054796834428
6782.01,1.7278017,6460.0,900.072,0.05426124467599768
577.01,3.329754,7341.0,680.747,0.054234288708536124
2926.01,2.4249041,6632.0,1301.83,0.054061885112701186
7834.01,3.9818576,7150.0,400.833,0.054044093110497494
4867.01,2.835273,6996.0,948.787,0.053963358906134316
2875.01,3.4142143,8573.0,1833.11,0.05387455360198304
2512.01,2.3933087,6393.0,199.337,0.05386160267837987
7045.01,2.2775983,6320.0,201.532,0.05383313592664605
2597.01,3.6039259,7080.0,457.178,0.053824013923903624
2998.01,1.5297119,6683.0,1019.27,0.05373411982983817
2346.01,3.3311975,6605.0,437.484,0.0537083752966495
2843.01,1.8882882,6436.0,960.345,0.05367188856412999
4601.01,2.7875233,6408.3,225.749,0.05362360705626822
5204.01,1.593603,6589.0,821.754,0.053592659528163146
4981.01,0.2097217,6046.0,505.695,0.05346963062984092
7599.01,2.3428516,6941.0,999.042,0.05346000766776971
1081.01,2.9840866,6027.0,354.05,0.053370714117186135
4231.01,3.2970252,8945.0,1175.96,0.053350503932638745
4211.01,2.2715616,6671.3,1523.53,0.05330524346817513
7425.01,1.2815706,6327.0,516.534,0.053243498879715814
5463.01,1.100804,6810.0,1049.51,0.053170655893707154
5109.01,3.2104815,9124.0,1165.13,0.05316492491091095
7404.01,1.463442,6456.6,1074.28,0.05309026881132664
4890.01,3.0471275,6823.0,575.512,0.05306940247032486
4104.01,2.3757662,6676.0,1367.43,0.05306760734879763
4597.01,4.6663795,7712.0,125.189,0.05297192376773868
7779.01,2.8987252,6313.0,341.243,0.05296138054132543
7419.01,1.3777496,6461.0,1163.61,0.052946966139080474
4239.01,2.8123314,6614.0,1126.25,0.05289256801874491
3123.01,1.8703411,6368.0,450.78,0.05287159149319743
4174.01,1.5569519,6464.0,1043.59,0.052810212305041265
6332.01,1.6630135,6690.3,1274.18,0.0527943523341653
4218.01,2.6269521,6976.0,1016.95,0.05275930273934506
7334.01,1.7085226,6059.5,754.491,0.0527390667037943
4969.01,3.0773658,7277.0,1019.68,0.052665105321802345
4234.01,0.908232,6481.0,1003.03,0.052507383076174446
2149.01,0.5842495,6020.0,222.25,0.052506109604841866
6744.01,0.8674623,6470.0,1172.04,0.052481400197473535
3443.01,1.0078907,6808.0,1025.24,0.05235862269380268
2957.01,1.5314941,6650.0,888.14,0.05234819034420504
7158.01,3.338577,7482.0,1622.57,0.05232158027643112
7072.01,0.8118915,6019.0,235.22,0.05231600285174109
3587.01,4.1584817,7486.0,497.23,0.05227948246033889
496.01,2.767691,6717.03,791.384,0.05227763156756938
3192.01,2.2350331,7057.0,860.344,0.0522597464349131
4267.01,1.2125595,6719.0,963.819,0.0522201844021909
3167.01,3.0959309,6918.0,688.505,0.05221693813156466
6195.01,3.1989808,6442.9,330.476,0.05220402715348883
2262.01,1.4937342,6328.0,250.998,0.05215574154011989
1187.01,2.5941968,6389.0,221.071,0.052106842000794726
3242.01,3.0001627,6695.0,676.235,0.05206054913406535
4917.01,4.7738904,6681.0,364.963,0.05199417909984331
6233.01,3.7069545,6643.0,377.069,0.051979355482682205
3009.01,3.365343,9582.0,1705.62,0.05195812270727316
4007.01,4.5432349,7998.0,511.571,0.051856891904340216
630.01,4.9091704,7210.5,309.705,0.0518532194432304
7160.01,3.0825102,6001.8,746.634,0.051746520081863936
7583.01,0.7180306,6143.0,373.268,0.051609039316704755
5157.01,2.5194039,6380.0,476.884,0.05159412951855399
6103.01,3.2422424,7069.0,295.408,0.05148929438426393
2836.01,3.2379325,6434.3,388.876,0.05144702088633645
6941.01,2.9371797,6610.0,1353.76,0.05144158313241818
7807.01,3.0780547,7387.0,954.087,0.05124855261221785
3765.01,3.1479532,7298.0,620.461,0.051197053227450794
1559.01,3.4648951,8455.3,685.251,0.05108067779241919
3057.01,0.58007,6875.0,1034.65,0.05107858377432967
7130.01,1.2433877,6488.0,697.962,0.05105416899416343
4962.01,2.074205,6987.0,1175.45,0.051026909467362866
6881.01,1.9769396,6440.5,775.775,0.05095187639580928
2201.01,1.3477642,6252.0,252.501,0.05081868826554915
2538.01,2.9103781,7340.8,906.746,0.050786979261569734
5284.01,2.0327015,6555.0,1430.26,0.050774413816785074
5026.01,3.2813635,6622.0,462.227,0.05072315892158465
3768.01,2.1803154,7166.0,1309.84,0.05067282675606199
1139.01,4.4780798,7947.0,238.726,0.05059559448459528
2702.01,1.9422802,6950.0,1115.16,0.05059179457154711
2324.01,1.0371672,6413.0,165.158,0.05053574112396041
3788.01,3.0923729,6510.2,516.643,0.05053475266305388
3163.01,3.0749168,6782.0,572.474,0.05052787140923474
6763.01,2.4519381,7085.0,1285.43,0.05049932279296548
3068.01,1.5959199,6809.2,1180.26,0.05049746675622036
180.01,0.8353899,6082.0,264.72,0.05047893193380824
5603.01,0.5736183,6711.9,795.259,0.050407277386494906
7725.01,0.9621292,6024.0,320.53,0.05038446520498135
4899.01,2.3908076,7228.0,951.545,0.05022026918000147
4968.01,2.2355936,6731.0,781.768,0.050198000717013434
3523.01,2.304583,6562.0,645.294,0.050125808066786036
2960.01,2.0916623,6600.0,1421.21,0.05010565710548508
1197.01,4.5960377,7649.0,405.634,0.05002710587717889
3132.01,2.2664085,6107.0,715.396,0.05002352929409312
3020.01,3.0327366,7124.0,1498.36,0.04989483287762189
1784.01,2.0937563,6435.69,171.945,0.04984816388989124
7442.01,2.6358758,6639.0,1449.97,0.04983509473891424
3633.01,2.5266409,7233.0,1246.16,0.0497674153664259
2927.01,1.3868302,7019.0,890.006,0.04972052053300479
7150.01,0.8818115,6571.0,1276.55,0.0496573777351544
1588.01,3.581083,9503.0,742.441,0.04964533679382588
7568.01,1.4893903,6940.0,1068.49,0.04957057260575841
4497.01,3.6001959,7172.0,395.542,0.04947992155138887
7565.01,2.6241681,6392.0,444.631,0.04927143523669367
1995.01,3.1056464,7804.8,873.401,0.04917040981682707
3161.01,1.4010338,7014.0,937.758,0.0490991537944339
6799.01,0.664786,6333.0,472.318,0.04898627845320116
3115.01,2.7961137,6455.0,550.038,0.04892704720983585
5383.01,2.8114961,6768.0,102.134,0.04886839451768114
4422.01,4.90826,7995.0,359.619,0.04879181022521318
5366.01,1.5328484,6943.0,866.009,0.048785964573060205
3952.01,2.9897732,6786.0,591.367,0.04877866959592082
5443.01,1.6757659,6960.9,885.894,0.048774163821891536
3195.01,0.6676722,6842.0,1216.73,0.048744560746980914
3162.01,1.5755252,6560.0,677.547,0.04854362647320484
5406.01,0.8045139,7110.0,1125.7,0.048522102908687526
5216.01,1.8951273,6818.0,1526.91,0.048457855872808375
6316.01,3.0057526,7581.0,943.154,0.0484282246608869
1327.01,3.9392211,8715.0,457.792,0.04834557089191218
4775.01,2.4732088,6643.0,635.261,0.04831149198941916
5585.01,1.8434549,6457.2,771.853,0.048288802098787824
3056.01,1.8092906,6905.0,1181.19,0.04816770792311449
1414.01,3.0197807,7128.0,460.951,0.048082612164798186
7227.01,2.3593338,6613.0,648.745,0.04807616521180971
6472.01,2.6808268,7349.0,1056.18,0.0480170043363887
4226.01,2.9628955,7998.0,867.497,0.0478994991499522
3421.01,2.8389301,7132.0,1787.36,0.047859596251178874
3878.01,0.8377576,6322.5,482.566,0.04782724052210197
3070.01,0.6587178,6520.0,1689.05,0.047823924646600534
4924.01,3.1467665,8232.0,1196.03,0.047815321635052636
3052.01,2.3097953,7300.0,1049.05,0.04781022196482894
3284.01,0.8102219,6329.0,511.737,0.04779351511696226
5428.01,3.0343155,8415.0,1066.66,0.047788288714509
4215.01,1.0994412,6915.0,1183.53,0.047773595939386376
5251.01,2.3205922,6756.0,668.834,0.0477411024298469
7678.01,1.6571231,6681.0,1557.17,0.04773063011940766
326.01,0.247325,6316.0,462.239,0.047609055981264435
787.01,2.1263165,6623.0,180.291,0.047445655014430974
2741.01,2.9884191,6636.0,518.63,0.04740865999136652
3763.01,2.0042661,7284.0,855.352,0.047401416815828094
6409.01,1.5304279,6476.0,734.456,0.04739811509915012
6754.01,1.9943104,7247.0,1166.96,0.047341628892650804
5457.01,1.2452975,6580.3,595.667,0.04731411856352316
2914.01,3.0515894,7902.0,1245.8,0.047190228460161555
2653.01,0.9270535,6317.3,488.621,0.04717487341484901
5415.01,2.9858191,7497.0,1213.74,0.04708844954076466
6395.01,2.8140328,7487.8,896.944,0.04707732803610042
3233.01,0.9787891,6959.0,1251.25,0.0470077986380912
3821.01,2.5972551,7054.0,1555.25,0.04695589571783224
3349.01,2.0272642,6505.5,574.167,0.04691474828101961
3616.01,2.4188647,7316.0,1284.85,0.04688813717804674
445.01,0.7649571,6307.9,176.617,0.04686907173832025
3559.01,2.5402287,9339.0,813.322,0.04677529354155756
990.01,4.587386,8388.0,465.99,0.046745829123340465
5412.01,0.3828485,6419.6,403.133,0.046729842523516085
3475.01,2.7812908,7560.0,904.833,0.04666730040263444
3370.01,2.3506831,6589.0,549.076,0.04660256014313431
572.01,2.3382709,6621.0,660.815,0.046560832804458566
2355.01,1.2709769,6296.0,418.251,0.04649900492077896
5868.01,2.677573,6875.8,756.82,0.04639830104440557
7771.01,0.5853027,6411.0,469.405,0.046368837028731826
3345.01,2.1917701,7222.0,1356.21,0.046302097293858424
7317.01,2.9712014,7713.0,798.82,0.0462873720609853
4818.01,2.6006996,6673.0,722.454,0.046158687480926545
4220.01,1.9138779,7246.0,1289.89,0.046108382397167566
4945.01,1.6500255,6449.0,650.297,0.04608750144303685
3926.01,2.7873223,6466.0,495.95,0.04598383708749092
4283.01,3.0131053,6838.0,417.879,0.04596770531359723
5050.01,2.3064574,6692.0,693.064,0.045829831812416934
6060.01,3.3906311,7373.8,384.79,0.04560383107230546
3374.01,2.6543295,7517.0,1040.31,0.045476913535017136
2928.01,2.8457134,6910.0,754.398,0.045342507895743955
3045.01,2.3304358,7763.0,835.785,0.045191296459988095
4795.01,2.7431176,7143.0,1429.87,0.04514083876815396
355.01,1.0372587,6049.0,313.032,0.0451292770494283
1322.01,3.37644,8639.7,713.725,0.04509920683773523
3651.01,1.5244603,6714.1,626.174,0.04500960851918103
5029.01,3.8861815,8615.0,383.371,0.044989477227762455
4176.01,3.2089372,7423.0,397.15,0.04497751578628306
5180.01,2.7779767,6976.0,705.408,0.044751895434371324
5352.01,2.0389145,6396.0,508.519,0.044648434388083295
7509.01,0.7105047,6052.7,225.852,0.04459681248217204
2527.01,2.3018922,6919.0,743.085,0.04443170680622002
3047.01,2.7020875,7798.0,1270.07,0.044412864323925466
4395.01,3.7590079,9505.0,483.206,0.04437458394771568
6517.01,2.6185048,6478.0,461.438,0.04433872340709575
1620.01,1.5982014,6594.0,207.505,0.04431504057863866
4707.01,0.4709937,6719.0,688.203,0.04426350122387447
5191.01,3.0278609,8032.0,757.613,0.04423708327710964
6456.01,2.2685932,6763.0,530.397,0.044206934614242695
1865.01,1.2239134,6618.5,757.572,0.04416322260641924
1970.01,2.5599667,6432.2,421.946,0.04406067840094524
3037.01,2.1357662,7428.0,1110.66,0.04400345048750707
2592.01,3.4559382,9290.0,592.714,0.043981015213765344
6359.01,2.4398136,8184.6,1055.41,0.04397480635060285
3560.01,1.9804293,6381.0,297.852,0.04395745215784818
2765.01,1.0191022,6865.0,710.345,0.0439383886516123
6976.01,1.7346044,6850.0,252.27,0.043931599346969746
7760.01,2.700189,8858.0,1208.75,0.04382742291159412
7434.01,2.4228387,8409.0,1128.72,0.043797973860127314
3444.01,2.7188122,6531.0,481.703,0.04379168735397
2430.01,1.10071,6409.0,297.858,0.043781621601696574
5025.01,2.8846592,8219.0,803.602,0.04377090711525808
3208.01,2.3577049,7822.0,964.011,0.043763055127112524
2594.01,2.682814,8528.0,1295.5,0.043664199898509386
6765.01,2.7967251,7566.0,1324.29,0.04355778757056638
3210.01,2.2364485,6905.0,709.721,0.04348083645040379
5425.01,0.4553752,6439.0,554.08,0.043224696735250714
4212.01,2.3485025,8807.8,1051.92,0.04316621633371175
2390.01,2.1192866,7022.0,659.201,0.04294240130235133
3091.01,2.7499877,10146.0,1082.78,0.04291753765278897
2636.01,3.1054901,7176.0,502.342,0.04291158285936965
3993.01,2.2237067,6424.0,457.461,0.04290267421566206
3571.01,3.007925,7457.0,654.254,0.04288315291387306
2745.01,1.7932884,7122.0,744.184,0.042799226677716434
7245.01,1.6877647,6599.0,535.016,0.04278823004470546
4949.01,1.7819156,6955.0,718.588,0.04270124173208663
3170.01,1.8923031,6898.3,694.986,0.042675042837820934
3644.01,1.831733,7308.0,1204.71,0.042581855677446455
5186.01,2.503254,8076.0,804.742,0.04254505695054608
6533.01,2.8656356,8849.0,1350.5,0.04243203048056749
6751.01,2.9419791,7277.0,722.785,0.04242785351591924
3602.01,2.3874731,6566.0,432.426,0.04224595055795042
4121.01,2.8622679,7167.0,605.874,0.04219324226951264
3553.01,1.9410635,6497.2,398.925,0.042179217007455284
1675.01,3.133084,7478.0,399.401,0.042026580463128994
6814.01,0.7941828,6397.0,467.456,0.041872326386442754
4769.01,2.8636452,8675.5,1662.71,0.04183794987680758
1204.01,1.3812115,6711.0,106.505,0.041831232154200315
3380.01,2.0086823,8516.0,1062.66,0.04173856804724913
6259.01,3.2376482,10023.0,606.267,0.04156802170540318
196.01,1.1630372,6495.0,292.32,0.04146500543499442
2218.01,0.3456911,6282.0,330.15,0.04133686977434172
187.01,0.5125807,6725.0,184.529,0.041326890802146715
3416.01,2.3626917,8360.0,1184.46,0.04118933349130014
1966.01,0.6227257,6390.7,254.169,0.041153566133295856
1362.01,1.9173816,8129.0,975.533,0.041089056221204345
7553.01,2.4971198,7903.0,2058.48,0.041049033566525235
2036.01,1.261045,6549.0,231.827,0.040986785677980295
1095.01,1.4821386,7066.0,582.521,0.04096015081640995
3190.01,2.669856,7833.0,1679.95,0.040840121340888394
1831.01,0.5553244,6864.0,128.273,0.040785138112857985
7467.01,2.8766717,6610.89,308.519,0.04070358379109842
3570.01,2.1083693,10984.0,991.273,0.040692426453579886
3206.01,1.9405161,8213.0,1095.74,0.04068577311669026
7341.01,0.4925418,6927.0,239.263,0.040685104174273345
6112.01,1.8859353,6556.9,471.571,0.040675663442335884
1009.01,1.9600277,8868.7,866.147,0.04063053019811573
3384.01,1.8592079,7257.0,1520.39,0.040494770765065226
2826.01,1.9275568,9168.0,936.741,0.04046104908765973
5837.01,2.9665122,7564.0,614.974,0.040309511435465996
7521.01,0.8618404,6713.0,539.819,0.040134551318857514
3231.01,2.1738256,7588.0,1206.09,0.04009744910836624
476.01,3.0629783,7691.0,244.897,0.040032453303300054
5826.01,2.8140207,7456.0,774.122,0.04000744969448429
7209.01,2.6343177,7495.0,1488.49,0.03998433509183958
2606.01,1.4509175,6472.0,442.105,0.03992491073953157
6272.01,2.5141406,6880.0,476.194,0.03986771672444133
7175.01,2.9944941,7465.0,465.072,0.03978907964756043
2841.01,2.1663502,9394.0,1246.64,0.03978393498645139
2500.01,2.955314,7837.0,702.71,0.039759527832706504
7285.01,2.1384533,6708.0,426.584,0.03975652512730188
3719.01,1.2222265,6629.1,583.038,0.03972478879859173
605.01,3.3840629,8265.0,508.905,0.039683939468071194
2831.01,2.6926692,9669.0,1402.73,0.03960431269111495
6274.01,1.1109316,6498.6,502.979,0.039561528872272045
4252.01,2.6085023,7302.0,631.32,0.039538167435042675
3589.01,3.0827487,7658.5,574.124,0.03938457913063275
3386.01,0.8855539,6446.0,511.818,0.039358674320441295
7102.01,1.1838059,7433.0,1086.14,0.03927699965901978
1882.01,3.0898836,8828.7,708.598,0.039274900078068796
4773.01,1.7454828,6674.0,492.888,0.03918452580072
4904.01,2.4118274,8765.0,1470.83,0.03915309735675234
2509.01,1.5339665,6694.0,446.952,0.0390942616724717
2593.01,1.4711386,6514.0,436.802,0.039040336886348344
2051.01,1.1633325,11265.0,809.88,0.038968552733402356
6539.01,2.3645949,7743.0,1724.86,0.038729965168562155
4874.01,2.2866856,8277.0,1605.92,0.03851860643078752
3933.01,1.97549,8523.0,1898.68,0.03828729679051697
3762.01,0.6843601,6779.0,476.182,0.03810541143142305
5577.01,0.358558,6813.5,508.394,0.03808319291771109
1163.01,3.0771612,9311.3,148.342,0.038032678870122176
2869.01,1.7198076,8531.0,2887.19,0.03794541755734461
989.01,3.121181,7814.0,476.811,0.0378605651003704
3151.01,1.7257597,7235.0,677.678,0.037848299739545184
4376.01,1.6089592,7029.0,454.074,0.03764525824115315
7514.01,1.8460559,8155.0,1317.6,0.037586073895587886
1219.01,1.9142544,6734.0,301.291,0.03756530006825999
945.01,0.9298045,7019.0,516.104,0.03744287165687357
621.01,3.1123343,7850.0,184.125,0.037413796065663425
7228.01,2.9324083,7696.0,653.857,0.03739398614202353
3823.01,0.6848358,6385.1,353.355,0.03737636679540737
7157.01,1.1838063,8996.0,1075.54,0.037349521461099496
2925.01,1.5720089,7164.0,504.705,0.037277524041764806
3747.01,1.5503072,7747.0,937.29,0.0372489027727512
649.01,0.9370901,6779.0,430.622,0.03718345708730674
4928.01,2.7792649,7544.0,686.164,0.03705587692673154
2348.01,1.2043785,6595.0,487.854,0.03704554096942617
3065.01,1.6995805,9626.0,1000.8,0.037001531266872084
952.01,1.79011,7110.0,459.161,0.03695015398423951
1551.01,1.67546,6745.5,313.229,0.03689539243422828
6215.01,2.0323202,8011.0,1459.35,0.036892578124137605
6360.01,1.9765848,6799.0,346.061,0.03680970863773944
855.01,1.8301156,6671.0,294.418,0.03676320943021601
5484.01,1.1282471,6655.8,463.462,0.03675224712034426
5845.01,1.9081122,8944.0,1465.57,0.03674448829175563
4952.01,0.6534841,7540.0,880.962,0.03667839707544167
1361.01,2.237462,7050.0,339.994,0.03663946589666398
2508.01,1.6951056,6796.0,306.597,0.03659202011105517
7750.01,1.3404613,6734.0,465.18,0.036500774328847366
5118.01,1.5749553,6635.0,280.37,0.03647799740613427
5038.01,0.9990876,9391.0,1087.44,0.03634301706676913
5790.01,2.1981511,6898.0,337.653,0.036170861569531094
1001.01,1.9316462,7070.0,295.862,0.03604114594983197
5270.01,1.0513177,7529.0,1229.65,0.035987418400197466
6063.01,2.1142179,10207.0,1476.12,0.03596481920730175
1286.01,0.6166953,6588.0,278.771,0.035947173160879906
5106.01,2.4361097,7182.5,450.49,0.03569675825067692
3530.01,1.3570332,12679.0,897.453,0.03561382645950296
3683.01,1.3697115,7321.3,685.249,0.03560231956750963
2955.01,0.5542332,7366.0,1516.96,0.03546913398311623
2473.01,1.2311781,6589.1,284.183,0.035425888687824356
6913.01,0.5843146,6870.8,278.382,0.03536675717648867
2668.01,1.1159326,6859.0,314.451,0.035271043000684454
2857.01,0.6216031,8038.0,802.97,0.035185926084039844
5435.01,1.2699324,9649.0,1052.12,0.035110964471793994
5060.01,1.2695326,9561.0,941.579,0.03510276911243433
3800.01,1.6667559,7189.4,598.894,0.03481566144934514
6202.01,2.8979408,7767.0,569.89,0.03480362955410343
5269.01,2.7340756,8524.0,656.146,0.03461524779974751
7092.01,1.102219,7469.0,1631.82,0.03459324916735417
4546.01,0.745637,6984.0,329.537,0.03459215130101314
7616.01,1.9622504,10002.0,1477.01,0.03459008042247414
1616.01,1.3433022,6713.0,304.408,0.03453596927006446
5387.01,2.8037514,7531.0,140.907,0.034475019724729196
6474.01,1.6069363,8753.0,1373.8,0.03427167997636443
3152.01,0.7815064,7691.0,1195.67,0.03426993384519086
612.01,0.9136081,7126.0,292.623,0.033943986835063146
7697.01,2.5354573,7373.0,351.027,0.03390586156243582
3640.01,1.2205315,8273.0,2005.29,0.03375779392465897
6915.01,2.4915545,8013.0,528.441,0.03372598169880153
4872.01,1.7125104,7938.0,1670.56,0.033675392119622095
7093.01,2.8371938,7980.0,566.041,0.03342154808882708
5408.01,0.9598377,7575.0,2162.6,0.03321032363576659
6162.01,1.8478843,7218.8,499.081,0.0331795358236728
7098.01,1.3821651,7662.0,1601.2,0.03312051687135644
5533.01,1.6098954,7173.0,516.56,0.033060013816406046
2001.01,2.7435213,7896.3,500.027,0.03304575330681215
4609.01,2.6921752,7461.4,349.025,0.03290867542455663
991.01,2.4843225,9855.0,616.305,0.0327683913585758
2854.01,0.9008643,9267.0,1961.51,0.03274513574457399
4274.01,0.4459299,8878.0,1321.29,0.032333657559913756
1981.01,2.4763492,8749.3,540.252,0.03227792197725737
7016.01,1.598803,9488.0,796.293,0.032224195495760305
1114.01,2.4887726,8048.0,174.475,0.03183135805319041
1149.01,2.3202418,8737.5,632.553,0.03111187653788212
1857.01,0.7759895,7218.0,317.527,0.030984462451480805
4608.01,2.3494903,7418.5,550.363,0.03069854456091119
7053.01,2.8637988,9416.0,404.16,0.03043496617491648
7447.01,1.5016329,7284.0,431.132,0.030122031578315552
6937.01,1.3809769,7445.4,608.736,0.02943445460419756
3550.01,1.1239202,7786.1,632.507,0.029271153064101985
2541.01,1.4118418,7839.6,737.809,0.029231436635346185
2165.01,0.9499997,7421.0,557.364,0.028927733457599424
7561.01,1.9989903,7457.0,458.662,0.028643731844976216
3003.01,1.6224281,7517.0,703.242,0.028180673038503752
1091.01,1.725841,7348.0,321.671,0.028136915344427974
6097.01,1.1256838,7433.0,452.889,0.02714089565581185
1641.01,1.8646725,9898.0,769.138,0.027024903249672085
4550.01,1.8868756,7751.0,554.449,0.026100894585841555
520.01,0.523613,7450.0,222.315,0.02591432013380447
642.01,2.2786049,8550.0,472.224,0.025874886782091284
608.01,1.1908287,7471.9,500.647,0.025752593476585362
1564.01,0.5596691,8368.0,574.869,0.025015351202330637
6260.01,2.3898191,7707.0,113.102,0.02491758805482428
7034.01,0.9082202,8482.0,573.293,0.02476989713371141
6009.01,1.5500607,8552.3,597.281,0.024666787434857243
6053.01,2.2118281,7690.0,359.465,0.024099527276835193
1560.01,0.2580006,9035.0,560.222,0.023865959825456504
4386.01,2.0134389,8127.0,351.087,0.023835937108703478
5066.01,1.3454079,7509.4,402.304,0.02364066988825052
6025.01,1.0222806,8448.0,486.144,0.023566816053979745
1094.01,0.5971314,7710.0,426.003,0.023477529961529683
5132.01,1.5985577,7947.0,493.91,0.023204189425374434
993.01,1.4635019,8035.0,366.482,0.02307802056705199
651.01,1.0697877,8576.7,74.834,0.02307176848623654
4501.01,2.0348789,8279.0,334.551,0.02297877088797108
1355.01,2.1702725,9218.0,248.148,0.022628187663001408
2434.01,1.3808138,9431.0,594.987,0.02262560466873588
1125.01,0.7724825,8271.0,237.593,0.022582426309769147
1364.01,1.7753644,9598.0,595.288,0.022522015296130137
4620.01,1.3887494,7825.0,272.645,0.022335518131292434
7089.01,1.5852089,11678.0,599.169,0.02218270004078203
7630.01,1.8307981,9390.0,447.292,0.02196556378214271
7050.01,1.4182984,9267.0,476.345,0.021879613101541656
1012.01,0.884182,8928.0,295.959,0.02183168856074183
4180.01,1.5954319,7511.0,166.873,0.021679948449954724
6262.01,1.4945947,9532.0,441.135,0.020705569111485862
580.01,1.5498373,11159.0,346.494,0.019195905423854753
